idx,n_gt,n_pred,count_error,iou_sem,dice_sem,mAP,tp_50,fp_50,fn_50,ap_50,tp_55,fp_55,fn_55,ap_55,tp_60,fp_60,fn_60,ap_60,tp_65,fp_65,fn_65,ap_65,tp_70,fp_70,fn_70,ap_70,tp_75,fp_75,fn_75,ap_75,tp_80,fp_80,fn_80,ap_80,tp_85,fp_85,fn_85,ap_85,tp_90,fp_90,fn_90,ap_90,tp_95,fp_95,fn_95,ap_95
0,11,12,1,0.776834,0.874402,0.582609,11,1,0,0.956522,11,1,0,0.956522,11,1,0,0.956522,11,1,0,0.956522,10,2,1,0.869565,8,4,3,0.695652,5,7,6,0.434783,0,12,11,0.0,0,12,11,0.0,0,12,11,0.0
1,9,9,0,0.761157,0.864383,0.533333,9,0,0,1.0,8,1,1,0.888889,8,1,1,0.888889,8,1,1,0.888889,8,1,1,0.888889,5,4,4,0.555556,2,7,7,0.222222,0,9,9,0.0,0,9,9,0.0,0,9,9,0.0
2,52,27,25,0.701726,0.824722,0.131646,12,15,40,0.303797,12,15,40,0.303797,8,19,44,0.202532,5,22,47,0.126582,4,23,48,0.101266,3,24,49,0.075949,3,24,49,0.075949,3,24,49,0.075949,2,25,50,0.050633,0,27,52,0.0
3,9,9,0,0.808459,0.894086,0.677778,9,0,0,1.0,9,0,0,1.0,9,0,0,1.0,9,0,0,1.0,9,0,0,1.0,8,1,1,0.888889,4,5,5,0.444444,3,6,6,0.333333,1,8,8,0.111111,0,9,9,0.0
4,65,53,12,0.706897,0.828283,0.369492,44,9,21,0.745763,44,9,21,0.745763,41,12,24,0.694915,31,22,34,0.525424,24,29,41,0.40678,15,38,50,0.254237,13,40,52,0.220339,6,47,59,0.101695,0,53,65,0.0,0,53,65,0.0
5,18,13,5,0.885094,0.939045,0.554839,12,1,6,0.774194,12,1,6,0.774194,11,2,7,0.709677,10,3,8,0.645161,10,3,8,0.645161,10,3,8,0.645161,8,5,10,0.516129,8,5,10,0.516129,4,9,14,0.258065,1,12,17,0.064516
6,58,49,9,0.84188,0.914153,0.564486,41,8,17,0.766355,39,10,19,0.728972,39,10,19,0.728972,37,12,21,0.691589,36,13,22,0.672897,36,13,22,0.672897,36,13,22,0.672897,25,24,33,0.46729,12,37,46,0.224299,1,48,57,0.018692
7,11,10,1,0.740187,0.850698,0.457143,8,2,3,0.761905,7,3,4,0.666667,7,3,4,0.666667,7,3,4,0.666667,7,3,4,0.666667,6,4,5,0.571429,3,7,8,0.285714,2,8,9,0.190476,1,9,10,0.095238,0,10,11,0.0
8,12,8,4,0.73087,0.844512,0.27,5,3,7,0.5,5,3,7,0.5,5,3,7,0.5,5,3,7,0.5,3,5,9,0.3,3,5,9,0.3,1,7,11,0.1,0,8,12,0.0,0,8,12,0.0,0,8,12,0.0
9,19,19,0,0.740161,0.850681,0.363158,13,6,6,0.684211,13,6,6,0.684211,13,6,6,0.684211,11,8,8,0.578947,10,9,9,0.526316,7,12,12,0.368421,1,18,18,0.052632,1,18,18,0.052632,0,19,19,0.0,0,19,19,0.0
10,43,39,4,0.740796,0.8511,0.473171,36,3,7,0.878049,34,5,9,0.829268,33,6,10,0.804878,32,7,11,0.780488,28,11,15,0.682927,17,22,26,0.414634,9,30,34,0.219512,3,36,40,0.073171,1,38,42,0.02439,1,38,42,0.02439
11,7,5,2,0.841684,0.914037,0.683333,5,0,2,0.833333,5,0,2,0.833333,5,0,2,0.833333,5,0,2,0.833333,5,0,2,0.833333,5,0,2,0.833333,5,0,2,0.833333,4,1,3,0.666667,2,3,5,0.333333,0,5,7,0.0
12,77,36,41,0.536181,0.69807,0.072566,9,27,68,0.159292,8,28,69,0.141593,8,28,69,0.141593,6,30,71,0.106195,4,32,73,0.070796,4,32,73,0.070796,2,34,75,0.035398,0,36,77,0.0,0,36,77,0.0,0,36,77,0.0
13,37,32,5,0.801289,0.889684,0.544928,29,3,8,0.84058,29,3,8,0.84058,28,4,9,0.811594,28,4,9,0.811594,28,4,9,0.811594,26,6,11,0.753623,13,19,24,0.376812,6,26,31,0.173913,1,31,36,0.028986,0,32,37,0.0
14,56,42,14,0.767222,0.86828,0.442857,35,7,21,0.714286,31,11,25,0.632653,29,13,27,0.591837,26,16,30,0.530612,24,18,32,0.489796,24,18,32,0.489796,22,20,34,0.44898,17,25,39,0.346939,8,34,48,0.163265,1,41,55,0.020408
15,17,16,1,0.921122,0.958942,0.8,16,0,1,0.969697,16,0,1,0.969697,16,0,1,0.969697,15,1,2,0.909091,15,1,2,0.909091,15,1,2,0.909091,14,2,3,0.848485,11,5,6,0.666667,11,5,6,0.666667,3,13,14,0.181818
16,9,7,2,0.940994,0.9696,0.6125,6,1,3,0.75,5,2,4,0.625,5,2,4,0.625,5,2,4,0.625,5,2,4,0.625,5,2,4,0.625,5,2,4,0.625,5,2,4,0.625,5,2,4,0.625,3,4,6,0.375
17,21,16,5,0.836207,0.910798,0.572973,13,3,8,0.702703,13,3,8,0.702703,13,3,8,0.702703,13,3,8,0.702703,13,3,8,0.702703,13,3,8,0.702703,12,4,9,0.648649,10,6,11,0.540541,5,11,16,0.27027,1,15,20,0.054054
18,51,41,10,0.658662,0.794209,0.306522,34,7,17,0.73913,31,10,20,0.673913,29,12,22,0.630435,23,18,28,0.5,11,30,40,0.23913,7,34,44,0.152174,3,38,48,0.065217,2,39,49,0.043478,1,40,50,0.021739,0,41,51,0.0
19,28,18,10,0.822601,0.902667,0.352174,13,5,15,0.565217,13,5,15,0.565217,12,6,16,0.521739,9,9,19,0.391304,9,9,19,0.391304,8,10,20,0.347826,7,11,21,0.304348,7,11,21,0.304348,3,15,25,0.130435,0,18,28,0.0
20,25,19,6,0.884418,0.938664,0.522727,17,2,8,0.772727,17,2,8,0.772727,15,4,10,0.681818,14,5,11,0.636364,12,7,13,0.545455,12,7,13,0.545455,11,8,14,0.5,10,9,15,0.454545,7,12,18,0.318182,0,19,25,0.0
21,40,28,12,0.68769,0.814948,0.267647,21,7,19,0.617647,18,10,22,0.529412,18,10,22,0.529412,15,13,25,0.441176,12,16,28,0.352941,5,23,35,0.147059,2,26,38,0.058824,0,28,40,0.0,0,28,40,0.0,0,28,40,0.0
22,22,20,2,0.775915,0.87382,0.609524,20,0,2,0.952381,20,0,2,0.952381,20,0,2,0.952381,20,0,2,0.952381,18,2,4,0.857143,17,3,5,0.809524,7,13,15,0.333333,4,16,18,0.190476,1,19,21,0.047619,1,19,21,0.047619
23,54,44,10,0.651253,0.788799,0.232653,28,16,26,0.571429,27,17,27,0.55102,23,21,31,0.469388,20,24,34,0.408163,12,32,42,0.244898,3,41,51,0.061224,1,43,53,0.020408,0,44,54,0.0,0,44,54,0.0,0,44,54,0.0
24,33,31,2,0.816881,0.899213,0.54375,25,6,8,0.78125,25,6,8,0.78125,24,7,9,0.75,24,7,9,0.75,24,7,9,0.75,22,9,11,0.6875,17,14,16,0.53125,9,22,24,0.28125,4,27,29,0.125,0,31,33,0.0
25,9,10,1,0.566075,0.722922,0.368421,6,4,3,0.631579,6,4,3,0.631579,6,4,3,0.631579,6,4,3,0.631579,4,6,5,0.421053,3,7,6,0.315789,3,7,6,0.315789,1,9,8,0.105263,0,10,9,0.0,0,10,9,0.0
26,14,12,2,0.730809,0.844471,0.369231,9,3,5,0.692308,8,4,6,0.615385,8,4,6,0.615385,6,6,8,0.461538,6,6,8,0.461538,6,6,8,0.461538,4,8,10,0.307692,1,11,13,0.076923,0,12,14,0.0,0,12,14,0.0
27,73,61,12,0.767011,0.868145,0.580597,57,4,16,0.850746,57,4,16,0.850746,56,5,17,0.835821,56,5,17,0.835821,54,7,19,0.80597,50,11,23,0.746269,38,23,35,0.567164,14,47,59,0.208955,6,55,67,0.089552,1,60,72,0.014925
28,8,10,2,0.787135,0.88089,0.488889,7,3,1,0.777778,6,4,2,0.666667,6,4,2,0.666667,5,5,3,0.555556,5,5,3,0.555556,5,5,3,0.555556,4,6,4,0.444444,3,7,5,0.333333,3,7,5,0.333333,0,10,8,0.0
29,4,3,1,0.830056,0.907137,0.628571,3,0,1,0.857143,3,0,1,0.857143,3,0,1,0.857143,3,0,1,0.857143,3,0,1,0.857143,3,0,1,0.857143,2,1,2,0.571429,1,2,3,0.285714,1,2,3,0.285714,0,3,4,0.0
30,12,13,1,0.4703,0.639734,0.128,3,10,9,0.24,3,10,9,0.24,3,10,9,0.24,3,10,9,0.24,2,11,10,0.16,1,12,11,0.08,1,12,11,0.08,0,13,12,0.0,0,13,12,0.0,0,13,12,0.0
31,28,23,5,0.842672,0.91462,0.643137,21,2,7,0.823529,21,2,7,0.823529,21,2,7,0.823529,21,2,7,0.823529,21,2,7,0.823529,21,2,7,0.823529,20,3,8,0.784314,13,10,15,0.509804,5,18,23,0.196078,0,23,28,0.0
32,4,5,1,0.312367,0.476037,0.088889,1,4,3,0.222222,1,4,3,0.222222,1,4,3,0.222222,1,4,3,0.222222,0,5,4,0.0,0,5,4,0.0,0,5,4,0.0,0,5,4,0.0,0,5,4,0.0,0,5,4,0.0
33,27,25,2,0.696106,0.820829,0.45,21,4,6,0.807692,20,5,7,0.769231,17,8,10,0.653846,17,8,10,0.653846,15,10,12,0.576923,13,12,14,0.5,9,16,18,0.346154,4,21,23,0.153846,1,24,26,0.038462,0,25,27,0.0
34,12,11,1,0.760522,0.863974,0.565217,11,0,1,0.956522,10,1,2,0.869565,10,1,2,0.869565,10,1,2,0.869565,9,2,3,0.782609,8,3,4,0.695652,5,6,7,0.434783,2,9,10,0.173913,0,11,12,0.0,0,11,12,0.0
35,13,8,5,0.748904,0.856427,0.4,8,0,5,0.761905,8,0,5,0.761905,8,0,5,0.761905,4,4,9,0.380952,4,4,9,0.380952,4,4,9,0.380952,3,5,10,0.285714,2,6,11,0.190476,1,7,12,0.095238,0,8,13,0.0
36,17,15,2,0.866381,0.928408,0.7375,14,1,3,0.875,14,1,3,0.875,14,1,3,0.875,14,1,3,0.875,14,1,3,0.875,14,1,3,0.875,14,1,3,0.875,11,4,6,0.6875,8,7,9,0.5,1,14,16,0.0625
37,8,8,0,0.54298,0.703807,0.35,5,3,3,0.625,5,3,3,0.625,5,3,3,0.625,5,3,3,0.625,5,3,3,0.625,3,5,5,0.375,0,8,8,0.0,0,8,8,0.0,0,8,8,0.0,0,8,8,0.0
38,14,10,4,0.897118,0.945769,0.633333,9,1,5,0.75,9,1,5,0.75,9,1,5,0.75,9,1,5,0.75,9,1,5,0.75,9,1,5,0.75,9,1,5,0.75,7,3,7,0.583333,5,5,9,0.416667,1,9,13,0.083333
39,65,48,17,0.707831,0.828924,0.410619,40,8,25,0.707965,38,10,27,0.672566,37,11,28,0.654867,34,14,31,0.60177,33,15,32,0.584071,26,22,39,0.460177,15,33,50,0.265487,7,41,58,0.123894,2,46,63,0.035398,0,48,65,0.0
40,86,69,17,0.400644,0.572085,0.343226,53,16,33,0.683871,49,20,37,0.632258,46,23,40,0.593548,39,30,47,0.503226,32,37,54,0.412903,20,49,66,0.258065,17,52,69,0.219355,9,60,77,0.116129,1,68,85,0.012903,0,69,86,0.0
41,16,13,3,0.908891,0.952271,0.689655,13,0,3,0.896552,12,1,4,0.827586,12,1,4,0.827586,11,2,5,0.758621,11,2,5,0.758621,11,2,5,0.758621,10,3,6,0.689655,9,4,7,0.62069,7,6,9,0.482759,4,9,12,0.275862
42,46,41,5,0.657586,0.793426,0.434483,32,9,14,0.735632,32,9,14,0.735632,28,13,18,0.643678,25,16,21,0.574713,23,18,23,0.528736,21,20,25,0.482759,15,26,31,0.344828,9,32,37,0.206897,3,38,43,0.068966,1,40,45,0.022989
43,10,10,0,0.855063,0.921869,0.71,10,0,0,1.0,10,0,0,1.0,10,0,0,1.0,9,1,1,0.9,8,2,2,0.8,8,2,2,0.8,7,3,3,0.7,6,4,4,0.6,3,7,7,0.3,0,10,10,0.0
44,21,15,6,0.649338,0.787392,0.266667,8,7,13,0.444444,8,7,13,0.444444,8,7,13,0.444444,7,8,14,0.388889,7,8,14,0.388889,6,9,15,0.333333,3,12,18,0.166667,1,14,20,0.055556,0,15,21,0.0,0,15,21,0.0
45,46,38,8,0.829258,0.906661,0.545238,36,2,10,0.857143,34,4,12,0.809524,34,4,12,0.809524,34,4,12,0.809524,34,4,12,0.809524,32,6,14,0.761905,20,18,26,0.47619,5,33,41,0.119048,0,38,46,0.0,0,38,46,0.0
46,8,8,0,0.824941,0.904074,0.6625,8,0,0,1.0,8,0,0,1.0,7,1,1,0.875,7,1,1,0.875,7,1,1,0.875,7,1,1,0.875,6,2,2,0.75,3,5,5,0.375,0,8,8,0.0,0,8,8,0.0
47,10,10,0,0.719555,0.836908,0.51,8,2,2,0.8,8,2,2,0.8,7,3,3,0.7,7,3,3,0.7,7,3,3,0.7,7,3,3,0.7,4,6,6,0.4,3,7,7,0.3,0,10,10,0.0,0,10,10,0.0
48,30,22,8,0.10231,0.185628,0.219231,14,8,16,0.538462,11,11,19,0.423077,10,12,20,0.384615,8,14,22,0.307692,6,16,24,0.230769,5,17,25,0.192308,2,20,28,0.076923,1,21,29,0.038462,0,22,30,0.0,0,22,30,0.0
49,2,4,2,0.499346,0.666085,0.1,1,3,1,0.333333,1,3,1,0.333333,1,3,1,0.333333,0,4,2,0.0,0,4,2,0.0,0,4,2,0.0,0,4,2,0.0,0,4,2,0.0,0,4,2,0.0,0,4,2,0.0
50,13,13,0,0.845908,0.916522,0.738462,13,0,0,1.0,13,0,0,1.0,13,0,0,1.0,13,0,0,1.0,11,2,2,0.846154,11,2,2,0.846154,11,2,2,0.846154,8,5,5,0.615385,3,10,10,0.230769,0,13,13,0.0
51,19,17,2,0.815934,0.898638,0.555556,15,2,4,0.833333,15,2,4,0.833333,15,2,4,0.833333,15,2,4,0.833333,13,4,6,0.722222,13,4,6,0.722222,9,8,10,0.5,5,12,14,0.277778,0,17,19,0.0,0,17,19,0.0
52,49,33,16,0.674844,0.805859,0.221951,22,11,27,0.536585,21,12,28,0.512195,17,16,32,0.414634,13,20,36,0.317073,8,25,41,0.195122,7,26,42,0.170732,2,31,47,0.04878,1,32,48,0.02439,0,33,49,0.0,0,33,49,0.0
53,11,11,0,0.826309,0.904895,0.690909,11,0,0,1.0,11,0,0,1.0,11,0,0,1.0,11,0,0,1.0,11,0,0,1.0,11,0,0,1.0,6,5,5,0.545455,4,7,7,0.363636,0,11,11,0.0,0,11,11,0.0
54,13,12,1,0.822454,0.902579,0.584,12,0,1,0.96,12,0,1,0.96,11,1,2,0.88,9,3,4,0.72,8,4,5,0.64,8,4,5,0.64,6,6,7,0.48,4,8,9,0.32,3,9,10,0.24,0,12,13,0.0
55,13,11,2,0.903178,0.949126,0.616667,10,1,3,0.833333,10,1,3,0.833333,10,1,3,0.833333,9,2,4,0.75,8,3,5,0.666667,7,4,6,0.583333,7,4,6,0.583333,6,5,7,0.5,4,7,9,0.333333,3,8,10,0.25
56,16,11,5,0.526233,0.689584,0.281481,7,4,9,0.518519,7,4,9,0.518519,6,5,10,0.444444,5,6,11,0.37037,5,6,11,0.37037,4,7,12,0.296296,3,8,13,0.222222,1,10,15,0.074074,0,11,16,0.0,0,11,16,0.0
57,19,10,9,0.878461,0.935299,0.310345,9,1,10,0.62069,7,3,12,0.482759,6,4,13,0.413793,5,5,14,0.344828,5,5,14,0.344828,5,5,14,0.344828,3,7,16,0.206897,3,7,16,0.206897,1,9,18,0.068966,1,9,18,0.068966
58,15,9,6,0.712536,0.832141,0.216667,5,4,10,0.416667,5,4,10,0.416667,5,4,10,0.416667,4,5,11,0.333333,3,6,12,0.25,1,8,14,0.083333,1,8,14,0.083333,1,8,14,0.083333,1,8,14,0.083333,0,9,15,0.0
59,8,7,1,0.751394,0.858053,0.546667,7,0,1,0.933333,7,0,1,0.933333,7,0,1,0.933333,7,0,1,0.933333,6,1,2,0.8,4,3,4,0.533333,2,5,6,0.266667,1,6,7,0.133333,0,7,8,0.0,0,7,8,0.0
60,35,31,4,0.780834,0.876931,0.521212,29,2,6,0.878788,28,3,7,0.848485,28,3,7,0.848485,26,5,9,0.787879,26,5,9,0.787879,20,11,15,0.606061,11,20,24,0.333333,3,28,32,0.090909,1,30,34,0.030303,0,31,35,0.0
61,64,56,8,0.481436,0.649959,0.121667,17,39,47,0.283333,13,43,51,0.216667,9,47,55,0.15,8,48,56,0.133333,8,48,56,0.133333,5,51,59,0.083333,4,52,60,0.066667,4,52,60,0.066667,3,53,61,0.05,2,54,62,0.033333
62,21,14,7,0.716312,0.834711,0.302857,10,4,11,0.571429,8,6,13,0.457143,8,6,13,0.457143,7,7,14,0.4,7,7,14,0.4,6,8,15,0.342857,5,9,16,0.285714,1,13,20,0.057143,1,13,20,0.057143,0,14,21,0.0
63,14,12,2,0.905611,0.950468,0.623077,12,0,2,0.923077,11,1,3,0.846154,10,2,4,0.769231,9,3,5,0.692308,9,3,5,0.692308,8,4,6,0.615385,8,4,6,0.615385,7,5,7,0.538462,5,7,9,0.384615,2,10,12,0.153846
64,9,9,0,0.782769,0.87815,0.566667,9,0,0,1.0,9,0,0,1.0,8,1,1,0.888889,8,1,1,0.888889,8,1,1,0.888889,6,3,3,0.666667,3,6,6,0.333333,0,9,9,0.0,0,9,9,0.0,0,9,9,0.0
65,15,12,3,0.87905,0.935632,0.637037,11,1,4,0.814815,11,1,4,0.814815,11,1,4,0.814815,11,1,4,0.814815,11,1,4,0.814815,10,2,5,0.740741,10,2,5,0.740741,7,5,8,0.518519,4,8,11,0.296296,0,12,15,0.0
66,10,10,0,0.843231,0.914949,0.74,10,0,0,1.0,10,0,0,1.0,10,0,0,1.0,10,0,0,1.0,9,1,1,0.9,9,1,1,0.9,8,2,2,0.8,5,5,5,0.5,3,7,7,0.3,0,10,10,0.0
67,8,6,2,0.773844,0.872505,0.471429,6,0,2,0.857143,5,1,3,0.714286,5,1,3,0.714286,5,1,3,0.714286,5,1,3,0.714286,3,3,5,0.428571,2,4,6,0.285714,2,4,6,0.285714,0,6,8,0.0,0,6,8,0.0
68,8,8,0,0.827528,0.905625,0.7,8,0,0,1.0,8,0,0,1.0,8,0,0,1.0,8,0,0,1.0,8,0,0,1.0,7,1,1,0.875,6,2,2,0.75,2,6,6,0.25,1,7,7,0.125,0,8,8,0.0
69,13,11,2,0.84565,0.916371,0.616667,10,1,3,0.833333,10,1,3,0.833333,10,1,3,0.833333,10,1,3,0.833333,10,1,3,0.833333,10,1,3,0.833333,8,3,5,0.666667,4,7,9,0.333333,2,9,11,0.166667,0,11,13,0.0
70,8,7,1,0.792619,0.884314,0.6,7,0,1,0.933333,7,0,1,0.933333,7,0,1,0.933333,7,0,1,0.933333,7,0,1,0.933333,6,1,2,0.8,4,3,4,0.533333,0,7,8,0.0,0,7,8,0.0,0,7,8,0.0
71,5,5,0,0.787298,0.880993,0.58,5,0,0,1.0,5,0,0,1.0,5,0,0,1.0,5,0,0,1.0,4,1,1,0.8,3,2,2,0.6,2,3,3,0.4,0,5,5,0.0,0,5,5,0.0,0,5,5,0.0
72,15,10,5,0.896812,0.945599,0.488,8,2,7,0.64,8,2,7,0.64,8,2,7,0.64,8,2,7,0.64,8,2,7,0.64,6,4,9,0.48,5,5,10,0.4,5,5,10,0.4,3,7,12,0.24,2,8,13,0.16
73,10,5,5,0.867968,0.929318,0.306667,4,1,6,0.533333,3,2,7,0.4,3,2,7,0.4,3,2,7,0.4,2,3,8,0.266667,2,3,8,0.266667,2,3,8,0.266667,2,3,8,0.266667,2,3,8,0.266667,0,5,10,0.0
74,10,8,2,0.726918,0.841867,0.522222,8,0,2,0.888889,8,0,2,0.888889,8,0,2,0.888889,8,0,2,0.888889,6,2,4,0.666667,5,3,5,0.555556,3,5,7,0.333333,1,7,9,0.111111,0,8,10,0.0,0,8,10,0.0
75,38,25,13,0.6875,0.814815,0.285714,20,5,18,0.634921,20,5,18,0.634921,17,8,21,0.539683,15,10,23,0.47619,11,14,27,0.349206,5,20,33,0.15873,2,23,36,0.063492,0,25,38,0.0,0,25,38,0.0,0,25,38,0.0
76,1,1,0,0.784,0.878924,0.6,1,0,0,1.0,1,0,0,1.0,1,0,0,1.0,1,0,0,1.0,1,0,0,1.0,1,0,0,1.0,0,1,1,0.0,0,1,1,0.0,0,1,1,0.0,0,1,1,0.0
77,41,37,4,0.769139,0.869507,0.5,33,4,8,0.846154,33,4,8,0.846154,33,4,8,0.846154,31,6,10,0.794872,28,9,13,0.717949,22,15,19,0.564103,12,25,29,0.307692,3,34,38,0.076923,0,37,41,0.0,0,37,41,0.0
78,14,10,4,0.890098,0.941854,0.633333,10,0,4,0.833333,10,0,4,0.833333,9,1,5,0.75,9,1,5,0.75,9,1,5,0.75,8,2,6,0.666667,8,2,6,0.666667,7,3,7,0.583333,5,5,9,0.416667,1,9,13,0.083333
79,12,8,4,0.865778,0.928061,0.47,8,0,4,0.8,7,1,5,0.7,7,1,5,0.7,7,1,5,0.7,6,2,6,0.6,4,4,8,0.4,4,4,8,0.4,2,6,10,0.2,2,6,10,0.2,0,8,12,0.0
80,1,1,0,0.854749,0.921687,0.8,1,0,0,1.0,1,0,0,1.0,1,0,0,1.0,1,0,0,1.0,1,0,0,1.0,1,0,0,1.0,1,0,0,1.0,1,0,0,1.0,0,1,1,0.0,0,1,1,0.0
81,9,9,0,0.867733,0.929183,0.777778,9,0,0,1.0,9,0,0,1.0,9,0,0,1.0,9,0,0,1.0,9,0,0,1.0,9,0,0,1.0,8,1,1,0.888889,5,4,4,0.555556,3,6,6,0.333333,0,9,9,0.0
82,2,1,1,0.0,0.0,0.0,0,1,2,0.0,0,1,2,0.0,0,1,2,0.0,0,1,2,0.0,0,1,2,0.0,0,1,2,0.0,0,1,2,0.0,0,1,2,0.0,0,1,2,0.0,0,1,2,0.0
83,10,1,9,0.0,0.0,0.0,0,1,10,0.0,0,1,10,0.0,0,1,10,0.0,0,1,10,0.0,0,1,10,0.0,0,1,10,0.0,0,1,10,0.0,0,1,10,0.0,0,1,10,0.0,0,1,10,0.0
84,2,0,2,0.0,0.0,0.0,0,0,2,0.0,0,0,2,0.0,0,0,2,0.0,0,0,2,0.0,0,0,2,0.0,0,0,2,0.0,0,0,2,0.0,0,0,2,0.0,0,0,2,0.0,0,0,2,0.0
85,27,16,11,0.628246,0.771685,0.255814,12,4,15,0.55814,11,5,16,0.511628,10,6,17,0.465116,7,9,20,0.325581,7,9,20,0.325581,4,12,23,0.186047,3,13,24,0.139535,1,15,26,0.046512,0,16,27,0.0,0,16,27,0.0
86,17,14,3,0.682301,0.811152,0.167742,4,10,13,0.258065,4,10,13,0.258065,4,10,13,0.258065,3,11,14,0.193548,3,11,14,0.193548,3,11,14,0.193548,3,11,14,0.193548,1,13,16,0.064516,1,13,16,0.064516,0,14,17,0.0
87,20,21,1,0.761433,0.864561,0.502439,17,4,3,0.829268,15,6,5,0.731707,14,7,6,0.682927,13,8,7,0.634146,12,9,8,0.585366,12,9,8,0.585366,11,10,9,0.536585,6,15,14,0.292683,3,18,17,0.146341,0,21,20,0.0
88,13,10,3,0.738131,0.849338,0.165217,5,5,8,0.434783,4,6,9,0.347826,2,8,11,0.173913,2,8,11,0.173913,2,8,11,0.173913,1,9,12,0.086957,1,9,12,0.086957,1,9,12,0.086957,1,9,12,0.086957,0,10,13,0.0
89,60,27,33,0.689467,0.816195,0.195402,16,11,44,0.367816,14,13,46,0.321839,13,14,47,0.298851,13,14,47,0.298851,13,14,47,0.298851,8,19,52,0.183908,6,21,54,0.137931,2,25,58,0.045977,0,27,60,0.0,0,27,60,0.0
90,43,26,17,0.585493,0.738562,0.266667,18,8,25,0.521739,16,10,27,0.463768,15,11,28,0.434783,13,13,30,0.376812,10,16,33,0.289855,7,19,36,0.202899,6,20,37,0.173913,4,22,39,0.115942,3,23,40,0.086957,0,26,43,0.0
91,30,7,23,0.628693,0.772021,0.059459,2,5,28,0.108108,2,5,28,0.108108,2,5,28,0.108108,2,5,28,0.108108,1,6,29,0.054054,1,6,29,0.054054,1,6,29,0.054054,0,7,30,0.0,0,7,30,0.0,0,7,30,0.0
92,48,28,20,0.684529,0.812725,0.257895,20,8,28,0.526316,19,9,29,0.5,16,12,32,0.421053,13,15,35,0.342105,11,17,37,0.289474,9,19,39,0.236842,6,22,42,0.157895,4,24,44,0.105263,0,28,48,0.0,0,28,48,0.0
93,44,29,15,0.600582,0.750455,0.293151,20,9,24,0.547945,20,9,24,0.547945,18,11,26,0.493151,15,14,29,0.410959,15,14,29,0.410959,11,18,33,0.30137,7,22,37,0.191781,1,28,43,0.027397,0,29,44,0.0,0,29,44,0.0
94,12,10,2,0.532132,0.694629,0.327273,6,4,6,0.545455,6,4,6,0.545455,6,4,6,0.545455,5,5,7,0.454545,5,5,7,0.454545,5,5,7,0.454545,2,8,10,0.181818,1,9,11,0.090909,0,10,12,0.0,0,10,12,0.0
95,61,37,24,0.590718,0.742706,0.165306,18,19,43,0.367347,16,21,45,0.326531,15,22,46,0.306122,13,24,48,0.265306,11,26,50,0.22449,7,30,54,0.142857,1,36,60,0.020408,0,37,61,0.0,0,37,61,0.0,0,37,61,0.0
96,11,6,5,0.570697,0.72668,0.141176,3,3,8,0.352941,2,4,9,0.235294,2,4,9,0.235294,1,5,10,0.117647,1,5,10,0.117647,1,5,10,0.117647,1,5,10,0.117647,1,5,10,0.117647,0,6,11,0.0,0,6,11,0.0
97,24,17,7,0.500549,0.667154,0.141463,11,6,13,0.536585,8,9,16,0.390244,5,12,19,0.243902,2,15,22,0.097561,2,15,22,0.097561,1,16,23,0.04878,0,17,24,0.0,0,17,24,0.0,0,17,24,0.0,0,17,24,0.0
98,30,17,13,0.306567,0.469271,0.076596,6,11,24,0.255319,3,14,27,0.12766,3,14,27,0.12766,3,14,27,0.12766,3,14,27,0.12766,0,17,30,0.0,0,17,30,0.0,0,17,30,0.0,0,17,30,0.0,0,17,30,0.0
99,95,22,73,0.712776,0.832305,0.095726,12,10,83,0.205128,12,10,83,0.205128,10,12,85,0.17094,8,14,87,0.136752,7,15,88,0.119658,4,18,91,0.068376,2,20,93,0.034188,1,21,94,0.017094,0,22,95,0.0,0,22,95,0.0
100,90,48,42,0.601627,0.75127,0.231884,28,20,62,0.405797,26,22,64,0.376812,26,22,64,0.376812,24,24,66,0.347826,20,28,70,0.289855,17,31,73,0.246377,12,36,78,0.173913,5,43,85,0.072464,2,46,88,0.028986,0,48,90,0.0
0,11,11,0,0.927242,0.962248,0.9,11,0,0,1.0,11,0,0,1.0,11,0,0,1.0,11,0,0,1.0,11,0,0,1.0,11,0,0,1.0,11,0,0,1.0,10,1,1,0.909091,9,2,2,0.818182,3,8,8,0.272727
1,9,9,0,0.915094,0.955665,0.833333,9,0,0,1.0,9,0,0,1.0,9,0,0,1.0,9,0,0,1.0,8,1,1,0.888889,8,1,1,0.888889,8,1,1,0.888889,7,2,2,0.777778,6,3,3,0.666667,2,7,7,0.222222
2,52,45,7,0.639264,0.77994,0.156701,17,28,35,0.350515,14,31,38,0.28866,14,31,38,0.28866,11,34,41,0.226804,9,36,43,0.185567,8,37,44,0.164948,2,43,50,0.041237,1,44,51,0.020619,0,45,52,0.0,0,45,52,0.0
3,9,9,0,0.904449,0.949828,0.855556,9,0,0,1.0,9,0,0,1.0,9,0,0,1.0,9,0,0,1.0,9,0,0,1.0,9,0,0,1.0,9,0,0,1.0,8,1,1,0.888889,4,5,5,0.444444,2,7,7,0.222222
4,65,59,6,0.798035,0.887675,0.554839,51,8,14,0.822581,50,9,15,0.806452,47,12,18,0.758065,45,14,20,0.725806,43,16,22,0.693548,42,17,23,0.677419,33,26,32,0.532258,23,36,42,0.370968,10,49,55,0.16129,0,59,65,0.0
5,18,19,1,0.835747,0.910526,0.362162,10,9,8,0.540541,9,10,9,0.486486,7,12,11,0.378378,7,12,11,0.378378,7,12,11,0.378378,6,13,12,0.324324,6,13,12,0.324324,6,13,12,0.324324,5,14,13,0.27027,4,15,14,0.216216
6,58,52,6,0.878654,0.935408,0.650909,45,7,13,0.818182,45,7,13,0.818182,44,8,14,0.8,44,8,14,0.8,41,11,17,0.745455,41,11,17,0.745455,40,12,18,0.727273,31,21,27,0.563636,24,28,34,0.436364,3,49,55,0.054545
7,11,11,0,0.835981,0.910664,0.618182,10,1,1,0.909091,9,2,2,0.818182,9,2,2,0.818182,8,3,3,0.727273,8,3,3,0.727273,8,3,3,0.727273,6,5,5,0.545455,5,6,6,0.454545,4,7,7,0.363636,1,10,10,0.090909
8,12,8,4,0.62326,0.767912,0.2,4,4,8,0.4,4,4,8,0.4,4,4,8,0.4,4,4,8,0.4,3,5,9,0.3,1,7,11,0.1,0,8,12,0.0,0,8,12,0.0,0,8,12,0.0,0,8,12,0.0
9,19,18,1,0.800396,0.889133,0.47027,15,3,4,0.810811,14,4,5,0.756757,14,4,5,0.756757,14,4,5,0.756757,12,6,7,0.648649,10,8,9,0.540541,6,12,13,0.324324,1,17,18,0.054054,1,17,18,0.054054,0,18,19,0.0
10,43,40,3,0.863344,0.926661,0.684337,38,2,5,0.915663,35,5,8,0.843373,35,5,8,0.843373,35,5,8,0.843373,34,6,9,0.819277,34,6,9,0.819277,32,8,11,0.771084,22,18,21,0.53012,14,26,29,0.337349,5,35,38,0.120482
11,7,5,2,0.864681,0.92743,0.716667,5,0,2,0.833333,5,0,2,0.833333,5,0,2,0.833333,5,0,2,0.833333,5,0,2,0.833333,5,0,2,0.833333,4,1,3,0.666667,4,1,3,0.666667,4,1,3,0.666667,1,4,6,0.166667
12,77,46,31,0.192313,0.322588,0.065041,11,35,66,0.178862,11,35,66,0.178862,8,38,69,0.130081,4,42,73,0.065041,3,43,74,0.04878,1,45,76,0.01626,1,45,76,0.01626,1,45,76,0.01626,0,46,77,0.0,0,46,77,0.0
13,37,34,3,0.915652,0.955969,0.797183,34,0,3,0.957746,33,1,4,0.929577,33,1,4,0.929577,33,1,4,0.929577,33,1,4,0.929577,32,2,5,0.901408,31,3,6,0.873239,26,8,11,0.732394,20,14,17,0.56338,8,26,29,0.225352
14,56,43,13,0.848159,0.917842,0.488889,35,8,21,0.707071,35,8,21,0.707071,33,10,23,0.666667,31,12,25,0.626263,30,13,26,0.606061,27,16,29,0.545455,23,20,33,0.464646,18,25,38,0.363636,10,33,46,0.20202,0,43,56,0.0
15,17,16,1,0.938737,0.968401,0.884848,16,0,1,0.969697,16,0,1,0.969697,16,0,1,0.969697,16,0,1,0.969697,16,0,1,0.969697,16,0,1,0.969697,16,0,1,0.969697,16,0,1,0.969697,14,2,3,0.848485,4,12,13,0.242424
16,9,13,4,0.521356,0.685383,0.109091,2,11,7,0.181818,2,11,7,0.181818,2,11,7,0.181818,2,11,7,0.181818,2,11,7,0.181818,2,11,7,0.181818,0,13,9,0.0,0,13,9,0.0,0,13,9,0.0,0,13,9,0.0
17,21,16,5,0.890113,0.941862,0.681081,15,1,6,0.810811,14,2,7,0.756757,14,2,7,0.756757,14,2,7,0.756757,14,2,7,0.756757,14,2,7,0.756757,13,3,8,0.702703,13,3,8,0.702703,12,4,9,0.648649,3,13,18,0.162162
18,51,43,8,0.600484,0.750378,0.23617,37,6,14,0.787234,30,13,21,0.638298,23,20,28,0.489362,10,33,41,0.212766,7,36,44,0.148936,3,40,48,0.06383,1,42,50,0.021277,0,43,51,0.0,0,43,51,0.0,0,43,51,0.0
19,28,24,4,0.802931,0.890695,0.488462,21,3,7,0.807692,20,4,8,0.769231,20,4,8,0.769231,18,6,10,0.692308,15,9,13,0.576923,13,11,15,0.5,10,14,18,0.384615,5,19,23,0.192308,5,19,23,0.192308,0,24,28,0.0
20,25,22,3,0.940399,0.969284,0.73617,21,1,4,0.893617,21,1,4,0.893617,20,2,5,0.851064,19,3,6,0.808511,18,4,7,0.765957,18,4,7,0.765957,18,4,7,0.765957,16,6,9,0.680851,14,8,11,0.595745,8,14,17,0.340426
21,40,33,7,0.628668,0.772003,0.19726,23,10,17,0.630137,20,13,20,0.547945,14,19,26,0.383562,9,24,31,0.246575,5,28,35,0.136986,1,32,39,0.027397,0,33,40,0.0,0,33,40,0.0,0,33,40,0.0,0,33,40,0.0
22,22,21,1,0.920135,0.958407,0.837209,20,1,2,0.930233,20,1,2,0.930233,20,1,2,0.930233,20,1,2,0.930233,20,1,2,0.930233,20,1,2,0.930233,20,1,2,0.930233,18,3,4,0.837209,15,6,7,0.697674,7,14,15,0.325581
23,54,53,1,0.60707,0.755499,0.229907,41,12,13,0.766355,35,18,19,0.654206,28,25,26,0.523364,14,39,40,0.261682,5,48,49,0.093458,0,53,54,0.0,0,53,54,0.0,0,53,54,0.0,0,53,54,0.0,0,53,54,0.0
24,33,31,2,0.843725,0.91524,0.65625,29,2,4,0.90625,28,3,5,0.875,28,3,5,0.875,27,4,6,0.84375,27,4,6,0.84375,24,7,9,0.75,22,9,11,0.6875,15,16,18,0.46875,9,22,24,0.28125,1,30,32,0.03125
25,9,12,3,0.470246,0.639683,0.133333,6,6,3,0.571429,4,8,5,0.380952,2,10,7,0.190476,1,11,8,0.095238,1,11,8,0.095238,0,12,9,0.0,0,12,9,0.0,0,12,9,0.0,0,12,9,0.0,0,12,9,0.0
26,14,12,2,0.757576,0.862069,0.453846,9,3,5,0.692308,9,3,5,0.692308,8,4,6,0.615385,8,4,6,0.615385,8,4,6,0.615385,7,5,7,0.538462,5,7,9,0.384615,3,9,11,0.230769,2,10,12,0.153846,0,12,14,0.0
27,73,64,9,0.813111,0.896923,0.594161,61,3,12,0.890511,60,4,13,0.875912,58,6,15,0.846715,57,7,16,0.832117,55,9,18,0.80292,50,14,23,0.729927,37,27,36,0.540146,17,47,56,0.248175,11,53,62,0.160584,1,63,72,0.014599
28,8,11,3,0.78135,0.877256,0.526316,7,4,1,0.736842,6,5,2,0.631579,6,5,2,0.631579,6,5,2,0.631579,6,5,2,0.631579,6,5,2,0.631579,6,5,2,0.631579,5,6,3,0.526316,2,9,6,0.210526,0,11,8,0.0
29,4,4,0,0.784748,0.879394,0.525,3,1,1,0.75,3,1,1,0.75,3,1,1,0.75,3,1,1,0.75,2,2,2,0.5,2,2,2,0.5,2,2,2,0.5,2,2,2,0.5,1,3,3,0.25,0,4,4,0.0
30,12,14,2,0.676318,0.806909,0.323077,8,6,4,0.615385,7,7,5,0.538462,6,8,6,0.461538,5,9,7,0.384615,5,9,7,0.384615,5,9,7,0.384615,3,11,9,0.230769,2,12,10,0.153846,1,13,11,0.076923,0,14,12,0.0
31,28,24,4,0.903688,0.949408,0.730769,22,2,6,0.846154,22,2,6,0.846154,22,2,6,0.846154,22,2,6,0.846154,22,2,6,0.846154,22,2,6,0.846154,21,3,7,0.807692,20,4,8,0.769231,17,7,11,0.653846,0,24,28,0.0
32,4,4,0,0.377469,0.548062,0.325,2,2,2,0.5,2,2,2,0.5,2,2,2,0.5,2,2,2,0.5,2,2,2,0.5,2,2,2,0.5,1,3,3,0.25,0,4,4,0.0,0,4,4,0.0,0,4,4,0.0
33,27,26,1,0.861106,0.92537,0.758491,24,2,3,0.90566,24,2,3,0.90566,24,2,3,0.90566,24,2,3,0.90566,24,2,3,0.90566,22,4,5,0.830189,22,4,5,0.830189,21,5,6,0.792453,14,12,13,0.528302,2,24,25,0.075472
34,12,12,0,0.893642,0.943834,0.791667,11,1,1,0.916667,11,1,1,0.916667,11,1,1,0.916667,11,1,1,0.916667,11,1,1,0.916667,11,1,1,0.916667,10,2,2,0.833333,10,2,2,0.833333,8,4,4,0.666667,1,11,11,0.083333
35,13,7,6,0.275763,0.432311,0.08,3,4,10,0.3,2,5,11,0.2,1,6,12,0.1,1,6,12,0.1,1,6,12,0.1,0,7,13,0.0,0,7,13,0.0,0,7,13,0.0,0,7,13,0.0,0,7,13,0.0
36,17,16,1,0.907542,0.95153,0.775758,15,1,2,0.909091,15,1,2,0.909091,15,1,2,0.909091,15,1,2,0.909091,15,1,2,0.909091,14,2,3,0.848485,14,2,3,0.848485,13,3,4,0.787879,7,9,10,0.424242,5,11,12,0.30303
37,8,6,2,0.672507,0.80419,0.385714,5,1,3,0.714286,5,1,3,0.714286,5,1,3,0.714286,5,1,3,0.714286,4,2,4,0.571429,2,4,6,0.285714,1,5,7,0.142857,0,6,8,0.0,0,6,8,0.0,0,6,8,0.0
38,14,15,1,0.605175,0.75403,0.296552,6,9,8,0.413793,6,9,8,0.413793,6,9,8,0.413793,5,10,9,0.344828,4,11,10,0.275862,4,11,10,0.275862,4,11,10,0.275862,4,11,10,0.275862,3,12,11,0.206897,1,14,13,0.068966
39,65,48,17,0.753027,0.859116,0.449558,39,9,26,0.690265,39,9,26,0.690265,37,11,28,0.654867,36,12,29,0.637168,35,13,30,0.619469,28,20,37,0.495575,25,23,40,0.442478,12,36,53,0.212389,3,45,62,0.053097,0,48,65,0.0
40,86,73,13,0.661595,0.796338,0.426415,56,17,30,0.704403,54,19,32,0.679245,53,20,33,0.666667,44,29,42,0.553459,40,33,46,0.503145,35,38,51,0.440252,29,44,57,0.36478,19,54,67,0.238994,7,66,79,0.08805,2,71,84,0.025157
41,16,16,0,0.941124,0.969669,0.8875,16,0,0,1.0,16,0,0,1.0,16,0,0,1.0,16,0,0,1.0,16,0,0,1.0,16,0,0,1.0,16,0,0,1.0,13,3,3,0.8125,13,3,3,0.8125,4,12,12,0.25
42,46,39,7,0.736046,0.847957,0.498824,29,10,17,0.682353,29,10,17,0.682353,29,10,17,0.682353,29,10,17,0.682353,28,11,18,0.658824,25,14,21,0.588235,21,18,25,0.494118,14,25,32,0.329412,6,33,40,0.141176,2,37,44,0.047059
43,10,10,0,0.914642,0.955418,0.86,10,0,0,1.0,10,0,0,1.0,10,0,0,1.0,10,0,0,1.0,10,0,0,1.0,10,0,0,1.0,9,1,1,0.9,9,1,1,0.9,6,4,4,0.6,2,8,8,0.2
44,21,16,5,0.701848,0.824807,0.286486,8,8,13,0.432432,8,8,13,0.432432,8,8,13,0.432432,7,9,14,0.378378,7,9,14,0.378378,6,10,15,0.324324,5,11,16,0.27027,3,13,18,0.162162,1,15,20,0.054054,0,16,21,0.0
45,46,40,6,0.909308,0.9525,0.77907,38,2,8,0.883721,38,2,8,0.883721,37,3,9,0.860465,37,3,9,0.860465,37,3,9,0.860465,37,3,9,0.860465,35,5,11,0.813953,33,7,13,0.767442,28,12,18,0.651163,15,25,31,0.348837
46,8,8,0,0.794694,0.885604,0.5875,8,0,0,1.0,8,0,0,1.0,8,0,0,1.0,6,2,2,0.75,6,2,2,0.75,5,3,3,0.625,4,4,4,0.5,2,6,6,0.25,0,8,8,0.0,0,8,8,0.0
47,10,10,0,0.828994,0.906503,0.71,10,0,0,1.0,10,0,0,1.0,8,2,2,0.8,8,2,2,0.8,8,2,2,0.8,8,2,2,0.8,7,3,3,0.7,5,5,5,0.5,5,5,5,0.5,2,8,8,0.2
48,30,24,6,0.544208,0.704838,0.303704,18,6,12,0.666667,17,7,13,0.62963,15,9,15,0.555556,11,13,19,0.407407,9,15,21,0.333333,6,18,24,0.222222,3,21,27,0.111111,2,22,28,0.074074,1,23,29,0.037037,0,24,30,0.0
49,2,4,2,0.553137,0.712284,0.2,2,2,0,0.666667,1,3,1,0.333333,1,3,1,0.333333,1,3,1,0.333333,1,3,1,0.333333,0,4,2,0.0,0,4,2,0.0,0,4,2,0.0,0,4,2,0.0,0,4,2,0.0
50,13,13,0,0.830247,0.907251,0.738462,13,0,0,1.0,13,0,0,1.0,13,0,0,1.0,13,0,0,1.0,13,0,0,1.0,11,2,2,0.846154,9,4,4,0.692308,7,6,6,0.538462,3,10,10,0.230769,1,12,12,0.076923
51,19,17,2,0.856405,0.922649,0.616667,17,0,2,0.944444,15,2,4,0.833333,15,2,4,0.833333,15,2,4,0.833333,15,2,4,0.833333,13,4,6,0.722222,10,7,9,0.555556,8,9,11,0.444444,3,14,16,0.166667,0,17,19,0.0
52,49,42,7,0.594476,0.745669,0.191209,29,13,20,0.637363,23,19,26,0.505495,15,27,34,0.32967,9,33,40,0.197802,6,36,43,0.131868,3,39,46,0.065934,1,41,48,0.021978,1,41,48,0.021978,0,42,49,0.0,0,42,49,0.0
53,11,11,0,0.932896,0.965283,0.909091,11,0,0,1.0,11,0,0,1.0,11,0,0,1.0,11,0,0,1.0,11,0,0,1.0,11,0,0,1.0,11,0,0,1.0,11,0,0,1.0,9,2,2,0.818182,3,8,8,0.272727
54,13,12,1,0.692549,0.818351,0.48,10,2,3,0.8,10,2,3,0.8,10,2,3,0.8,8,4,5,0.64,7,5,6,0.56,6,6,7,0.48,5,7,8,0.4,3,9,10,0.24,1,11,12,0.08,0,12,13,0.0
55,13,16,3,0.742362,0.852133,0.37931,9,7,4,0.62069,8,8,5,0.551724,8,8,5,0.551724,8,8,5,0.551724,7,9,6,0.482759,6,10,7,0.413793,5,11,8,0.344828,3,13,10,0.206897,1,15,12,0.068966,0,16,13,0.0
56,16,12,4,0.664444,0.798398,0.4,8,4,8,0.571429,8,4,8,0.571429,8,4,8,0.571429,8,4,8,0.571429,7,5,9,0.5,7,5,9,0.5,5,7,11,0.357143,4,8,12,0.285714,1,11,15,0.071429,0,12,16,0.0
57,19,14,5,0.752224,0.858594,0.230303,7,7,12,0.424242,5,9,14,0.30303,5,9,14,0.30303,5,9,14,0.30303,5,9,14,0.30303,5,9,14,0.30303,3,11,16,0.181818,2,12,17,0.121212,1,13,18,0.060606,0,14,19,0.0
58,15,13,2,0.820566,0.90144,0.528571,11,2,4,0.785714,11,2,4,0.785714,10,3,5,0.714286,10,3,5,0.714286,9,4,6,0.642857,7,6,8,0.5,7,6,8,0.5,5,8,10,0.357143,3,10,12,0.214286,1,12,14,0.071429
59,8,7,1,0.873127,0.932267,0.8,7,0,1,0.933333,7,0,1,0.933333,7,0,1,0.933333,7,0,1,0.933333,7,0,1,0.933333,7,0,1,0.933333,7,0,1,0.933333,7,0,1,0.933333,4,3,4,0.533333,0,7,8,0.0
60,35,33,2,0.897605,0.94604,0.8,30,3,5,0.882353,30,3,5,0.882353,30,3,5,0.882353,30,3,5,0.882353,30,3,5,0.882353,30,3,5,0.882353,30,3,5,0.882353,27,6,8,0.794118,24,9,11,0.705882,11,22,24,0.323529
61,64,56,8,0.604452,0.753469,0.28,36,20,28,0.6,35,21,29,0.583333,29,27,35,0.483333,21,35,43,0.35,16,40,48,0.266667,13,43,51,0.216667,8,48,56,0.133333,6,50,58,0.1,3,53,61,0.05,1,55,63,0.016667
62,21,16,5,0.755245,0.860558,0.351351,13,3,8,0.702703,11,5,10,0.594595,10,6,11,0.540541,10,6,11,0.540541,9,7,12,0.486486,6,10,15,0.324324,3,13,18,0.162162,2,14,19,0.108108,1,15,20,0.054054,0,16,21,0.0
63,14,18,4,0.592287,0.743945,0.2,6,12,8,0.375,6,12,8,0.375,5,13,9,0.3125,3,15,11,0.1875,3,15,11,0.1875,3,15,11,0.1875,3,15,11,0.1875,2,16,12,0.125,1,17,13,0.0625,0,18,14,0.0
64,9,9,0,0.902715,0.94887,0.866667,9,0,0,1.0,9,0,0,1.0,9,0,0,1.0,9,0,0,1.0,9,0,0,1.0,9,0,0,1.0,8,1,1,0.888889,7,2,2,0.777778,5,4,4,0.555556,4,5,5,0.444444
65,15,14,1,0.625638,0.769714,0.372414,8,6,7,0.551724,8,6,7,0.551724,8,6,7,0.551724,8,6,7,0.551724,8,6,7,0.551724,6,8,9,0.413793,4,10,11,0.275862,3,11,12,0.206897,1,13,14,0.068966,0,14,15,0.0
66,10,10,0,0.885453,0.939247,0.81,10,0,0,1.0,10,0,0,1.0,10,0,0,1.0,10,0,0,1.0,10,0,0,1.0,10,0,0,1.0,9,1,1,0.9,7,3,3,0.7,4,6,6,0.4,1,9,9,0.1
67,8,7,1,0.787959,0.881406,0.533333,6,1,2,0.8,6,1,2,0.8,6,1,2,0.8,6,1,2,0.8,6,1,2,0.8,5,2,3,0.666667,3,4,5,0.4,2,5,6,0.266667,0,7,8,0.0,0,7,8,0.0
68,8,8,0,0.867575,0.929093,0.775,8,0,0,1.0,8,0,0,1.0,8,0,0,1.0,8,0,0,1.0,8,0,0,1.0,8,0,0,1.0,7,1,1,0.875,5,3,3,0.625,2,6,6,0.25,0,8,8,0.0
69,13,11,2,0.794923,0.885746,0.575,10,1,3,0.833333,10,1,3,0.833333,10,1,3,0.833333,10,1,3,0.833333,9,2,4,0.75,9,2,4,0.75,7,4,6,0.583333,4,7,9,0.333333,0,11,13,0.0,0,11,13,0.0
70,8,7,1,0.885395,0.939214,0.773333,7,0,1,0.933333,7,0,1,0.933333,7,0,1,0.933333,7,0,1,0.933333,7,0,1,0.933333,7,0,1,0.933333,7,0,1,0.933333,6,1,2,0.8,2,5,6,0.266667,1,6,7,0.133333
71,5,6,1,0.904529,0.949871,0.8,5,1,0,0.909091,5,1,0,0.909091,5,1,0,0.909091,5,1,0,0.909091,5,1,0,0.909091,5,1,0,0.909091,5,1,0,0.909091,4,2,1,0.727273,3,3,2,0.545455,2,4,3,0.363636
72,15,18,3,0.639463,0.780088,0.218182,6,12,9,0.363636,5,13,10,0.30303,4,14,11,0.242424,4,14,11,0.242424,4,14,11,0.242424,4,14,11,0.242424,3,15,12,0.181818,3,15,12,0.181818,3,15,12,0.181818,0,18,15,0.0
73,10,10,0,0.560635,0.71847,0.13,3,7,7,0.3,2,8,8,0.2,2,8,8,0.2,2,8,8,0.2,1,9,9,0.1,1,9,9,0.1,1,9,9,0.1,1,9,9,0.1,0,10,10,0.0,0,10,10,0.0
74,10,9,1,0.8808,0.936623,0.831579,9,0,1,0.947368,9,0,1,0.947368,9,0,1,0.947368,9,0,1,0.947368,9,0,1,0.947368,9,0,1,0.947368,8,1,2,0.842105,8,1,2,0.842105,7,2,3,0.736842,2,7,8,0.210526
75,38,33,5,0.615638,0.762099,0.225352,27,6,11,0.760563,22,11,16,0.619718,15,18,23,0.422535,9,24,29,0.253521,6,27,32,0.169014,1,32,37,0.028169,0,33,38,0.0,0,33,38,0.0,0,33,38,0.0,0,33,38,0.0
76,1,1,0,0.979592,0.989691,1.0,1,0,0,1.0,1,0,0,1.0,1,0,0,1.0,1,0,0,1.0,1,0,0,1.0,1,0,0,1.0,1,0,0,1.0,1,0,0,1.0,1,0,0,1.0,1,0,0,1.0
77,41,38,3,0.900371,0.947574,0.762025,37,1,4,0.936709,34,4,7,0.860759,34,4,7,0.860759,34,4,7,0.860759,34,4,7,0.860759,34,4,7,0.860759,34,4,7,0.860759,29,9,12,0.734177,21,17,20,0.531646,10,28,31,0.253165
78,14,14,0,0.767178,0.868252,0.4,7,7,7,0.5,7,7,7,0.5,7,7,7,0.5,7,7,7,0.5,7,7,7,0.5,6,8,8,0.428571,5,9,9,0.357143,5,9,9,0.357143,4,10,10,0.285714,1,13,13,0.071429
79,12,11,1,0.663244,0.79753,0.234783,4,7,8,0.347826,4,7,8,0.347826,4,7,8,0.347826,4,7,8,0.347826,4,7,8,0.347826,3,8,9,0.26087,2,9,10,0.173913,1,10,11,0.086957,1,10,11,0.086957,0,11,12,0.0
80,1,1,0,0.920455,0.95858,0.9,1,0,0,1.0,1,0,0,1.0,1,0,0,1.0,1,0,0,1.0,1,0,0,1.0,1,0,0,1.0,1,0,0,1.0,1,0,0,1.0,1,0,0,1.0,0,1,1,0.0
81,9,10,1,0.911017,0.953437,0.842105,9,1,0,0.947368,9,1,0,0.947368,9,1,0,0.947368,9,1,0,0.947368,9,1,0,0.947368,9,1,0,0.947368,9,1,0,0.947368,8,2,1,0.842105,7,3,2,0.736842,2,8,7,0.210526
82,2,1,1,0.0,0.0,0.0,0,1,2,0.0,0,1,2,0.0,0,1,2,0.0,0,1,2,0.0,0,1,2,0.0,0,1,2,0.0,0,1,2,0.0,0,1,2,0.0,0,1,2,0.0,0,1,2,0.0
83,10,2,8,0.0,0.0,0.0,0,2,10,0.0,0,2,10,0.0,0,2,10,0.0,0,2,10,0.0,0,2,10,0.0,0,2,10,0.0,0,2,10,0.0,0,2,10,0.0,0,2,10,0.0,0,2,10,0.0
84,2,0,2,0.0,0.0,0.0,0,0,2,0.0,0,0,2,0.0,0,0,2,0.0,0,0,2,0.0,0,0,2,0.0,0,0,2,0.0,0,0,2,0.0,0,0,2,0.0,0,0,2,0.0,0,0,2,0.0
85,27,16,11,0.724421,0.84019,0.362791,13,3,14,0.604651,13,3,14,0.604651,12,4,15,0.55814,12,4,15,0.55814,9,7,18,0.418605,8,8,19,0.372093,7,9,20,0.325581,2,14,25,0.093023,1,15,26,0.046512,1,15,26,0.046512
86,17,9,8,0.765525,0.867193,0.138462,4,5,13,0.307692,4,5,13,0.307692,3,6,14,0.230769,3,6,14,0.230769,2,7,15,0.153846,1,8,16,0.076923,1,8,16,0.076923,0,9,17,0.0,0,9,17,0.0,0,9,17,0.0
87,20,22,2,0.748639,0.856253,0.447619,15,7,5,0.714286,14,8,6,0.666667,14,8,6,0.666667,13,9,7,0.619048,13,9,7,0.619048,12,10,8,0.571429,8,14,12,0.380952,4,18,16,0.190476,1,21,19,0.047619,0,22,20,0.0
88,13,9,4,0.73828,0.849438,0.181818,4,5,9,0.363636,4,5,9,0.363636,4,5,9,0.363636,2,7,11,0.181818,2,7,11,0.181818,1,8,12,0.090909,1,8,12,0.090909,1,8,12,0.090909,1,8,12,0.090909,0,9,13,0.0
89,60,29,31,0.736516,0.848268,0.220225,18,11,42,0.404494,18,11,42,0.404494,17,12,43,0.382022,14,15,46,0.314607,12,17,48,0.269663,9,20,51,0.202247,6,23,54,0.134831,3,26,57,0.067416,1,28,59,0.022472,0,29,60,0.0
90,43,27,16,0.717305,0.835384,0.317143,20,7,23,0.571429,18,9,25,0.514286,18,9,25,0.514286,15,12,28,0.428571,14,13,29,0.4,13,14,30,0.371429,8,19,35,0.228571,3,24,40,0.085714,2,25,41,0.057143,0,27,43,0.0
91,30,6,24,0.594613,0.745777,0.044444,1,5,29,0.055556,1,5,29,0.055556,1,5,29,0.055556,1,5,29,0.055556,1,5,29,0.055556,1,5,29,0.055556,1,5,29,0.055556,1,5,29,0.055556,0,6,30,0.0,0,6,30,0.0
92,48,27,21,0.800763,0.889359,0.344,20,7,28,0.533333,20,7,28,0.533333,19,8,29,0.506667,17,10,31,0.453333,17,10,31,0.453333,16,11,32,0.426667,13,14,35,0.346667,6,21,42,0.16,1,26,47,0.026667,0,27,48,0.0
93,44,32,12,0.699255,0.823013,0.321053,21,11,23,0.552632,19,13,25,0.5,17,15,27,0.447368,16,16,28,0.421053,15,17,29,0.394737,13,19,31,0.342105,13,19,31,0.342105,7,25,37,0.184211,1,31,43,0.026316,0,32,44,0.0
94,12,16,4,0.568218,0.724667,0.214286,7,9,5,0.5,6,10,6,0.428571,5,11,7,0.357143,4,12,8,0.285714,3,13,9,0.214286,2,14,10,0.142857,1,15,11,0.071429,1,15,11,0.071429,1,15,11,0.071429,0,16,12,0.0
95,61,34,27,0.725589,0.840975,0.229474,20,14,41,0.421053,18,16,43,0.378947,16,18,45,0.336842,14,20,47,0.294737,14,20,47,0.294737,11,23,50,0.231579,9,25,52,0.189474,6,28,55,0.126316,1,33,60,0.021053,0,34,61,0.0
96,11,13,2,0.605503,0.754285,0.108333,4,9,7,0.333333,3,10,8,0.25,1,12,10,0.083333,1,12,10,0.083333,1,12,10,0.083333,1,12,10,0.083333,1,12,10,0.083333,1,12,10,0.083333,0,13,11,0.0,0,13,11,0.0
97,24,21,3,0.651317,0.788846,0.257778,13,8,11,0.577778,12,9,12,0.533333,11,10,13,0.488889,10,11,14,0.444444,6,15,18,0.266667,4,17,20,0.177778,1,20,23,0.044444,1,20,23,0.044444,0,21,24,0.0,0,21,24,0.0
98,30,22,8,0.430236,0.601629,0.184615,12,10,18,0.461538,9,13,21,0.346154,7,15,23,0.269231,6,16,24,0.230769,5,17,25,0.192308,4,18,26,0.153846,3,19,27,0.115385,2,20,28,0.076923,0,22,30,0.0,0,22,30,0.0
99,95,20,75,0.659205,0.794603,0.064348,10,10,85,0.173913,9,11,86,0.156522,8,12,87,0.13913,5,15,90,0.086957,4,16,91,0.069565,1,19,94,0.017391,0,20,95,0.0,0,20,95,0.0,0,20,95,0.0,0,20,95,0.0
100,90,48,42,0.569518,0.725724,0.218841,30,18,60,0.434783,29,19,61,0.42029,27,21,63,0.391304,23,25,67,0.333333,19,29,71,0.275362,13,35,77,0.188406,7,41,83,0.101449,3,45,87,0.043478,0,48,90,0.0,0,48,90,0.0
0,11,14,3,0.827375,0.905534,0.72,11,3,0,0.88,11,3,0,0.88,11,3,0,0.88,11,3,0,0.88,11,3,0,0.88,10,4,1,0.8,10,4,1,0.8,8,6,3,0.64,5,9,6,0.4,2,12,9,0.16
1,9,11,2,0.755842,0.860945,0.59,8,3,1,0.8,8,3,1,0.8,8,3,1,0.8,8,3,1,0.8,8,3,1,0.8,7,4,2,0.7,7,4,2,0.7,4,7,5,0.4,1,10,8,0.1,0,11,9,0.0
2,52,15,37,0.696686,0.821232,0.047761,6,9,46,0.179104,4,11,48,0.119403,3,12,49,0.089552,2,13,50,0.059701,1,14,51,0.029851,0,15,52,0.0,0,15,52,0.0,0,15,52,0.0,0,15,52,0.0,0,15,52,0.0
3,9,10,1,0.826724,0.905144,0.663158,9,1,0,0.947368,9,1,0,0.947368,8,2,1,0.842105,8,2,1,0.842105,8,2,1,0.842105,8,2,1,0.842105,6,4,3,0.631579,4,6,5,0.421053,2,8,7,0.210526,1,9,8,0.105263
4,65,57,8,0.635783,0.777344,0.280328,40,17,25,0.655738,37,20,28,0.606557,33,24,32,0.540984,28,29,37,0.459016,16,41,49,0.262295,8,49,57,0.131148,6,51,59,0.098361,3,54,62,0.04918,0,57,65,0.0,0,57,65,0.0
5,18,22,4,0.878904,0.93555,0.435,12,10,6,0.6,11,11,7,0.55,11,11,7,0.55,11,11,7,0.55,11,11,7,0.55,10,12,8,0.5,8,14,10,0.4,7,15,11,0.35,5,17,13,0.25,1,21,17,0.05
6,58,52,6,0.886715,0.939956,0.667273,48,4,10,0.872727,43,9,15,0.781818,43,9,15,0.781818,43,9,15,0.781818,41,11,17,0.745455,41,11,17,0.745455,41,11,17,0.745455,35,17,23,0.636364,26,26,32,0.472727,6,46,52,0.109091
7,11,11,0,0.726151,0.841353,0.5,8,3,3,0.727273,8,3,3,0.727273,8,3,3,0.727273,7,4,4,0.636364,7,4,4,0.636364,6,5,5,0.545455,4,7,7,0.363636,4,7,7,0.363636,3,8,8,0.272727,0,11,11,0.0
8,12,9,3,0.914267,0.955214,0.495238,9,0,3,0.857143,7,2,5,0.666667,7,2,5,0.666667,7,2,5,0.666667,6,3,6,0.571429,5,4,7,0.47619,5,4,7,0.47619,4,5,8,0.380952,2,7,10,0.190476,0,9,12,0.0
9,19,20,1,0.735487,0.847586,0.394872,14,6,5,0.717949,14,6,5,0.717949,13,7,6,0.666667,13,7,6,0.666667,9,11,10,0.461538,8,12,11,0.410256,4,16,15,0.205128,1,19,18,0.051282,1,19,18,0.051282,0,20,19,0.0
10,43,51,8,0.741948,0.85186,0.534043,39,12,4,0.829787,36,15,7,0.765957,35,16,8,0.744681,34,17,9,0.723404,31,20,12,0.659574,29,22,14,0.617021,23,28,20,0.489362,15,36,28,0.319149,8,43,35,0.170213,1,50,42,0.021277
11,7,7,0,0.823805,0.903392,0.685714,7,0,0,1.0,7,0,0,1.0,7,0,0,1.0,7,0,0,1.0,7,0,0,1.0,7,0,0,1.0,4,3,3,0.571429,2,5,5,0.285714,0,7,7,0.0,0,7,7,0.0
12,77,4,73,0.003424,0.006825,0.0,0,4,77,0.0,0,4,77,0.0,0,4,77,0.0,0,4,77,0.0,0,4,77,0.0,0,4,77,0.0,0,4,77,0.0,0,4,77,0.0,0,4,77,0.0,0,4,77,0.0
13,37,35,2,0.871208,0.931172,0.688889,31,4,6,0.861111,31,4,6,0.861111,31,4,6,0.861111,30,5,7,0.833333,30,5,7,0.833333,29,6,8,0.805556,28,7,9,0.777778,23,12,14,0.638889,13,22,24,0.361111,2,33,35,0.055556
14,56,47,9,0.770645,0.870468,0.481553,38,9,18,0.737864,38,9,18,0.737864,34,13,22,0.660194,29,18,27,0.563107,28,19,28,0.543689,28,19,28,0.543689,24,23,32,0.466019,16,31,40,0.31068,11,36,45,0.213592,2,45,54,0.038835
15,17,18,1,0.914879,0.955548,0.782857,17,1,0,0.971429,17,1,0,0.971429,16,2,1,0.914286,16,2,1,0.914286,15,3,2,0.857143,15,3,2,0.857143,15,3,2,0.857143,14,4,3,0.8,9,9,8,0.514286,3,15,14,0.171429
16,9,13,4,0.888691,0.941065,0.463636,6,7,3,0.545455,6,7,3,0.545455,6,7,3,0.545455,6,7,3,0.545455,6,7,3,0.545455,6,7,3,0.545455,6,7,3,0.545455,6,7,3,0.545455,2,11,7,0.181818,1,12,8,0.090909
17,21,17,4,0.880819,0.936634,0.673684,15,2,6,0.789474,15,2,6,0.789474,15,2,6,0.789474,14,3,7,0.736842,14,3,7,0.736842,14,3,7,0.736842,14,3,7,0.736842,14,3,7,0.736842,10,7,11,0.526316,3,14,18,0.157895
18,51,48,3,0.748786,0.856349,0.460606,40,8,11,0.808081,40,8,11,0.808081,40,8,11,0.808081,37,11,14,0.747475,30,18,21,0.606061,23,25,28,0.464646,12,36,39,0.242424,6,42,45,0.121212,0,48,51,0.0,0,48,51,0.0
19,28,29,1,0.60832,0.756467,0.305263,17,12,11,0.596491,15,14,13,0.526316,14,15,14,0.491228,12,17,16,0.421053,11,18,17,0.385965,8,21,20,0.280702,7,22,21,0.245614,3,26,25,0.105263,0,29,28,0.0,0,29,28,0.0
20,25,22,3,0.900109,0.947429,0.604255,20,2,5,0.851064,20,2,5,0.851064,18,4,7,0.765957,17,5,8,0.723404,17,5,8,0.723404,15,7,10,0.638298,14,8,11,0.595745,13,9,12,0.553191,6,16,19,0.255319,2,20,23,0.085106
21,40,34,6,0.71273,0.832274,0.354054,26,8,14,0.702703,23,11,17,0.621622,21,13,19,0.567568,19,15,21,0.513514,17,17,23,0.459459,12,22,28,0.324324,8,26,32,0.216216,5,29,35,0.135135,0,34,40,0.0,0,34,40,0.0
22,22,23,1,0.84014,0.913126,0.728889,22,1,0,0.977778,22,1,0,0.977778,22,1,0,0.977778,22,1,0,0.977778,22,1,0,0.977778,22,1,0,0.977778,19,4,3,0.844444,8,15,14,0.355556,5,18,17,0.222222,0,23,22,0.0
23,54,50,4,0.722588,0.838956,0.442308,45,5,9,0.865385,44,6,10,0.846154,41,9,13,0.788462,35,15,19,0.673077,31,19,23,0.596154,21,29,33,0.403846,10,40,44,0.192308,3,47,51,0.057692,0,50,54,0.0,0,50,54,0.0
24,33,34,1,0.764264,0.866383,0.489552,26,8,7,0.776119,26,8,7,0.776119,26,8,7,0.776119,22,12,11,0.656716,20,14,13,0.597015,19,15,14,0.567164,14,20,19,0.41791,7,27,26,0.208955,4,30,29,0.119403,0,34,33,0.0
25,9,12,3,0.622717,0.767499,0.2,4,8,5,0.380952,4,8,5,0.380952,4,8,5,0.380952,3,9,6,0.285714,3,9,6,0.285714,1,11,8,0.095238,1,11,8,0.095238,1,11,8,0.095238,0,12,9,0.0,0,12,9,0.0
26,14,13,1,0.753846,0.859649,0.511111,11,2,3,0.814815,11,2,3,0.814815,11,2,3,0.814815,9,4,5,0.666667,7,6,7,0.518519,7,6,7,0.518519,6,7,8,0.444444,4,9,10,0.296296,3,10,11,0.222222,0,13,14,0.0
27,73,65,8,0.776404,0.87413,0.602899,61,4,12,0.884058,59,6,14,0.855072,58,7,15,0.84058,57,8,16,0.826087,54,11,19,0.782609,48,17,25,0.695652,43,22,30,0.623188,24,41,49,0.347826,9,56,64,0.130435,3,62,70,0.043478
28,8,12,4,0.792913,0.884497,0.53,7,5,1,0.7,6,6,2,0.6,6,6,2,0.6,6,6,2,0.6,6,6,2,0.6,6,6,2,0.6,6,6,2,0.6,6,6,2,0.6,3,9,5,0.3,1,11,7,0.1
29,4,3,1,0.780453,0.87669,0.6,3,0,1,0.857143,3,0,1,0.857143,3,0,1,0.857143,3,0,1,0.857143,3,0,1,0.857143,2,1,2,0.571429,2,1,2,0.571429,1,2,3,0.285714,1,2,3,0.285714,0,3,4,0.0
30,12,17,5,0.45644,0.626789,0.103448,5,12,7,0.344828,3,14,9,0.206897,2,15,10,0.137931,2,15,10,0.137931,2,15,10,0.137931,1,16,11,0.068966,0,17,12,0.0,0,17,12,0.0,0,17,12,0.0,0,17,12,0.0
31,28,25,3,0.896315,0.945323,0.788679,25,0,3,0.943396,25,0,3,0.943396,25,0,3,0.943396,25,0,3,0.943396,25,0,3,0.943396,24,1,4,0.90566,23,2,5,0.867925,22,3,6,0.830189,15,10,13,0.566038,0,25,28,0.0
32,4,4,0,0.223427,0.365248,0.325,2,2,2,0.5,2,2,2,0.5,2,2,2,0.5,2,2,2,0.5,2,2,2,0.5,1,3,3,0.25,1,3,3,0.25,1,3,3,0.25,0,4,4,0.0,0,4,4,0.0
33,27,27,0,0.847939,0.917713,0.688889,23,4,4,0.851852,23,4,4,0.851852,23,4,4,0.851852,22,5,5,0.814815,22,5,5,0.814815,20,7,7,0.740741,20,7,7,0.740741,18,9,9,0.666667,13,14,14,0.481481,2,25,25,0.074074
34,12,14,2,0.798802,0.888149,0.638462,12,2,0,0.923077,12,2,0,0.923077,12,2,0,0.923077,12,2,0,0.923077,11,3,1,0.846154,10,4,2,0.769231,10,4,2,0.769231,2,12,10,0.153846,2,12,10,0.153846,0,14,12,0.0
35,13,9,4,0.910557,0.953185,0.627273,9,0,4,0.818182,9,0,4,0.818182,9,0,4,0.818182,8,1,5,0.727273,8,1,5,0.727273,7,2,6,0.636364,7,2,6,0.636364,7,2,6,0.636364,5,4,8,0.454545,0,9,13,0.0
36,17,16,1,0.878092,0.935089,0.763636,16,0,1,0.969697,16,0,1,0.969697,15,1,2,0.909091,14,2,3,0.848485,14,2,3,0.848485,13,3,4,0.787879,12,4,5,0.727273,11,5,6,0.666667,10,6,7,0.606061,5,11,12,0.30303
37,8,8,0,0.506241,0.672192,0.35,5,3,3,0.625,5,3,3,0.625,4,4,4,0.5,4,4,4,0.5,3,5,5,0.375,3,5,5,0.375,2,6,6,0.25,1,7,7,0.125,1,7,7,0.125,0,8,8,0.0
38,14,13,1,0.893598,0.94381,0.622222,10,3,4,0.740741,10,3,4,0.740741,10,3,4,0.740741,10,3,4,0.740741,10,3,4,0.740741,10,3,4,0.740741,10,3,4,0.740741,8,5,6,0.592593,6,7,8,0.444444,0,13,14,0.0
39,65,53,12,0.72691,0.841862,0.466102,43,10,22,0.728814,43,10,22,0.728814,40,13,25,0.677966,35,18,30,0.59322,35,18,30,0.59322,31,22,34,0.525424,24,29,41,0.40678,16,37,49,0.271186,6,47,59,0.101695,2,51,63,0.033898
40,86,69,17,0.405181,0.576695,0.24129,35,34,51,0.451613,31,38,55,0.4,27,42,59,0.348387,26,43,60,0.335484,21,48,65,0.270968,18,51,68,0.232258,16,53,70,0.206452,8,61,78,0.103226,4,65,82,0.051613,1,68,85,0.012903
41,16,16,0,0.905638,0.950483,0.79375,16,0,0,1.0,16,0,0,1.0,16,0,0,1.0,15,1,1,0.9375,14,2,2,0.875,14,2,2,0.875,14,2,2,0.875,13,3,3,0.8125,6,10,10,0.375,3,13,13,0.1875
42,46,43,3,0.632847,0.775145,0.431461,27,16,19,0.606742,27,16,19,0.606742,27,16,19,0.606742,24,19,22,0.539326,24,19,22,0.539326,20,23,26,0.449438,17,26,29,0.382022,15,28,31,0.337079,9,34,37,0.202247,2,41,44,0.044944
43,10,10,0,0.86193,0.925846,0.73,9,1,1,0.9,9,1,1,0.9,9,1,1,0.9,8,2,2,0.8,8,2,2,0.8,8,2,2,0.8,8,2,2,0.8,7,3,3,0.7,6,4,4,0.6,1,9,9,0.1
44,21,15,6,0.672902,0.804473,0.294444,9,6,12,0.5,9,6,12,0.5,8,7,13,0.444444,8,7,13,0.444444,6,9,15,0.333333,6,9,15,0.333333,4,11,17,0.222222,2,13,19,0.111111,1,14,20,0.055556,0,15,21,0.0
45,46,40,6,0.894024,0.944047,0.688372,37,3,9,0.860465,35,5,11,0.813953,35,5,11,0.813953,35,5,11,0.813953,35,5,11,0.813953,35,5,11,0.813953,35,5,11,0.813953,31,9,15,0.72093,15,25,31,0.348837,3,37,43,0.069767
46,8,9,1,0.841116,0.913702,0.694118,8,1,0,0.941176,8,1,0,0.941176,8,1,0,0.941176,8,1,0,0.941176,8,1,0,0.941176,8,1,0,0.941176,6,3,2,0.705882,5,4,3,0.588235,0,9,8,0.0,0,9,8,0.0
47,10,14,4,0.69193,0.817918,0.483333,9,5,1,0.75,8,6,2,0.666667,8,6,2,0.666667,8,6,2,0.666667,8,6,2,0.666667,8,6,2,0.666667,8,6,2,0.666667,1,13,9,0.083333,0,14,10,0.0,0,14,10,0.0
48,30,21,9,0.35673,0.525867,0.164706,11,10,19,0.431373,7,14,23,0.27451,6,15,24,0.235294,5,16,25,0.196078,5,16,25,0.196078,4,17,26,0.156863,2,19,28,0.078431,1,20,29,0.039216,1,20,29,0.039216,0,21,30,0.0
49,2,4,2,0.522523,0.686391,0.166667,1,3,1,0.333333,1,3,1,0.333333,1,3,1,0.333333,1,3,1,0.333333,1,3,1,0.333333,0,4,2,0.0,0,4,2,0.0,0,4,2,0.0,0,4,2,0.0,0,4,2,0.0
50,13,15,2,0.852968,0.920651,0.742857,13,2,0,0.928571,13,2,0,0.928571,13,2,0,0.928571,13,2,0,0.928571,12,3,1,0.857143,12,3,1,0.857143,11,4,2,0.785714,10,5,3,0.714286,7,8,6,0.5,0,15,13,0.0
51,19,17,2,0.798801,0.888148,0.466667,15,2,4,0.833333,13,4,6,0.722222,12,5,7,0.666667,12,5,7,0.666667,12,5,7,0.666667,8,9,11,0.444444,7,10,12,0.388889,3,14,16,0.166667,2,15,17,0.111111,0,17,19,0.0
52,49,44,5,0.708242,0.829206,0.333333,31,13,18,0.666667,30,14,19,0.645161,27,17,22,0.580645,23,21,26,0.494624,20,24,29,0.430108,13,31,36,0.27957,7,37,42,0.150538,3,41,46,0.064516,1,43,48,0.021505,0,44,49,0.0
53,11,15,4,0.775388,0.873486,0.546154,11,4,0,0.846154,11,4,0,0.846154,11,4,0,0.846154,10,5,1,0.769231,10,5,1,0.769231,8,7,3,0.615385,7,8,4,0.538462,3,12,8,0.230769,0,15,11,0.0,0,15,11,0.0
54,13,13,0,0.872157,0.931714,0.769231,13,0,0,1.0,13,0,0,1.0,13,0,0,1.0,13,0,0,1.0,13,0,0,1.0,12,1,1,0.923077,11,2,2,0.846154,8,5,5,0.615385,4,9,9,0.307692,0,13,13,0.0
55,13,19,6,0.894956,0.944567,0.51875,10,9,3,0.625,10,9,3,0.625,10,9,3,0.625,10,9,3,0.625,10,9,3,0.625,9,10,4,0.5625,9,10,4,0.5625,8,11,5,0.5,6,13,7,0.375,1,18,12,0.0625
56,16,15,1,0.532774,0.695177,0.354839,8,7,8,0.516129,7,8,9,0.451613,7,8,9,0.451613,7,8,9,0.451613,7,8,9,0.451613,6,9,10,0.387097,6,9,10,0.387097,5,10,11,0.322581,2,13,14,0.129032,0,15,16,0.0
57,19,11,8,0.867897,0.929277,0.36,9,2,10,0.6,8,3,11,0.533333,8,3,11,0.533333,6,5,13,0.4,6,5,13,0.4,6,5,13,0.4,6,5,13,0.4,4,7,15,0.266667,1,10,18,0.066667,0,11,19,0.0
58,15,12,3,0.679571,0.80922,0.348148,9,3,6,0.666667,8,4,7,0.592593,8,4,7,0.592593,8,4,7,0.592593,5,7,10,0.37037,4,8,11,0.296296,3,9,12,0.222222,1,11,14,0.074074,1,11,14,0.074074,0,12,15,0.0
59,8,10,2,0.755086,0.860455,0.522222,8,2,0,0.888889,8,2,0,0.888889,7,3,1,0.777778,7,3,1,0.777778,6,4,2,0.666667,5,5,3,0.555556,4,6,4,0.444444,2,8,6,0.222222,0,10,8,0.0,0,10,8,0.0
60,35,34,1,0.885542,0.939297,0.730435,31,3,4,0.898551,30,4,5,0.869565,30,4,5,0.869565,30,4,5,0.869565,29,5,6,0.84058,29,5,6,0.84058,29,5,6,0.84058,26,8,9,0.753623,14,20,21,0.405797,4,30,31,0.115942
61,64,47,17,0.253357,0.404285,0.068468,7,40,57,0.126126,6,41,58,0.108108,6,41,58,0.108108,5,42,59,0.09009,4,43,60,0.072072,4,43,60,0.072072,3,44,61,0.054054,2,45,62,0.036036,1,46,63,0.018018,0,47,64,0.0
62,21,16,5,0.697384,0.821716,0.302703,14,2,7,0.756757,10,6,11,0.540541,8,8,13,0.432432,7,9,14,0.378378,5,11,16,0.27027,4,12,17,0.216216,3,13,18,0.162162,3,13,18,0.162162,1,15,20,0.054054,1,15,20,0.054054
63,14,17,3,0.892002,0.942919,0.632258,13,4,1,0.83871,13,4,1,0.83871,13,4,1,0.83871,13,4,1,0.83871,13,4,1,0.83871,10,7,4,0.645161,10,7,4,0.645161,8,9,6,0.516129,5,12,9,0.322581,0,17,14,0.0
64,9,10,1,0.828607,0.906272,0.684211,9,1,0,0.947368,9,1,0,0.947368,9,1,0,0.947368,9,1,0,0.947368,9,1,0,0.947368,9,1,0,0.947368,6,4,3,0.631579,4,6,5,0.421053,1,9,8,0.105263,0,10,9,0.0
65,15,18,3,0.891997,0.942916,0.618182,13,5,2,0.787879,13,5,2,0.787879,13,5,2,0.787879,13,5,2,0.787879,13,5,2,0.787879,13,5,2,0.787879,11,7,4,0.666667,9,9,6,0.545455,4,14,11,0.242424,0,18,15,0.0
66,10,10,0,0.866253,0.928334,0.78,10,0,0,1.0,10,0,0,1.0,10,0,0,1.0,10,0,0,1.0,10,0,0,1.0,9,1,1,0.9,8,2,2,0.8,7,3,3,0.7,4,6,6,0.4,0,10,10,0.0
67,8,7,1,0.793103,0.884615,0.2,5,2,3,0.666667,4,3,4,0.533333,4,3,4,0.533333,1,6,7,0.133333,1,6,7,0.133333,0,7,8,0.0,0,7,8,0.0,0,7,8,0.0,0,7,8,0.0,0,7,8,0.0
68,8,8,0,0.849408,0.918573,0.775,8,0,0,1.0,8,0,0,1.0,8,0,0,1.0,8,0,0,1.0,8,0,0,1.0,7,1,1,0.875,7,1,1,0.875,5,3,3,0.625,3,5,5,0.375,0,8,8,0.0
69,13,12,1,0.864928,0.927572,0.648,11,1,2,0.88,11,1,2,0.88,11,1,2,0.88,10,2,3,0.8,10,2,3,0.8,10,2,3,0.8,9,3,4,0.72,7,5,6,0.56,2,10,11,0.16,0,12,13,0.0
70,8,11,3,0.743026,0.85257,0.536842,8,3,0,0.842105,7,4,1,0.736842,7,4,1,0.736842,7,4,1,0.736842,7,4,1,0.736842,7,4,1,0.736842,6,5,2,0.631579,1,10,7,0.105263,1,10,7,0.105263,0,11,8,0.0
71,5,6,1,0.772861,0.87188,0.545455,5,1,0,0.909091,5,1,0,0.909091,5,1,0,0.909091,5,1,0,0.909091,4,2,1,0.727273,3,3,2,0.545455,3,3,2,0.545455,0,6,5,0.0,0,6,5,0.0,0,6,5,0.0
72,15,14,1,0.855037,0.921855,0.448276,8,6,7,0.551724,8,6,7,0.551724,8,6,7,0.551724,8,6,7,0.551724,8,6,7,0.551724,8,6,7,0.551724,8,6,7,0.551724,5,9,10,0.344828,3,11,12,0.206897,1,13,14,0.068966
73,10,6,4,0.916667,0.956522,0.3375,5,1,5,0.625,4,2,6,0.5,3,3,7,0.375,3,3,7,0.375,3,3,7,0.375,3,3,7,0.375,3,3,7,0.375,2,4,8,0.25,1,5,9,0.125,0,6,10,0.0
74,10,13,3,0.678795,0.808669,0.53913,10,3,0,0.869565,10,3,0,0.869565,10,3,0,0.869565,9,4,1,0.782609,9,4,1,0.782609,7,6,3,0.608696,5,8,5,0.434783,2,11,8,0.173913,0,13,10,0.0,0,13,10,0.0
75,38,35,3,0.719317,0.836747,0.328767,26,9,12,0.712329,24,11,14,0.657534,20,15,18,0.547945,19,16,19,0.520548,14,21,24,0.383562,9,26,29,0.246575,4,31,34,0.109589,3,32,35,0.082192,1,34,37,0.027397,0,35,38,0.0
76,1,1,0,0.803279,0.890909,0.7,1,0,0,1.0,1,0,0,1.0,1,0,0,1.0,1,0,0,1.0,1,0,0,1.0,1,0,0,1.0,1,0,0,1.0,0,1,1,0.0,0,1,1,0.0,0,1,1,0.0
77,41,39,2,0.844811,0.915878,0.65,33,6,8,0.825,33,6,8,0.825,33,6,8,0.825,33,6,8,0.825,33,6,8,0.825,32,7,9,0.8,26,13,15,0.65,24,15,17,0.6,11,28,30,0.275,2,37,39,0.05
78,14,14,0,0.873516,0.932489,0.557143,10,4,4,0.714286,10,4,4,0.714286,10,4,4,0.714286,10,4,4,0.714286,10,4,4,0.714286,10,4,4,0.714286,9,5,5,0.642857,6,8,8,0.428571,3,11,11,0.214286,0,14,14,0.0
79,12,9,3,0.902577,0.948794,0.619048,9,0,3,0.857143,8,1,4,0.761905,8,1,4,0.761905,8,1,4,0.761905,7,2,5,0.666667,7,2,5,0.666667,7,2,5,0.666667,7,2,5,0.666667,4,5,8,0.380952,0,9,12,0.0
80,1,1,0,0.869318,0.930091,0.8,1,0,0,1.0,1,0,0,1.0,1,0,0,1.0,1,0,0,1.0,1,0,0,1.0,1,0,0,1.0,1,0,0,1.0,1,0,0,1.0,0,1,1,0.0,0,1,1,0.0
81,9,9,0,0.920955,0.958851,0.877778,9,0,0,1.0,9,0,0,1.0,9,0,0,1.0,9,0,0,1.0,9,0,0,1.0,9,0,0,1.0,9,0,0,1.0,9,0,0,1.0,6,3,3,0.666667,1,8,8,0.111111
82,2,0,2,0.0,0.0,0.0,0,0,2,0.0,0,0,2,0.0,0,0,2,0.0,0,0,2,0.0,0,0,2,0.0,0,0,2,0.0,0,0,2,0.0,0,0,2,0.0,0,0,2,0.0,0,0,2,0.0
83,10,0,10,0.0,0.0,0.0,0,0,10,0.0,0,0,10,0.0,0,0,10,0.0,0,0,10,0.0,0,0,10,0.0,0,0,10,0.0,0,0,10,0.0,0,0,10,0.0,0,0,10,0.0,0,0,10,0.0
84,2,0,2,0.0,0.0,0.0,0,0,2,0.0,0,0,2,0.0,0,0,2,0.0,0,0,2,0.0,0,0,2,0.0,0,0,2,0.0,0,0,2,0.0,0,0,2,0.0,0,0,2,0.0,0,0,2,0.0
85,27,16,11,0.725188,0.840706,0.362791,13,3,14,0.604651,13,3,14,0.604651,12,4,15,0.55814,11,5,16,0.511628,10,6,17,0.465116,9,7,18,0.418605,6,10,21,0.27907,4,12,23,0.186047,0,16,27,0.0,0,16,27,0.0
86,17,8,9,0.754817,0.86028,0.128,4,4,13,0.32,3,5,14,0.24,3,5,14,0.24,3,5,14,0.24,1,7,16,0.08,1,7,16,0.08,1,7,16,0.08,0,8,17,0.0,0,8,17,0.0,0,8,17,0.0
87,20,21,1,0.771702,0.871142,0.517073,16,5,4,0.780488,14,7,6,0.682927,14,7,6,0.682927,14,7,6,0.682927,13,8,7,0.634146,13,8,7,0.634146,11,10,9,0.536585,7,14,13,0.341463,4,17,16,0.195122,0,21,20,0.0
88,13,9,4,0.752567,0.858817,0.218182,4,5,9,0.363636,4,5,9,0.363636,4,5,9,0.363636,3,6,10,0.272727,3,6,10,0.272727,2,7,11,0.181818,1,8,12,0.090909,1,8,12,0.090909,1,8,12,0.090909,1,8,12,0.090909
89,60,29,31,0.751881,0.85837,0.224719,18,11,42,0.404494,18,11,42,0.404494,17,12,43,0.382022,15,14,45,0.337079,12,17,48,0.269663,11,18,49,0.247191,7,22,53,0.157303,1,28,59,0.022472,1,28,59,0.022472,0,29,60,0.0
90,43,28,15,0.661681,0.7964,0.295775,21,7,22,0.591549,19,9,24,0.535211,16,12,27,0.450704,14,14,29,0.394366,11,17,32,0.309859,11,17,32,0.309859,7,21,36,0.197183,3,25,40,0.084507,2,26,41,0.056338,1,27,42,0.028169
91,30,7,23,0.606834,0.755316,0.054054,2,5,28,0.108108,2,5,28,0.108108,2,5,28,0.108108,1,6,29,0.054054,1,6,29,0.054054,1,6,29,0.054054,1,6,29,0.054054,0,7,30,0.0,0,7,30,0.0,0,7,30,0.0
92,48,31,17,0.757199,0.861825,0.318987,22,9,26,0.556962,21,10,27,0.531646,20,11,28,0.506329,18,13,30,0.455696,16,15,32,0.405063,14,17,34,0.35443,8,23,40,0.202532,6,25,42,0.151899,1,30,47,0.025316,0,31,48,0.0
93,44,32,12,0.666814,0.800106,0.331579,21,11,23,0.552632,20,12,24,0.526316,19,13,25,0.5,16,16,28,0.421053,16,16,28,0.421053,15,17,29,0.394737,11,21,33,0.289474,7,25,37,0.184211,1,31,43,0.026316,0,32,44,0.0
94,12,15,3,0.565422,0.722389,0.274074,6,9,6,0.444444,6,9,6,0.444444,6,9,6,0.444444,6,9,6,0.444444,5,10,7,0.37037,4,11,8,0.296296,3,12,9,0.222222,1,14,11,0.074074,0,15,12,0.0,0,15,12,0.0
95,61,37,24,0.668754,0.801501,0.216327,21,16,40,0.428571,19,18,42,0.387755,18,19,43,0.367347,16,21,45,0.326531,13,24,48,0.265306,10,27,51,0.204082,4,33,57,0.081633,4,33,57,0.081633,1,36,60,0.020408,0,37,61,0.0
96,11,10,1,0.603506,0.752733,0.114286,4,6,7,0.380952,2,8,9,0.190476,1,9,10,0.095238,1,9,10,0.095238,1,9,10,0.095238,1,9,10,0.095238,1,9,10,0.095238,1,9,10,0.095238,0,10,11,0.0,0,10,11,0.0
97,24,18,6,0.642797,0.782564,0.257143,13,5,11,0.619048,12,6,12,0.571429,11,7,13,0.52381,9,9,15,0.428571,5,13,19,0.238095,3,15,21,0.142857,1,17,23,0.047619,0,18,24,0.0,0,18,24,0.0,0,18,24,0.0
98,30,22,8,0.375593,0.546081,0.126923,9,13,21,0.346154,6,16,24,0.230769,5,17,25,0.192308,4,18,26,0.153846,4,18,26,0.153846,3,19,27,0.115385,2,20,28,0.076923,0,22,30,0.0,0,22,30,0.0,0,22,30,0.0
99,95,21,74,0.682602,0.811365,0.074138,10,11,85,0.172414,9,12,86,0.155172,9,12,86,0.155172,8,13,87,0.137931,4,17,91,0.068966,3,18,92,0.051724,0,21,95,0.0,0,21,95,0.0,0,21,95,0.0,0,21,95,0.0
100,90,51,39,0.590285,0.742364,0.225532,30,21,60,0.425532,28,23,62,0.397163,27,24,63,0.382979,26,25,64,0.368794,22,29,68,0.312057,13,38,77,0.184397,8,43,82,0.113475,5,46,85,0.070922,0,51,90,0.0,0,51,90,0.0
0,11,11,0,0.927365,0.962314,0.909091,11,0,0,1.0,11,0,0,1.0,11,0,0,1.0,11,0,0,1.0,11,0,0,1.0,11,0,0,1.0,11,0,0,1.0,10,1,1,0.909091,9,2,2,0.818182,4,7,7,0.363636
1,9,9,0,0.911299,0.953591,0.855556,9,0,0,1.0,9,0,0,1.0,9,0,0,1.0,9,0,0,1.0,9,0,0,1.0,9,0,0,1.0,7,2,2,0.777778,7,2,2,0.777778,7,2,2,0.777778,2,7,7,0.222222
2,52,21,31,0.792442,0.884204,0.189041,10,11,42,0.273973,10,11,42,0.273973,10,11,42,0.273973,10,11,42,0.273973,9,12,43,0.246575,8,13,44,0.219178,6,15,46,0.164384,5,16,47,0.136986,1,20,51,0.027397,0,21,52,0.0
3,9,9,0,0.893851,0.943951,0.822222,9,0,0,1.0,9,0,0,1.0,9,0,0,1.0,9,0,0,1.0,9,0,0,1.0,9,0,0,1.0,9,0,0,1.0,7,2,2,0.777778,4,5,5,0.444444,0,9,9,0.0
4,65,64,1,0.837353,0.911478,0.668217,59,5,6,0.914729,59,5,6,0.914729,58,6,7,0.899225,55,9,10,0.852713,53,11,12,0.821705,48,16,17,0.744186,44,20,21,0.682171,36,28,29,0.55814,18,46,47,0.27907,1,63,64,0.015504
5,18,16,2,0.84556,0.916318,0.511765,11,5,7,0.647059,10,6,8,0.588235,10,6,8,0.588235,10,6,8,0.588235,10,6,8,0.588235,9,7,9,0.529412,9,7,9,0.529412,8,8,10,0.470588,7,9,11,0.411765,3,13,15,0.176471
6,58,52,6,0.896193,0.945255,0.696364,48,4,10,0.872727,44,8,14,0.8,44,8,14,0.8,44,8,14,0.8,43,9,15,0.781818,43,9,15,0.781818,43,9,15,0.781818,35,17,23,0.636364,29,23,29,0.527273,10,42,48,0.181818
7,11,11,0,0.818009,0.899896,0.6,10,1,1,0.909091,10,1,1,0.909091,10,1,1,0.909091,8,3,3,0.727273,7,4,4,0.636364,6,5,5,0.545455,6,5,5,0.545455,5,6,6,0.454545,3,8,8,0.272727,1,10,10,0.090909
8,12,6,6,0.817892,0.899825,0.288889,4,2,8,0.444444,3,3,9,0.333333,3,3,9,0.333333,3,3,9,0.333333,3,3,9,0.333333,3,3,9,0.333333,3,3,9,0.333333,2,4,10,0.222222,2,4,10,0.222222,0,6,12,0.0
9,19,19,0,0.787709,0.88125,0.421053,14,5,5,0.736842,13,6,6,0.684211,12,7,7,0.631579,12,7,7,0.631579,11,8,8,0.578947,8,11,11,0.421053,5,14,14,0.263158,3,16,16,0.157895,2,17,17,0.105263,0,19,19,0.0
10,43,39,4,0.85007,0.91896,0.690244,38,1,5,0.926829,35,4,8,0.853659,34,5,9,0.829268,34,5,9,0.829268,33,6,10,0.804878,33,6,10,0.804878,32,7,11,0.780488,25,14,18,0.609756,16,23,27,0.390244,3,36,40,0.073171
11,7,6,1,0.845728,0.916417,0.615385,5,1,2,0.769231,5,1,2,0.769231,5,1,2,0.769231,5,1,2,0.769231,5,1,2,0.769231,5,1,2,0.769231,4,2,3,0.615385,4,2,3,0.615385,2,4,5,0.307692,0,6,7,0.0
12,77,47,30,0.186094,0.313793,0.054839,10,37,67,0.16129,7,40,70,0.112903,5,42,72,0.080645,4,43,73,0.064516,4,43,73,0.064516,3,44,74,0.048387,1,46,76,0.016129,0,47,77,0.0,0,47,77,0.0,0,47,77,0.0
13,37,36,1,0.905551,0.950435,0.835616,36,0,1,0.986301,36,0,1,0.986301,36,0,1,0.986301,36,0,1,0.986301,36,0,1,0.986301,36,0,1,0.986301,32,4,5,0.876712,29,7,8,0.794521,22,14,15,0.60274,6,30,31,0.164384
14,56,43,13,0.853004,0.920671,0.515152,35,8,21,0.707071,35,8,21,0.707071,33,10,23,0.666667,30,13,26,0.606061,29,14,27,0.585859,28,15,28,0.565657,26,17,30,0.525253,21,22,35,0.424242,15,28,41,0.30303,3,40,53,0.060606
15,17,16,1,0.940122,0.969137,0.878788,16,0,1,0.969697,16,0,1,0.969697,16,0,1,0.969697,16,0,1,0.969697,16,0,1,0.969697,16,0,1,0.969697,15,1,2,0.909091,15,1,2,0.909091,13,3,4,0.787879,6,10,11,0.363636
16,9,10,1,0.36404,0.533768,0.168421,2,8,7,0.210526,2,8,7,0.210526,2,8,7,0.210526,2,8,7,0.210526,2,8,7,0.210526,2,8,7,0.210526,2,8,7,0.210526,2,8,7,0.210526,0,10,9,0.0,0,10,9,0.0
17,21,16,5,0.863056,0.926495,0.632432,14,2,7,0.756757,14,2,7,0.756757,14,2,7,0.756757,14,2,7,0.756757,14,2,7,0.756757,14,2,7,0.756757,12,4,9,0.648649,12,4,9,0.648649,9,7,12,0.486486,0,16,21,0.0
18,51,47,4,0.596814,0.747506,0.259184,39,8,12,0.795918,34,13,17,0.693878,23,24,28,0.469388,17,30,34,0.346939,9,38,42,0.183673,4,43,47,0.081633,1,46,50,0.020408,0,47,51,0.0,0,47,51,0.0,0,47,51,0.0
19,28,27,1,0.662612,0.797074,0.374545,16,11,12,0.581818,16,11,12,0.581818,13,14,15,0.472727,13,14,15,0.472727,12,15,16,0.436364,11,16,17,0.4,8,19,20,0.290909,7,20,21,0.254545,5,22,23,0.181818,2,25,26,0.072727
20,25,21,4,0.931885,0.964742,0.730435,20,1,5,0.869565,20,1,5,0.869565,20,1,5,0.869565,19,2,6,0.826087,19,2,6,0.826087,19,2,6,0.826087,18,3,7,0.782609,15,6,10,0.652174,13,8,12,0.565217,5,16,20,0.217391
21,40,37,3,0.598563,0.748877,0.212987,23,14,17,0.597403,22,15,18,0.571429,14,23,26,0.363636,12,25,28,0.311688,6,31,34,0.155844,4,33,36,0.103896,1,36,39,0.025974,0,37,40,0.0,0,37,40,0.0,0,37,40,0.0
22,22,21,1,0.926316,0.961749,0.874419,21,0,1,0.976744,21,0,1,0.976744,21,0,1,0.976744,20,1,2,0.930233,20,1,2,0.930233,20,1,2,0.930233,20,1,2,0.930233,19,2,3,0.883721,18,3,4,0.837209,8,13,14,0.372093
23,54,54,0,0.581153,0.7351,0.201852,43,11,11,0.796296,34,20,20,0.62963,19,35,35,0.351852,10,44,44,0.185185,2,52,52,0.037037,1,53,53,0.018519,0,54,54,0.0,0,54,54,0.0,0,54,54,0.0,0,54,54,0.0
24,33,31,2,0.729997,0.843928,0.475,27,4,6,0.84375,26,5,7,0.8125,23,8,10,0.71875,21,10,12,0.65625,20,11,13,0.625,14,17,19,0.4375,9,22,24,0.28125,6,25,27,0.1875,4,27,29,0.125,2,29,31,0.0625
25,9,17,8,0.625806,0.769841,0.230769,5,12,4,0.384615,5,12,4,0.384615,5,12,4,0.384615,4,13,5,0.307692,4,13,5,0.307692,2,15,7,0.153846,2,15,7,0.153846,2,15,7,0.153846,1,16,8,0.076923,0,17,9,0.0
26,14,13,1,0.786236,0.880327,0.562963,12,1,2,0.888889,11,2,3,0.814815,11,2,3,0.814815,10,3,4,0.740741,9,4,5,0.666667,8,5,6,0.592593,6,7,8,0.444444,6,7,8,0.444444,3,10,11,0.222222,0,13,14,0.0
27,73,64,9,0.822822,0.9028,0.624818,61,3,12,0.890511,59,5,14,0.861314,59,5,14,0.861314,58,6,15,0.846715,54,10,19,0.788321,51,13,22,0.744526,46,18,27,0.671533,26,38,47,0.379562,12,52,61,0.175182,2,62,71,0.029197
28,8,10,2,0.827945,0.905875,0.6,7,3,1,0.777778,6,4,2,0.666667,6,4,2,0.666667,6,4,2,0.666667,6,4,2,0.666667,6,4,2,0.666667,6,4,2,0.666667,6,4,2,0.666667,4,6,4,0.444444,1,9,7,0.111111
29,4,4,0,0.759217,0.86313,0.4,3,1,1,0.75,3,1,1,0.75,3,1,1,0.75,2,2,2,0.5,2,2,2,0.5,1,3,3,0.25,1,3,3,0.25,1,3,3,0.25,0,4,4,0.0,0,4,4,0.0
30,12,14,2,0.71993,0.837162,0.376923,9,5,3,0.692308,9,5,3,0.692308,7,7,5,0.538462,6,8,6,0.461538,6,8,6,0.461538,5,9,7,0.384615,4,10,8,0.307692,2,12,10,0.153846,1,13,11,0.076923,0,14,12,0.0
31,28,23,5,0.865799,0.928073,0.705882,22,1,6,0.862745,21,2,7,0.823529,21,2,7,0.823529,21,2,7,0.823529,21,2,7,0.823529,21,2,7,0.823529,21,2,7,0.823529,19,4,9,0.745098,12,11,16,0.470588,1,22,27,0.039216
32,4,3,1,0.458755,0.628968,0.085714,2,1,2,0.571429,1,2,3,0.285714,0,3,4,0.0,0,3,4,0.0,0,3,4,0.0,0,3,4,0.0,0,3,4,0.0,0,3,4,0.0,0,3,4,0.0,0,3,4,0.0
33,27,26,1,0.796396,0.88666,0.611321,22,4,5,0.830189,22,4,5,0.830189,22,4,5,0.830189,22,4,5,0.830189,22,4,5,0.830189,19,7,8,0.716981,16,10,11,0.603774,11,15,16,0.415094,6,20,21,0.226415,0,26,27,0.0
34,12,12,0,0.901316,0.948097,0.791667,12,0,0,1.0,11,1,1,0.916667,11,1,1,0.916667,11,1,1,0.916667,11,1,1,0.916667,11,1,1,0.916667,10,2,2,0.833333,10,2,2,0.833333,8,4,4,0.666667,0,12,12,0.0
35,13,9,4,0.459645,0.629804,0.227273,4,5,9,0.363636,3,6,10,0.272727,3,6,10,0.272727,3,6,10,0.272727,3,6,10,0.272727,3,6,10,0.272727,3,6,10,0.272727,3,6,10,0.272727,0,9,13,0.0,0,9,13,0.0
36,17,16,1,0.900841,0.947834,0.848485,16,0,1,0.969697,16,0,1,0.969697,16,0,1,0.969697,16,0,1,0.969697,15,1,2,0.909091,15,1,2,0.909091,14,2,3,0.848485,13,3,4,0.787879,11,5,6,0.666667,8,8,9,0.484848
37,8,7,1,0.636111,0.777589,0.413333,6,1,2,0.8,5,2,3,0.666667,4,3,4,0.533333,4,3,4,0.533333,4,3,4,0.533333,3,4,5,0.4,3,4,5,0.4,2,5,6,0.266667,0,7,8,0.0,0,7,8,0.0
38,14,7,7,0.678198,0.808245,0.52381,7,0,7,0.666667,7,0,7,0.666667,7,0,7,0.666667,6,1,8,0.571429,6,1,8,0.571429,6,1,8,0.571429,6,1,8,0.571429,6,1,8,0.571429,3,4,11,0.285714,1,6,13,0.095238
39,65,49,16,0.756431,0.861328,0.489474,41,8,24,0.719298,39,10,26,0.684211,39,10,26,0.684211,37,12,28,0.649123,36,13,29,0.631579,34,15,31,0.596491,27,22,38,0.473684,18,31,47,0.315789,7,42,58,0.122807,1,48,64,0.017544
40,86,71,15,0.690813,0.817137,0.473885,54,17,32,0.687898,53,18,33,0.675159,52,19,34,0.66242,51,20,35,0.649682,43,28,43,0.547771,39,32,47,0.496815,32,39,54,0.407643,25,46,61,0.318471,16,55,70,0.203822,7,64,79,0.089172
41,16,16,0,0.938068,0.968044,0.89375,16,0,0,1.0,16,0,0,1.0,16,0,0,1.0,16,0,0,1.0,16,0,0,1.0,16,0,0,1.0,14,2,2,0.875,14,2,2,0.875,12,4,4,0.75,7,9,9,0.4375
42,46,41,5,0.770582,0.870428,0.503448,31,10,15,0.712644,29,12,17,0.666667,27,14,19,0.62069,27,14,19,0.62069,27,14,19,0.62069,27,14,19,0.62069,21,20,25,0.482759,18,23,28,0.413793,9,32,37,0.206897,3,38,43,0.068966
43,10,10,0,0.906334,0.950866,0.83,10,0,0,1.0,10,0,0,1.0,9,1,1,0.9,9,1,1,0.9,9,1,1,0.9,9,1,1,0.9,9,1,1,0.9,9,1,1,0.9,7,3,3,0.7,2,8,8,0.2
44,21,15,6,0.678009,0.808111,0.305556,9,6,12,0.5,9,6,12,0.5,9,6,12,0.5,8,7,13,0.444444,7,8,14,0.388889,6,9,15,0.333333,4,11,17,0.222222,2,13,19,0.111111,1,14,20,0.055556,0,15,21,0.0
45,46,41,5,0.898671,0.946632,0.770115,40,1,6,0.91954,39,2,7,0.896552,38,3,8,0.873563,38,3,8,0.873563,38,3,8,0.873563,38,3,8,0.873563,35,6,11,0.804598,31,10,15,0.712644,25,16,21,0.574713,13,28,33,0.298851
46,8,8,0,0.778621,0.875533,0.5375,8,0,0,1.0,7,1,1,0.875,7,1,1,0.875,6,2,2,0.75,6,2,2,0.75,6,2,2,0.75,2,6,6,0.25,1,7,7,0.125,0,8,8,0.0,0,8,8,0.0
47,10,10,0,0.832495,0.908592,0.73,10,0,0,1.0,10,0,0,1.0,9,1,1,0.9,8,2,2,0.8,8,2,2,0.8,8,2,2,0.8,7,3,3,0.7,7,3,3,0.7,5,5,5,0.5,1,9,9,0.1
48,30,22,8,0.560358,0.718243,0.284615,15,7,15,0.576923,13,9,17,0.5,10,12,20,0.384615,10,12,20,0.384615,9,13,21,0.346154,6,16,24,0.230769,4,18,26,0.153846,3,19,27,0.115385,3,19,27,0.115385,1,21,29,0.038462
49,2,4,2,0.545216,0.705683,0.166667,1,3,1,0.333333,1,3,1,0.333333,1,3,1,0.333333,1,3,1,0.333333,1,3,1,0.333333,0,4,2,0.0,0,4,2,0.0,0,4,2,0.0,0,4,2,0.0,0,4,2,0.0
50,13,13,0,0.827212,0.905436,0.723077,13,0,0,1.0,13,0,0,1.0,13,0,0,1.0,13,0,0,1.0,13,0,0,1.0,10,3,3,0.769231,9,4,4,0.692308,5,8,8,0.384615,3,10,10,0.230769,2,11,11,0.153846
51,19,18,1,0.822616,0.902676,0.659459,18,0,1,0.972973,17,1,2,0.918919,17,1,2,0.918919,17,1,2,0.918919,16,2,3,0.864865,14,4,5,0.756757,12,6,7,0.648649,7,11,12,0.378378,4,14,15,0.216216,0,18,19,0.0
52,49,44,5,0.570861,0.726813,0.189247,29,15,20,0.623656,24,20,25,0.516129,20,24,29,0.430108,8,36,41,0.172043,3,41,46,0.064516,2,42,47,0.043011,1,43,48,0.021505,1,43,48,0.021505,0,44,49,0.0,0,44,49,0.0
53,11,11,0,0.93998,0.969061,0.927273,11,0,0,1.0,11,0,0,1.0,11,0,0,1.0,11,0,0,1.0,11,0,0,1.0,11,0,0,1.0,11,0,0,1.0,11,0,0,1.0,10,1,1,0.909091,4,7,7,0.363636
54,13,13,0,0.820615,0.90147,0.615385,11,2,2,0.846154,11,2,2,0.846154,9,4,4,0.692308,9,4,4,0.692308,9,4,4,0.692308,9,4,4,0.692308,8,5,5,0.615385,7,6,6,0.538462,7,6,6,0.538462,0,13,13,0.0
55,13,11,2,0.772147,0.871426,0.541667,9,2,4,0.75,9,2,4,0.75,9,2,4,0.75,8,3,5,0.666667,8,3,5,0.666667,8,3,5,0.666667,7,4,6,0.583333,5,6,8,0.416667,2,9,11,0.166667,0,11,13,0.0
56,16,13,3,0.658518,0.794104,0.427586,8,5,8,0.551724,8,5,8,0.551724,8,5,8,0.551724,8,5,8,0.551724,8,5,8,0.551724,8,5,8,0.551724,6,7,10,0.413793,5,8,11,0.344828,2,11,14,0.137931,1,12,15,0.068966
57,19,8,11,0.756833,0.861588,0.274074,7,1,12,0.518519,7,1,12,0.518519,6,2,13,0.444444,6,2,13,0.444444,4,4,15,0.296296,3,5,16,0.222222,2,6,17,0.148148,2,6,17,0.148148,0,8,19,0.0,0,8,19,0.0
58,15,14,1,0.857676,0.923386,0.648276,13,1,2,0.896552,13,1,2,0.896552,13,1,2,0.896552,12,2,3,0.827586,12,2,3,0.827586,11,3,4,0.758621,10,4,5,0.689655,5,9,10,0.344828,5,9,10,0.344828,0,14,15,0.0
59,8,7,1,0.875494,0.933614,0.8,7,0,1,0.933333,7,0,1,0.933333,7,0,1,0.933333,7,0,1,0.933333,7,0,1,0.933333,7,0,1,0.933333,7,0,1,0.933333,7,0,1,0.933333,3,4,5,0.4,1,6,7,0.133333
60,35,33,2,0.894296,0.944199,0.788235,32,1,3,0.941176,31,2,4,0.911765,31,2,4,0.911765,30,3,5,0.882353,30,3,5,0.882353,30,3,5,0.882353,29,4,6,0.852941,28,5,7,0.823529,19,14,16,0.558824,8,25,27,0.235294
61,64,56,8,0.733912,0.846539,0.41,41,15,23,0.683333,40,16,24,0.666667,36,20,28,0.6,33,23,31,0.55,32,24,32,0.533333,28,28,36,0.466667,20,36,44,0.333333,11,45,53,0.183333,5,51,59,0.083333,0,56,64,0.0
62,21,16,5,0.741513,0.851573,0.356757,14,2,7,0.756757,12,4,9,0.648649,10,6,11,0.540541,10,6,11,0.540541,7,9,14,0.378378,5,11,16,0.27027,3,13,18,0.162162,3,13,18,0.162162,1,15,20,0.054054,1,15,20,0.054054
63,14,10,4,0.727601,0.842325,0.433333,8,2,6,0.666667,8,2,6,0.666667,8,2,6,0.666667,8,2,6,0.666667,8,2,6,0.666667,5,5,9,0.416667,3,7,11,0.25,2,8,12,0.166667,2,8,12,0.166667,0,10,14,0.0
64,9,9,0,0.914781,0.955494,0.855556,9,0,0,1.0,9,0,0,1.0,9,0,0,1.0,9,0,0,1.0,9,0,0,1.0,9,0,0,1.0,8,1,1,0.888889,8,1,1,0.888889,5,4,4,0.555556,2,7,7,0.222222
65,15,13,2,0.704319,0.826511,0.428571,9,4,6,0.642857,8,5,7,0.571429,8,5,7,0.571429,8,5,7,0.571429,7,6,8,0.5,6,7,9,0.428571,6,7,9,0.428571,6,7,9,0.428571,2,11,13,0.142857,0,13,15,0.0
66,10,10,0,0.833628,0.909266,0.71,9,1,1,0.9,9,1,1,0.9,9,1,1,0.9,9,1,1,0.9,9,1,1,0.9,9,1,1,0.9,9,1,1,0.9,6,4,4,0.6,2,8,8,0.2,0,10,10,0.0
67,8,7,1,0.844841,0.915896,0.4,4,3,4,0.533333,4,3,4,0.533333,4,3,4,0.533333,4,3,4,0.533333,4,3,4,0.533333,4,3,4,0.533333,3,4,5,0.4,2,5,6,0.266667,1,6,7,0.133333,0,7,8,0.0
68,8,8,0,0.849315,0.918519,0.7375,8,0,0,1.0,8,0,0,1.0,8,0,0,1.0,8,0,0,1.0,8,0,0,1.0,8,0,0,1.0,6,2,2,0.75,3,5,5,0.375,2,6,6,0.25,0,8,8,0.0
69,13,11,2,0.77984,0.876303,0.55,10,1,3,0.833333,10,1,3,0.833333,10,1,3,0.833333,9,2,4,0.75,9,2,4,0.75,9,2,4,0.75,6,5,7,0.5,3,8,10,0.25,0,11,13,0.0,0,11,13,0.0
70,8,7,1,0.905899,0.950626,0.826667,7,0,1,0.933333,7,0,1,0.933333,7,0,1,0.933333,7,0,1,0.933333,7,0,1,0.933333,7,0,1,0.933333,7,0,1,0.933333,7,0,1,0.933333,4,3,4,0.533333,2,5,6,0.266667
71,5,6,1,0.917892,0.957188,0.836364,5,1,0,0.909091,5,1,0,0.909091,5,1,0,0.909091,5,1,0,0.909091,5,1,0,0.909091,5,1,0,0.909091,5,1,0,0.909091,5,1,0,0.909091,5,1,0,0.909091,1,5,4,0.181818
72,15,12,3,0.659117,0.79454,0.444444,8,4,7,0.592593,8,4,7,0.592593,8,4,7,0.592593,8,4,7,0.592593,7,5,8,0.518519,7,5,8,0.518519,7,5,8,0.518519,5,7,10,0.37037,2,10,13,0.148148,0,12,15,0.0
73,10,6,4,0.749985,0.857133,0.3625,5,1,5,0.625,4,2,6,0.5,4,2,6,0.5,4,2,6,0.5,4,2,6,0.5,4,2,6,0.5,2,4,8,0.25,1,5,9,0.125,1,5,9,0.125,0,6,10,0.0
74,10,9,1,0.886914,0.940068,0.810526,9,0,1,0.947368,9,0,1,0.947368,9,0,1,0.947368,9,0,1,0.947368,8,1,2,0.842105,8,1,2,0.842105,8,1,2,0.842105,8,1,2,0.842105,8,1,2,0.842105,1,8,9,0.105263
75,38,32,6,0.580515,0.73459,0.177143,23,9,15,0.657143,17,15,21,0.485714,11,21,27,0.314286,7,25,31,0.2,2,30,36,0.057143,2,30,36,0.057143,0,32,38,0.0,0,32,38,0.0,0,32,38,0.0,0,32,38,0.0
76,1,1,0,0.959184,0.979167,1.0,1,0,0,1.0,1,0,0,1.0,1,0,0,1.0,1,0,0,1.0,1,0,0,1.0,1,0,0,1.0,1,0,0,1.0,1,0,0,1.0,1,0,0,1.0,1,0,0,1.0
77,41,38,3,0.894047,0.94406,0.75443,35,3,6,0.886076,34,4,7,0.860759,34,4,7,0.860759,34,4,7,0.860759,34,4,7,0.860759,34,4,7,0.860759,33,5,8,0.835443,31,7,10,0.78481,22,16,19,0.556962,7,31,34,0.177215
78,14,9,5,0.701089,0.824282,0.486957,7,2,7,0.608696,7,2,7,0.608696,7,2,7,0.608696,7,2,7,0.608696,7,2,7,0.608696,6,3,8,0.521739,5,4,9,0.434783,5,4,9,0.434783,5,4,9,0.434783,0,9,14,0.0
79,12,9,3,0.837495,0.911562,0.361905,6,3,6,0.571429,5,4,7,0.47619,5,4,7,0.47619,4,5,8,0.380952,4,5,8,0.380952,4,5,8,0.380952,4,5,8,0.380952,3,6,9,0.285714,3,6,9,0.285714,0,9,12,0.0
80,1,1,0,0.902857,0.948949,0.9,1,0,0,1.0,1,0,0,1.0,1,0,0,1.0,1,0,0,1.0,1,0,0,1.0,1,0,0,1.0,1,0,0,1.0,1,0,0,1.0,1,0,0,1.0,0,1,1,0.0
81,9,9,0,0.96009,0.979639,0.966667,9,0,0,1.0,9,0,0,1.0,9,0,0,1.0,9,0,0,1.0,9,0,0,1.0,9,0,0,1.0,9,0,0,1.0,9,0,0,1.0,9,0,0,1.0,6,3,3,0.666667
82,2,1,1,0.0,0.0,0.0,0,1,2,0.0,0,1,2,0.0,0,1,2,0.0,0,1,2,0.0,0,1,2,0.0,0,1,2,0.0,0,1,2,0.0,0,1,2,0.0,0,1,2,0.0,0,1,2,0.0
83,10,2,8,0.0,0.0,0.0,0,2,10,0.0,0,2,10,0.0,0,2,10,0.0,0,2,10,0.0,0,2,10,0.0,0,2,10,0.0,0,2,10,0.0,0,2,10,0.0,0,2,10,0.0,0,2,10,0.0
84,2,0,2,0.0,0.0,0.0,0,0,2,0.0,0,0,2,0.0,0,0,2,0.0,0,0,2,0.0,0,0,2,0.0,0,0,2,0.0,0,0,2,0.0,0,0,2,0.0,0,0,2,0.0,0,0,2,0.0
85,27,15,12,0.760107,0.863705,0.328571,11,4,16,0.52381,11,4,16,0.52381,9,6,18,0.428571,9,6,18,0.428571,8,7,19,0.380952,7,8,20,0.333333,6,9,21,0.285714,4,11,23,0.190476,3,12,24,0.142857,1,14,26,0.047619
86,17,8,9,0.806624,0.892963,0.184,4,4,13,0.32,4,4,13,0.32,4,4,13,0.32,4,4,13,0.32,4,4,13,0.32,2,6,15,0.16,1,7,16,0.08,0,8,17,0.0,0,8,17,0.0,0,8,17,0.0
87,20,22,2,0.713055,0.832495,0.409524,14,8,6,0.666667,14,8,6,0.666667,13,9,7,0.619048,13,9,7,0.619048,11,11,9,0.52381,10,12,10,0.47619,8,14,12,0.380952,2,20,18,0.095238,1,21,19,0.047619,0,22,20,0.0
88,13,9,4,0.727917,0.842537,0.190909,5,4,8,0.454545,5,4,8,0.454545,3,6,10,0.272727,3,6,10,0.272727,1,8,12,0.090909,1,8,12,0.090909,1,8,12,0.090909,1,8,12,0.090909,1,8,12,0.090909,0,9,13,0.0
89,60,24,36,0.738871,0.849829,0.154762,12,12,48,0.285714,12,12,48,0.285714,12,12,48,0.285714,10,14,50,0.238095,9,15,51,0.214286,6,18,54,0.142857,3,21,57,0.071429,1,23,59,0.02381,0,24,60,0.0,0,24,60,0.0
90,43,28,15,0.742217,0.852037,0.371831,24,4,19,0.676056,22,6,21,0.619718,21,7,22,0.591549,18,10,25,0.507042,16,12,27,0.450704,12,16,31,0.338028,11,17,32,0.309859,6,22,37,0.169014,2,26,41,0.056338,0,28,43,0.0
91,30,4,26,0.569681,0.725856,0.047059,1,3,29,0.058824,1,3,29,0.058824,1,3,29,0.058824,1,3,29,0.058824,1,3,29,0.058824,1,3,29,0.058824,1,3,29,0.058824,1,3,29,0.058824,0,4,30,0.0,0,4,30,0.0
92,48,26,22,0.818773,0.900358,0.359459,21,5,27,0.567568,21,5,27,0.567568,21,5,27,0.567568,17,9,31,0.459459,16,10,32,0.432432,16,10,32,0.432432,13,13,35,0.351351,7,19,41,0.189189,1,25,47,0.027027,0,26,48,0.0
93,44,36,8,0.719863,0.837117,0.285,20,16,24,0.5,18,18,26,0.45,16,20,28,0.4,15,21,29,0.375,13,23,31,0.325,13,23,31,0.325,13,23,31,0.325,6,30,38,0.15,0,36,44,0.0,0,36,44,0.0
94,12,16,4,0.561028,0.718793,0.214286,7,9,5,0.5,6,10,6,0.428571,6,10,6,0.428571,4,12,8,0.285714,3,13,9,0.214286,2,14,10,0.142857,1,15,11,0.071429,1,15,11,0.071429,0,16,12,0.0,0,16,12,0.0
95,61,33,28,0.7492,0.85662,0.244681,22,11,39,0.468085,18,15,43,0.382979,17,16,44,0.361702,16,17,45,0.340426,14,19,47,0.297872,11,22,50,0.234043,10,23,51,0.212766,5,28,56,0.106383,2,31,59,0.042553,0,33,61,0.0
96,11,10,1,0.650796,0.788463,0.180952,4,6,7,0.380952,3,7,8,0.285714,3,7,8,0.285714,3,7,8,0.285714,2,8,9,0.190476,2,8,9,0.190476,1,9,10,0.095238,1,9,10,0.095238,0,10,11,0.0,0,10,11,0.0
97,24,21,3,0.80259,0.890485,0.431111,16,5,8,0.711111,14,7,10,0.622222,14,7,10,0.622222,13,8,11,0.577778,12,9,12,0.533333,11,10,13,0.488889,9,12,15,0.4,5,16,19,0.222222,3,18,21,0.133333,0,21,24,0.0
98,30,23,7,0.475933,0.644925,0.207547,13,10,17,0.490566,11,12,19,0.415094,8,15,22,0.301887,7,16,23,0.264151,6,17,24,0.226415,5,18,25,0.188679,3,20,27,0.113208,2,21,28,0.075472,0,23,30,0.0,0,23,30,0.0
99,95,19,76,0.633626,0.775729,0.050877,8,11,87,0.140351,8,11,87,0.140351,6,13,89,0.105263,4,15,91,0.070175,3,16,92,0.052632,0,19,95,0.0,0,19,95,0.0,0,19,95,0.0,0,19,95,0.0,0,19,95,0.0
100,90,45,45,0.532409,0.694865,0.194074,29,16,61,0.42963,27,18,63,0.4,23,22,67,0.340741,20,25,70,0.296296,16,29,74,0.237037,10,35,80,0.148148,6,39,84,0.088889,0,45,90,0.0,0,45,90,0.0,0,45,90,0.0
0,11,11,0,0.927365,0.962314,0.909091,11,0,0,1.0,11,0,0,1.0,11,0,0,1.0,11,0,0,1.0,11,0,0,1.0,11,0,0,1.0,11,0,0,1.0,10,1,1,0.909091,9,2,2,0.818182,4,7,7,0.363636
1,9,9,0,0.911299,0.953591,0.855556,9,0,0,1.0,9,0,0,1.0,9,0,0,1.0,9,0,0,1.0,9,0,0,1.0,9,0,0,1.0,7,2,2,0.777778,7,2,2,0.777778,7,2,2,0.777778,2,7,7,0.222222
2,52,21,31,0.792442,0.884204,0.189041,10,11,42,0.273973,10,11,42,0.273973,10,11,42,0.273973,10,11,42,0.273973,9,12,43,0.246575,8,13,44,0.219178,6,15,46,0.164384,5,16,47,0.136986,1,20,51,0.027397,0,21,52,0.0
3,9,9,0,0.893851,0.943951,0.822222,9,0,0,1.0,9,0,0,1.0,9,0,0,1.0,9,0,0,1.0,9,0,0,1.0,9,0,0,1.0,9,0,0,1.0,7,2,2,0.777778,4,5,5,0.444444,0,9,9,0.0
4,65,64,1,0.837353,0.911478,0.668217,59,5,6,0.914729,59,5,6,0.914729,58,6,7,0.899225,55,9,10,0.852713,53,11,12,0.821705,48,16,17,0.744186,44,20,21,0.682171,36,28,29,0.55814,18,46,47,0.27907,1,63,64,0.015504
5,18,16,2,0.84556,0.916318,0.511765,11,5,7,0.647059,10,6,8,0.588235,10,6,8,0.588235,10,6,8,0.588235,10,6,8,0.588235,9,7,9,0.529412,9,7,9,0.529412,8,8,10,0.470588,7,9,11,0.411765,3,13,15,0.176471
6,58,52,6,0.896193,0.945255,0.696364,48,4,10,0.872727,44,8,14,0.8,44,8,14,0.8,44,8,14,0.8,43,9,15,0.781818,43,9,15,0.781818,43,9,15,0.781818,35,17,23,0.636364,29,23,29,0.527273,10,42,48,0.181818
7,11,11,0,0.818009,0.899896,0.6,10,1,1,0.909091,10,1,1,0.909091,10,1,1,0.909091,8,3,3,0.727273,7,4,4,0.636364,6,5,5,0.545455,6,5,5,0.545455,5,6,6,0.454545,3,8,8,0.272727,1,10,10,0.090909
8,12,6,6,0.817892,0.899825,0.288889,4,2,8,0.444444,3,3,9,0.333333,3,3,9,0.333333,3,3,9,0.333333,3,3,9,0.333333,3,3,9,0.333333,3,3,9,0.333333,2,4,10,0.222222,2,4,10,0.222222,0,6,12,0.0
9,19,19,0,0.787709,0.88125,0.421053,14,5,5,0.736842,13,6,6,0.684211,12,7,7,0.631579,12,7,7,0.631579,11,8,8,0.578947,8,11,11,0.421053,5,14,14,0.263158,3,16,16,0.157895,2,17,17,0.105263,0,19,19,0.0
10,43,39,4,0.85007,0.91896,0.690244,38,1,5,0.926829,35,4,8,0.853659,34,5,9,0.829268,34,5,9,0.829268,33,6,10,0.804878,33,6,10,0.804878,32,7,11,0.780488,25,14,18,0.609756,16,23,27,0.390244,3,36,40,0.073171
11,7,6,1,0.845728,0.916417,0.615385,5,1,2,0.769231,5,1,2,0.769231,5,1,2,0.769231,5,1,2,0.769231,5,1,2,0.769231,5,1,2,0.769231,4,2,3,0.615385,4,2,3,0.615385,2,4,5,0.307692,0,6,7,0.0
12,77,47,30,0.186094,0.313793,0.054839,10,37,67,0.16129,7,40,70,0.112903,5,42,72,0.080645,4,43,73,0.064516,4,43,73,0.064516,3,44,74,0.048387,1,46,76,0.016129,0,47,77,0.0,0,47,77,0.0,0,47,77,0.0
13,37,36,1,0.905551,0.950435,0.835616,36,0,1,0.986301,36,0,1,0.986301,36,0,1,0.986301,36,0,1,0.986301,36,0,1,0.986301,36,0,1,0.986301,32,4,5,0.876712,29,7,8,0.794521,22,14,15,0.60274,6,30,31,0.164384
14,56,43,13,0.853004,0.920671,0.515152,35,8,21,0.707071,35,8,21,0.707071,33,10,23,0.666667,30,13,26,0.606061,29,14,27,0.585859,28,15,28,0.565657,26,17,30,0.525253,21,22,35,0.424242,15,28,41,0.30303,3,40,53,0.060606
15,17,16,1,0.940122,0.969137,0.878788,16,0,1,0.969697,16,0,1,0.969697,16,0,1,0.969697,16,0,1,0.969697,16,0,1,0.969697,16,0,1,0.969697,15,1,2,0.909091,15,1,2,0.909091,13,3,4,0.787879,6,10,11,0.363636
16,9,10,1,0.36404,0.533768,0.168421,2,8,7,0.210526,2,8,7,0.210526,2,8,7,0.210526,2,8,7,0.210526,2,8,7,0.210526,2,8,7,0.210526,2,8,7,0.210526,2,8,7,0.210526,0,10,9,0.0,0,10,9,0.0
17,21,16,5,0.863056,0.926495,0.632432,14,2,7,0.756757,14,2,7,0.756757,14,2,7,0.756757,14,2,7,0.756757,14,2,7,0.756757,14,2,7,0.756757,12,4,9,0.648649,12,4,9,0.648649,9,7,12,0.486486,0,16,21,0.0
18,51,47,4,0.596814,0.747506,0.259184,39,8,12,0.795918,34,13,17,0.693878,23,24,28,0.469388,17,30,34,0.346939,9,38,42,0.183673,4,43,47,0.081633,1,46,50,0.020408,0,47,51,0.0,0,47,51,0.0,0,47,51,0.0
19,28,27,1,0.662612,0.797074,0.374545,16,11,12,0.581818,16,11,12,0.581818,13,14,15,0.472727,13,14,15,0.472727,12,15,16,0.436364,11,16,17,0.4,8,19,20,0.290909,7,20,21,0.254545,5,22,23,0.181818,2,25,26,0.072727
20,25,21,4,0.931885,0.964742,0.730435,20,1,5,0.869565,20,1,5,0.869565,20,1,5,0.869565,19,2,6,0.826087,19,2,6,0.826087,19,2,6,0.826087,18,3,7,0.782609,15,6,10,0.652174,13,8,12,0.565217,5,16,20,0.217391
21,40,37,3,0.598563,0.748877,0.212987,23,14,17,0.597403,22,15,18,0.571429,14,23,26,0.363636,12,25,28,0.311688,6,31,34,0.155844,4,33,36,0.103896,1,36,39,0.025974,0,37,40,0.0,0,37,40,0.0,0,37,40,0.0
22,22,21,1,0.926316,0.961749,0.874419,21,0,1,0.976744,21,0,1,0.976744,21,0,1,0.976744,20,1,2,0.930233,20,1,2,0.930233,20,1,2,0.930233,20,1,2,0.930233,19,2,3,0.883721,18,3,4,0.837209,8,13,14,0.372093
23,54,54,0,0.581153,0.7351,0.201852,43,11,11,0.796296,34,20,20,0.62963,19,35,35,0.351852,10,44,44,0.185185,2,52,52,0.037037,1,53,53,0.018519,0,54,54,0.0,0,54,54,0.0,0,54,54,0.0,0,54,54,0.0
24,33,31,2,0.729997,0.843928,0.475,27,4,6,0.84375,26,5,7,0.8125,23,8,10,0.71875,21,10,12,0.65625,20,11,13,0.625,14,17,19,0.4375,9,22,24,0.28125,6,25,27,0.1875,4,27,29,0.125,2,29,31,0.0625
25,9,17,8,0.625806,0.769841,0.230769,5,12,4,0.384615,5,12,4,0.384615,5,12,4,0.384615,4,13,5,0.307692,4,13,5,0.307692,2,15,7,0.153846,2,15,7,0.153846,2,15,7,0.153846,1,16,8,0.076923,0,17,9,0.0
26,14,13,1,0.786236,0.880327,0.562963,12,1,2,0.888889,11,2,3,0.814815,11,2,3,0.814815,10,3,4,0.740741,9,4,5,0.666667,8,5,6,0.592593,6,7,8,0.444444,6,7,8,0.444444,3,10,11,0.222222,0,13,14,0.0
27,73,64,9,0.822822,0.9028,0.624818,61,3,12,0.890511,59,5,14,0.861314,59,5,14,0.861314,58,6,15,0.846715,54,10,19,0.788321,51,13,22,0.744526,46,18,27,0.671533,26,38,47,0.379562,12,52,61,0.175182,2,62,71,0.029197
28,8,10,2,0.827945,0.905875,0.6,7,3,1,0.777778,6,4,2,0.666667,6,4,2,0.666667,6,4,2,0.666667,6,4,2,0.666667,6,4,2,0.666667,6,4,2,0.666667,6,4,2,0.666667,4,6,4,0.444444,1,9,7,0.111111
29,4,4,0,0.759217,0.86313,0.4,3,1,1,0.75,3,1,1,0.75,3,1,1,0.75,2,2,2,0.5,2,2,2,0.5,1,3,3,0.25,1,3,3,0.25,1,3,3,0.25,0,4,4,0.0,0,4,4,0.0
30,12,14,2,0.71993,0.837162,0.376923,9,5,3,0.692308,9,5,3,0.692308,7,7,5,0.538462,6,8,6,0.461538,6,8,6,0.461538,5,9,7,0.384615,4,10,8,0.307692,2,12,10,0.153846,1,13,11,0.076923,0,14,12,0.0
31,28,23,5,0.865799,0.928073,0.705882,22,1,6,0.862745,21,2,7,0.823529,21,2,7,0.823529,21,2,7,0.823529,21,2,7,0.823529,21,2,7,0.823529,21,2,7,0.823529,19,4,9,0.745098,12,11,16,0.470588,1,22,27,0.039216
32,4,3,1,0.458755,0.628968,0.085714,2,1,2,0.571429,1,2,3,0.285714,0,3,4,0.0,0,3,4,0.0,0,3,4,0.0,0,3,4,0.0,0,3,4,0.0,0,3,4,0.0,0,3,4,0.0,0,3,4,0.0
33,27,26,1,0.796396,0.88666,0.611321,22,4,5,0.830189,22,4,5,0.830189,22,4,5,0.830189,22,4,5,0.830189,22,4,5,0.830189,19,7,8,0.716981,16,10,11,0.603774,11,15,16,0.415094,6,20,21,0.226415,0,26,27,0.0
34,12,12,0,0.901316,0.948097,0.791667,12,0,0,1.0,11,1,1,0.916667,11,1,1,0.916667,11,1,1,0.916667,11,1,1,0.916667,11,1,1,0.916667,10,2,2,0.833333,10,2,2,0.833333,8,4,4,0.666667,0,12,12,0.0
35,13,9,4,0.459645,0.629804,0.227273,4,5,9,0.363636,3,6,10,0.272727,3,6,10,0.272727,3,6,10,0.272727,3,6,10,0.272727,3,6,10,0.272727,3,6,10,0.272727,3,6,10,0.272727,0,9,13,0.0,0,9,13,0.0
36,17,16,1,0.900841,0.947834,0.848485,16,0,1,0.969697,16,0,1,0.969697,16,0,1,0.969697,16,0,1,0.969697,15,1,2,0.909091,15,1,2,0.909091,14,2,3,0.848485,13,3,4,0.787879,11,5,6,0.666667,8,8,9,0.484848
37,8,7,1,0.636111,0.777589,0.413333,6,1,2,0.8,5,2,3,0.666667,4,3,4,0.533333,4,3,4,0.533333,4,3,4,0.533333,3,4,5,0.4,3,4,5,0.4,2,5,6,0.266667,0,7,8,0.0,0,7,8,0.0
38,14,7,7,0.678198,0.808245,0.52381,7,0,7,0.666667,7,0,7,0.666667,7,0,7,0.666667,6,1,8,0.571429,6,1,8,0.571429,6,1,8,0.571429,6,1,8,0.571429,6,1,8,0.571429,3,4,11,0.285714,1,6,13,0.095238
39,65,49,16,0.756431,0.861328,0.489474,41,8,24,0.719298,39,10,26,0.684211,39,10,26,0.684211,37,12,28,0.649123,36,13,29,0.631579,34,15,31,0.596491,27,22,38,0.473684,18,31,47,0.315789,7,42,58,0.122807,1,48,64,0.017544
40,86,71,15,0.690813,0.817137,0.473885,54,17,32,0.687898,53,18,33,0.675159,52,19,34,0.66242,51,20,35,0.649682,43,28,43,0.547771,39,32,47,0.496815,32,39,54,0.407643,25,46,61,0.318471,16,55,70,0.203822,7,64,79,0.089172
41,16,16,0,0.938068,0.968044,0.89375,16,0,0,1.0,16,0,0,1.0,16,0,0,1.0,16,0,0,1.0,16,0,0,1.0,16,0,0,1.0,14,2,2,0.875,14,2,2,0.875,12,4,4,0.75,7,9,9,0.4375
42,46,41,5,0.770582,0.870428,0.503448,31,10,15,0.712644,29,12,17,0.666667,27,14,19,0.62069,27,14,19,0.62069,27,14,19,0.62069,27,14,19,0.62069,21,20,25,0.482759,18,23,28,0.413793,9,32,37,0.206897,3,38,43,0.068966
43,10,10,0,0.906334,0.950866,0.83,10,0,0,1.0,10,0,0,1.0,9,1,1,0.9,9,1,1,0.9,9,1,1,0.9,9,1,1,0.9,9,1,1,0.9,9,1,1,0.9,7,3,3,0.7,2,8,8,0.2
44,21,15,6,0.678009,0.808111,0.305556,9,6,12,0.5,9,6,12,0.5,9,6,12,0.5,8,7,13,0.444444,7,8,14,0.388889,6,9,15,0.333333,4,11,17,0.222222,2,13,19,0.111111,1,14,20,0.055556,0,15,21,0.0
45,46,41,5,0.898671,0.946632,0.770115,40,1,6,0.91954,39,2,7,0.896552,38,3,8,0.873563,38,3,8,0.873563,38,3,8,0.873563,38,3,8,0.873563,35,6,11,0.804598,31,10,15,0.712644,25,16,21,0.574713,13,28,33,0.298851
46,8,8,0,0.778621,0.875533,0.5375,8,0,0,1.0,7,1,1,0.875,7,1,1,0.875,6,2,2,0.75,6,2,2,0.75,6,2,2,0.75,2,6,6,0.25,1,7,7,0.125,0,8,8,0.0,0,8,8,0.0
47,10,10,0,0.832495,0.908592,0.73,10,0,0,1.0,10,0,0,1.0,9,1,1,0.9,8,2,2,0.8,8,2,2,0.8,8,2,2,0.8,7,3,3,0.7,7,3,3,0.7,5,5,5,0.5,1,9,9,0.1
48,30,22,8,0.560358,0.718243,0.284615,15,7,15,0.576923,13,9,17,0.5,10,12,20,0.384615,10,12,20,0.384615,9,13,21,0.346154,6,16,24,0.230769,4,18,26,0.153846,3,19,27,0.115385,3,19,27,0.115385,1,21,29,0.038462
49,2,4,2,0.545216,0.705683,0.166667,1,3,1,0.333333,1,3,1,0.333333,1,3,1,0.333333,1,3,1,0.333333,1,3,1,0.333333,0,4,2,0.0,0,4,2,0.0,0,4,2,0.0,0,4,2,0.0,0,4,2,0.0
50,13,13,0,0.827212,0.905436,0.723077,13,0,0,1.0,13,0,0,1.0,13,0,0,1.0,13,0,0,1.0,13,0,0,1.0,10,3,3,0.769231,9,4,4,0.692308,5,8,8,0.384615,3,10,10,0.230769,2,11,11,0.153846
51,19,18,1,0.822616,0.902676,0.659459,18,0,1,0.972973,17,1,2,0.918919,17,1,2,0.918919,17,1,2,0.918919,16,2,3,0.864865,14,4,5,0.756757,12,6,7,0.648649,7,11,12,0.378378,4,14,15,0.216216,0,18,19,0.0
52,49,44,5,0.570861,0.726813,0.189247,29,15,20,0.623656,24,20,25,0.516129,20,24,29,0.430108,8,36,41,0.172043,3,41,46,0.064516,2,42,47,0.043011,1,43,48,0.021505,1,43,48,0.021505,0,44,49,0.0,0,44,49,0.0
53,11,11,0,0.93998,0.969061,0.927273,11,0,0,1.0,11,0,0,1.0,11,0,0,1.0,11,0,0,1.0,11,0,0,1.0,11,0,0,1.0,11,0,0,1.0,11,0,0,1.0,10,1,1,0.909091,4,7,7,0.363636
54,13,13,0,0.820615,0.90147,0.615385,11,2,2,0.846154,11,2,2,0.846154,9,4,4,0.692308,9,4,4,0.692308,9,4,4,0.692308,9,4,4,0.692308,8,5,5,0.615385,7,6,6,0.538462,7,6,6,0.538462,0,13,13,0.0
55,13,11,2,0.772147,0.871426,0.541667,9,2,4,0.75,9,2,4,0.75,9,2,4,0.75,8,3,5,0.666667,8,3,5,0.666667,8,3,5,0.666667,7,4,6,0.583333,5,6,8,0.416667,2,9,11,0.166667,0,11,13,0.0
56,16,13,3,0.658518,0.794104,0.427586,8,5,8,0.551724,8,5,8,0.551724,8,5,8,0.551724,8,5,8,0.551724,8,5,8,0.551724,8,5,8,0.551724,6,7,10,0.413793,5,8,11,0.344828,2,11,14,0.137931,1,12,15,0.068966
57,19,8,11,0.756833,0.861588,0.274074,7,1,12,0.518519,7,1,12,0.518519,6,2,13,0.444444,6,2,13,0.444444,4,4,15,0.296296,3,5,16,0.222222,2,6,17,0.148148,2,6,17,0.148148,0,8,19,0.0,0,8,19,0.0
58,15,14,1,0.857676,0.923386,0.648276,13,1,2,0.896552,13,1,2,0.896552,13,1,2,0.896552,12,2,3,0.827586,12,2,3,0.827586,11,3,4,0.758621,10,4,5,0.689655,5,9,10,0.344828,5,9,10,0.344828,0,14,15,0.0
59,8,7,1,0.875494,0.933614,0.8,7,0,1,0.933333,7,0,1,0.933333,7,0,1,0.933333,7,0,1,0.933333,7,0,1,0.933333,7,0,1,0.933333,7,0,1,0.933333,7,0,1,0.933333,3,4,5,0.4,1,6,7,0.133333
60,35,33,2,0.894296,0.944199,0.788235,32,1,3,0.941176,31,2,4,0.911765,31,2,4,0.911765,30,3,5,0.882353,30,3,5,0.882353,30,3,5,0.882353,29,4,6,0.852941,28,5,7,0.823529,19,14,16,0.558824,8,25,27,0.235294
61,64,56,8,0.733912,0.846539,0.41,41,15,23,0.683333,40,16,24,0.666667,36,20,28,0.6,33,23,31,0.55,32,24,32,0.533333,28,28,36,0.466667,20,36,44,0.333333,11,45,53,0.183333,5,51,59,0.083333,0,56,64,0.0
62,21,16,5,0.741513,0.851573,0.356757,14,2,7,0.756757,12,4,9,0.648649,10,6,11,0.540541,10,6,11,0.540541,7,9,14,0.378378,5,11,16,0.27027,3,13,18,0.162162,3,13,18,0.162162,1,15,20,0.054054,1,15,20,0.054054
63,14,10,4,0.727601,0.842325,0.433333,8,2,6,0.666667,8,2,6,0.666667,8,2,6,0.666667,8,2,6,0.666667,8,2,6,0.666667,5,5,9,0.416667,3,7,11,0.25,2,8,12,0.166667,2,8,12,0.166667,0,10,14,0.0
64,9,9,0,0.914781,0.955494,0.855556,9,0,0,1.0,9,0,0,1.0,9,0,0,1.0,9,0,0,1.0,9,0,0,1.0,9,0,0,1.0,8,1,1,0.888889,8,1,1,0.888889,5,4,4,0.555556,2,7,7,0.222222
65,15,13,2,0.704319,0.826511,0.428571,9,4,6,0.642857,8,5,7,0.571429,8,5,7,0.571429,8,5,7,0.571429,7,6,8,0.5,6,7,9,0.428571,6,7,9,0.428571,6,7,9,0.428571,2,11,13,0.142857,0,13,15,0.0
66,10,10,0,0.833628,0.909266,0.71,9,1,1,0.9,9,1,1,0.9,9,1,1,0.9,9,1,1,0.9,9,1,1,0.9,9,1,1,0.9,9,1,1,0.9,6,4,4,0.6,2,8,8,0.2,0,10,10,0.0
67,8,7,1,0.844841,0.915896,0.4,4,3,4,0.533333,4,3,4,0.533333,4,3,4,0.533333,4,3,4,0.533333,4,3,4,0.533333,4,3,4,0.533333,3,4,5,0.4,2,5,6,0.266667,1,6,7,0.133333,0,7,8,0.0
68,8,8,0,0.849315,0.918519,0.7375,8,0,0,1.0,8,0,0,1.0,8,0,0,1.0,8,0,0,1.0,8,0,0,1.0,8,0,0,1.0,6,2,2,0.75,3,5,5,0.375,2,6,6,0.25,0,8,8,0.0
69,13,11,2,0.77984,0.876303,0.55,10,1,3,0.833333,10,1,3,0.833333,10,1,3,0.833333,9,2,4,0.75,9,2,4,0.75,9,2,4,0.75,6,5,7,0.5,3,8,10,0.25,0,11,13,0.0,0,11,13,0.0
70,8,7,1,0.905899,0.950626,0.826667,7,0,1,0.933333,7,0,1,0.933333,7,0,1,0.933333,7,0,1,0.933333,7,0,1,0.933333,7,0,1,0.933333,7,0,1,0.933333,7,0,1,0.933333,4,3,4,0.533333,2,5,6,0.266667
71,5,6,1,0.917892,0.957188,0.836364,5,1,0,0.909091,5,1,0,0.909091,5,1,0,0.909091,5,1,0,0.909091,5,1,0,0.909091,5,1,0,0.909091,5,1,0,0.909091,5,1,0,0.909091,5,1,0,0.909091,1,5,4,0.181818
72,15,12,3,0.659117,0.79454,0.444444,8,4,7,0.592593,8,4,7,0.592593,8,4,7,0.592593,8,4,7,0.592593,7,5,8,0.518519,7,5,8,0.518519,7,5,8,0.518519,5,7,10,0.37037,2,10,13,0.148148,0,12,15,0.0
73,10,6,4,0.749985,0.857133,0.3625,5,1,5,0.625,4,2,6,0.5,4,2,6,0.5,4,2,6,0.5,4,2,6,0.5,4,2,6,0.5,2,4,8,0.25,1,5,9,0.125,1,5,9,0.125,0,6,10,0.0
74,10,9,1,0.886914,0.940068,0.810526,9,0,1,0.947368,9,0,1,0.947368,9,0,1,0.947368,9,0,1,0.947368,8,1,2,0.842105,8,1,2,0.842105,8,1,2,0.842105,8,1,2,0.842105,8,1,2,0.842105,1,8,9,0.105263
75,38,32,6,0.580515,0.73459,0.177143,23,9,15,0.657143,17,15,21,0.485714,11,21,27,0.314286,7,25,31,0.2,2,30,36,0.057143,2,30,36,0.057143,0,32,38,0.0,0,32,38,0.0,0,32,38,0.0,0,32,38,0.0
76,1,1,0,0.959184,0.979167,1.0,1,0,0,1.0,1,0,0,1.0,1,0,0,1.0,1,0,0,1.0,1,0,0,1.0,1,0,0,1.0,1,0,0,1.0,1,0,0,1.0,1,0,0,1.0,1,0,0,1.0
77,41,38,3,0.894047,0.94406,0.75443,35,3,6,0.886076,34,4,7,0.860759,34,4,7,0.860759,34,4,7,0.860759,34,4,7,0.860759,34,4,7,0.860759,33,5,8,0.835443,31,7,10,0.78481,22,16,19,0.556962,7,31,34,0.177215
78,14,9,5,0.701089,0.824282,0.486957,7,2,7,0.608696,7,2,7,0.608696,7,2,7,0.608696,7,2,7,0.608696,7,2,7,0.608696,6,3,8,0.521739,5,4,9,0.434783,5,4,9,0.434783,5,4,9,0.434783,0,9,14,0.0
79,12,9,3,0.837495,0.911562,0.361905,6,3,6,0.571429,5,4,7,0.47619,5,4,7,0.47619,4,5,8,0.380952,4,5,8,0.380952,4,5,8,0.380952,4,5,8,0.380952,3,6,9,0.285714,3,6,9,0.285714,0,9,12,0.0
80,1,1,0,0.902857,0.948949,0.9,1,0,0,1.0,1,0,0,1.0,1,0,0,1.0,1,0,0,1.0,1,0,0,1.0,1,0,0,1.0,1,0,0,1.0,1,0,0,1.0,1,0,0,1.0,0,1,1,0.0
81,9,9,0,0.96009,0.979639,0.966667,9,0,0,1.0,9,0,0,1.0,9,0,0,1.0,9,0,0,1.0,9,0,0,1.0,9,0,0,1.0,9,0,0,1.0,9,0,0,1.0,9,0,0,1.0,6,3,3,0.666667
82,2,1,1,0.0,0.0,0.0,0,1,2,0.0,0,1,2,0.0,0,1,2,0.0,0,1,2,0.0,0,1,2,0.0,0,1,2,0.0,0,1,2,0.0,0,1,2,0.0,0,1,2,0.0,0,1,2,0.0
83,10,2,8,0.0,0.0,0.0,0,2,10,0.0,0,2,10,0.0,0,2,10,0.0,0,2,10,0.0,0,2,10,0.0,0,2,10,0.0,0,2,10,0.0,0,2,10,0.0,0,2,10,0.0,0,2,10,0.0
84,2,0,2,0.0,0.0,0.0,0,0,2,0.0,0,0,2,0.0,0,0,2,0.0,0,0,2,0.0,0,0,2,0.0,0,0,2,0.0,0,0,2,0.0,0,0,2,0.0,0,0,2,0.0,0,0,2,0.0
85,27,15,12,0.760107,0.863705,0.328571,11,4,16,0.52381,11,4,16,0.52381,9,6,18,0.428571,9,6,18,0.428571,8,7,19,0.380952,7,8,20,0.333333,6,9,21,0.285714,4,11,23,0.190476,3,12,24,0.142857,1,14,26,0.047619
86,17,8,9,0.806624,0.892963,0.184,4,4,13,0.32,4,4,13,0.32,4,4,13,0.32,4,4,13,0.32,4,4,13,0.32,2,6,15,0.16,1,7,16,0.08,0,8,17,0.0,0,8,17,0.0,0,8,17,0.0
87,20,22,2,0.713055,0.832495,0.409524,14,8,6,0.666667,14,8,6,0.666667,13,9,7,0.619048,13,9,7,0.619048,11,11,9,0.52381,10,12,10,0.47619,8,14,12,0.380952,2,20,18,0.095238,1,21,19,0.047619,0,22,20,0.0
88,13,9,4,0.727917,0.842537,0.190909,5,4,8,0.454545,5,4,8,0.454545,3,6,10,0.272727,3,6,10,0.272727,1,8,12,0.090909,1,8,12,0.090909,1,8,12,0.090909,1,8,12,0.090909,1,8,12,0.090909,0,9,13,0.0
89,60,24,36,0.738871,0.849829,0.154762,12,12,48,0.285714,12,12,48,0.285714,12,12,48,0.285714,10,14,50,0.238095,9,15,51,0.214286,6,18,54,0.142857,3,21,57,0.071429,1,23,59,0.02381,0,24,60,0.0,0,24,60,0.0
90,43,28,15,0.742217,0.852037,0.371831,24,4,19,0.676056,22,6,21,0.619718,21,7,22,0.591549,18,10,25,0.507042,16,12,27,0.450704,12,16,31,0.338028,11,17,32,0.309859,6,22,37,0.169014,2,26,41,0.056338,0,28,43,0.0
91,30,4,26,0.569681,0.725856,0.047059,1,3,29,0.058824,1,3,29,0.058824,1,3,29,0.058824,1,3,29,0.058824,1,3,29,0.058824,1,3,29,0.058824,1,3,29,0.058824,1,3,29,0.058824,0,4,30,0.0,0,4,30,0.0
92,48,26,22,0.818773,0.900358,0.359459,21,5,27,0.567568,21,5,27,0.567568,21,5,27,0.567568,17,9,31,0.459459,16,10,32,0.432432,16,10,32,0.432432,13,13,35,0.351351,7,19,41,0.189189,1,25,47,0.027027,0,26,48,0.0
93,44,36,8,0.719863,0.837117,0.285,20,16,24,0.5,18,18,26,0.45,16,20,28,0.4,15,21,29,0.375,13,23,31,0.325,13,23,31,0.325,13,23,31,0.325,6,30,38,0.15,0,36,44,0.0,0,36,44,0.0
94,12,16,4,0.561028,0.718793,0.214286,7,9,5,0.5,6,10,6,0.428571,6,10,6,0.428571,4,12,8,0.285714,3,13,9,0.214286,2,14,10,0.142857,1,15,11,0.071429,1,15,11,0.071429,0,16,12,0.0,0,16,12,0.0
95,61,33,28,0.7492,0.85662,0.244681,22,11,39,0.468085,18,15,43,0.382979,17,16,44,0.361702,16,17,45,0.340426,14,19,47,0.297872,11,22,50,0.234043,10,23,51,0.212766,5,28,56,0.106383,2,31,59,0.042553,0,33,61,0.0
96,11,10,1,0.650796,0.788463,0.180952,4,6,7,0.380952,3,7,8,0.285714,3,7,8,0.285714,3,7,8,0.285714,2,8,9,0.190476,2,8,9,0.190476,1,9,10,0.095238,1,9,10,0.095238,0,10,11,0.0,0,10,11,0.0
97,24,21,3,0.80259,0.890485,0.431111,16,5,8,0.711111,14,7,10,0.622222,14,7,10,0.622222,13,8,11,0.577778,12,9,12,0.533333,11,10,13,0.488889,9,12,15,0.4,5,16,19,0.222222,3,18,21,0.133333,0,21,24,0.0
98,30,23,7,0.475933,0.644925,0.207547,13,10,17,0.490566,11,12,19,0.415094,8,15,22,0.301887,7,16,23,0.264151,6,17,24,0.226415,5,18,25,0.188679,3,20,27,0.113208,2,21,28,0.075472,0,23,30,0.0,0,23,30,0.0
99,95,19,76,0.633626,0.775729,0.050877,8,11,87,0.140351,8,11,87,0.140351,6,13,89,0.105263,4,15,91,0.070175,3,16,92,0.052632,0,19,95,0.0,0,19,95,0.0,0,19,95,0.0,0,19,95,0.0,0,19,95,0.0
100,90,45,45,0.532409,0.694865,0.194074,29,16,61,0.42963,27,18,63,0.4,23,22,67,0.340741,20,25,70,0.296296,16,29,74,0.237037,10,35,80,0.148148,6,39,84,0.088889,0,45,90,0.0,0,45,90,0.0,0,45,90,0.0
0,4,1,3,0.094814,0.173205,0.0,0,1,4,0.0,0,1,4,0.0,0,1,4,0.0,0,1,4,0.0,0,1,4,0.0,0,1,4,0.0,0,1,4,0.0,0,1,4,0.0,0,1,4,0.0,0,1,4,0.0
1,28,21,7,0.840989,0.913627,0.489796,18,3,10,0.734694,18,3,10,0.734694,16,5,12,0.653061,14,7,14,0.571429,14,7,14,0.571429,13,8,15,0.530612,12,9,16,0.489796,12,9,16,0.489796,3,18,25,0.122449,0,21,28,0.0
2,15,14,1,0.861759,0.925747,0.731034,14,0,1,0.965517,14,0,1,0.965517,14,0,1,0.965517,13,1,2,0.896552,12,2,3,0.827586,11,3,4,0.758621,10,4,5,0.689655,9,5,6,0.62069,8,6,7,0.551724,1,13,14,0.068966
3,21,15,6,0.78976,0.882532,0.427778,12,3,9,0.666667,11,4,10,0.611111,11,4,10,0.611111,9,6,12,0.5,9,6,12,0.5,9,6,12,0.5,7,8,14,0.388889,6,9,15,0.333333,3,12,18,0.166667,0,15,21,0.0
4,11,10,1,0.756334,0.861265,0.590476,10,0,1,0.952381,10,0,1,0.952381,10,0,1,0.952381,10,0,1,0.952381,8,2,3,0.761905,6,4,5,0.571429,5,5,6,0.47619,2,8,9,0.190476,1,9,10,0.095238,0,10,11,0.0
5,47,46,1,0.865488,0.927895,0.716129,42,4,5,0.903226,41,5,6,0.88172,41,5,6,0.88172,40,6,7,0.860215,39,7,8,0.83871,37,9,10,0.795699,34,12,13,0.731183,30,16,17,0.645161,21,25,26,0.451613,8,38,39,0.172043
6,68,68,0,0.760069,0.863681,0.491176,56,12,12,0.823529,51,17,17,0.75,50,18,18,0.735294,47,21,21,0.691176,40,28,28,0.588235,36,32,32,0.529412,23,45,45,0.338235,16,52,52,0.235294,11,57,57,0.161765,4,64,64,0.058824
7,28,23,5,0.913001,0.954522,0.698039,20,3,8,0.784314,20,3,8,0.784314,20,3,8,0.784314,20,3,8,0.784314,20,3,8,0.784314,20,3,8,0.784314,19,4,9,0.745098,17,6,11,0.666667,14,9,14,0.54902,8,15,20,0.313725
8,23,22,1,0.931815,0.964704,0.844444,22,0,1,0.977778,22,0,1,0.977778,21,1,2,0.933333,21,1,2,0.933333,21,1,2,0.933333,20,2,3,0.888889,20,2,3,0.888889,20,2,3,0.888889,16,6,7,0.711111,7,15,16,0.311111
9,12,7,5,0.749486,0.856807,0.368421,5,2,7,0.526316,5,2,7,0.526316,4,3,8,0.421053,4,3,8,0.421053,4,3,8,0.421053,4,3,8,0.421053,4,3,8,0.421053,3,4,9,0.315789,2,5,10,0.210526,0,7,12,0.0
10,19,15,4,0.612356,0.759579,0.441176,13,2,6,0.764706,12,3,7,0.705882,12,3,7,0.705882,12,3,7,0.705882,9,6,10,0.529412,6,9,13,0.352941,6,9,13,0.352941,4,11,15,0.235294,1,14,18,0.058824,0,15,19,0.0
11,4,3,1,0.506247,0.672196,0.485714,3,0,1,0.857143,3,0,1,0.857143,2,1,2,0.571429,2,1,2,0.571429,2,1,2,0.571429,2,1,2,0.571429,1,2,3,0.285714,1,2,3,0.285714,1,2,3,0.285714,0,3,4,0.0
12,28,25,3,0.605177,0.754031,0.241509,21,4,7,0.792453,17,8,11,0.641509,12,13,16,0.45283,8,17,20,0.301887,5,20,23,0.188679,1,24,27,0.037736,0,25,28,0.0,0,25,28,0.0,0,25,28,0.0,0,25,28,0.0
13,7,7,0,0.83859,0.91221,0.742857,7,0,0,1.0,7,0,0,1.0,7,0,0,1.0,6,1,1,0.857143,6,1,1,0.857143,6,1,1,0.857143,6,1,1,0.857143,4,3,3,0.571429,3,4,4,0.428571,0,7,7,0.0
14,10,9,1,0.797017,0.887044,0.663158,9,0,1,0.947368,9,0,1,0.947368,9,0,1,0.947368,9,0,1,0.947368,8,1,2,0.842105,8,1,2,0.842105,5,4,5,0.526316,3,6,7,0.315789,3,6,7,0.315789,0,9,10,0.0
15,39,37,2,0.866027,0.928204,0.697368,37,0,2,0.973684,37,0,2,0.973684,34,3,5,0.894737,34,3,5,0.894737,33,4,6,0.868421,27,10,12,0.710526,25,12,14,0.657895,19,18,20,0.5,13,24,26,0.342105,6,31,33,0.157895
16,11,9,2,0.850071,0.91896,0.8,9,0,2,0.9,9,0,2,0.9,9,0,2,0.9,9,0,2,0.9,9,0,2,0.9,9,0,2,0.9,9,0,2,0.9,8,1,3,0.8,6,3,5,0.6,3,6,8,0.3
17,5,7,2,0.644895,0.784117,0.45,4,3,1,0.666667,4,3,1,0.666667,4,3,1,0.666667,4,3,1,0.666667,4,3,1,0.666667,4,3,1,0.666667,2,5,3,0.333333,1,6,4,0.166667,0,7,5,0.0,0,7,5,0.0
18,38,23,15,0.834898,0.910021,0.386885,20,3,18,0.655738,18,5,20,0.590164,15,8,23,0.491803,13,10,25,0.42623,12,11,26,0.393443,12,11,26,0.393443,11,12,27,0.360656,9,14,29,0.295082,6,17,32,0.196721,2,21,36,0.065574
19,20,15,5,0.751199,0.857926,0.434286,13,2,7,0.742857,12,3,8,0.685714,12,3,8,0.685714,11,4,9,0.628571,11,4,9,0.628571,8,7,12,0.457143,5,10,15,0.285714,3,12,17,0.171429,1,14,19,0.057143,0,15,20,0.0
20,11,10,1,0.708772,0.829569,0.514286,10,0,1,0.952381,9,1,2,0.857143,9,1,2,0.857143,8,2,3,0.761905,8,2,3,0.761905,5,5,6,0.47619,3,7,8,0.285714,2,8,9,0.190476,0,10,11,0.0,0,10,11,0.0
21,6,6,0,0.940199,0.969178,0.933333,6,0,0,1.0,6,0,0,1.0,6,0,0,1.0,6,0,0,1.0,6,0,0,1.0,6,0,0,1.0,6,0,0,1.0,6,0,0,1.0,6,0,0,1.0,2,4,4,0.333333
22,15,10,5,0.901188,0.948026,0.496,8,2,7,0.64,8,2,7,0.64,8,2,7,0.64,8,2,7,0.64,7,3,8,0.56,7,3,8,0.56,6,4,9,0.48,6,4,9,0.48,4,6,11,0.32,0,10,15,0.0
23,20,15,5,0.670101,0.802468,0.308571,9,6,11,0.514286,9,6,11,0.514286,9,6,11,0.514286,8,7,12,0.457143,7,8,13,0.4,4,11,16,0.228571,3,12,17,0.171429,3,12,17,0.171429,1,14,19,0.057143,1,14,19,0.057143
24,57,39,18,0.582234,0.735964,0.18125,24,15,33,0.5,20,19,37,0.416667,18,21,39,0.375,10,29,47,0.208333,5,34,52,0.104167,3,36,54,0.0625,3,36,54,0.0625,3,36,54,0.0625,1,38,56,0.020833,0,39,57,0.0
25,27,26,1,0.718398,0.836125,0.430189,20,6,7,0.754717,20,6,7,0.754717,18,8,9,0.679245,16,10,11,0.603774,14,12,13,0.528302,12,14,15,0.45283,10,16,17,0.377358,4,22,23,0.150943,0,26,27,0.0,0,26,27,0.0
26,19,17,2,0.463855,0.633745,0.261111,10,7,9,0.555556,8,9,11,0.444444,8,9,11,0.444444,7,10,12,0.388889,4,13,15,0.222222,3,14,16,0.166667,3,14,16,0.166667,3,14,16,0.166667,1,16,18,0.055556,0,17,19,0.0
27,8,7,1,0.80373,0.891187,0.6,7,0,1,0.933333,7,0,1,0.933333,6,1,2,0.8,6,1,2,0.8,5,2,3,0.666667,4,3,4,0.533333,3,4,5,0.4,3,4,5,0.4,3,4,5,0.4,1,6,7,0.133333
28,24,22,2,0.840276,0.913206,0.626087,20,2,4,0.869565,19,3,5,0.826087,19,3,5,0.826087,19,3,5,0.826087,18,4,6,0.782609,16,6,8,0.695652,15,7,9,0.652174,14,8,10,0.608696,4,18,20,0.173913,0,22,24,0.0
29,24,24,0,0.83405,0.909517,0.725,21,3,3,0.875,21,3,3,0.875,21,3,3,0.875,20,4,4,0.833333,20,4,4,0.833333,19,5,5,0.791667,19,5,5,0.791667,16,8,8,0.666667,13,11,11,0.541667,4,20,20,0.166667
30,13,13,0,0.901018,0.947932,0.838462,13,0,0,1.0,13,0,0,1.0,13,0,0,1.0,13,0,0,1.0,13,0,0,1.0,13,0,0,1.0,12,1,1,0.923077,9,4,4,0.692308,9,4,4,0.692308,1,12,12,0.076923
31,12,11,1,0.758672,0.862778,0.773913,11,0,1,0.956522,11,0,1,0.956522,11,0,1,0.956522,11,0,1,0.956522,11,0,1,0.956522,11,0,1,0.956522,9,2,3,0.782609,8,3,4,0.695652,5,6,7,0.434783,1,10,11,0.086957
32,16,15,1,0.828184,0.906018,0.541935,14,1,2,0.903226,12,3,4,0.774194,11,4,5,0.709677,10,5,6,0.645161,9,6,7,0.580645,8,7,8,0.516129,7,8,9,0.451613,7,8,9,0.451613,4,11,12,0.258065,2,13,14,0.129032
33,6,6,0,0.889117,0.941304,0.816667,6,0,0,1.0,6,0,0,1.0,6,0,0,1.0,6,0,0,1.0,6,0,0,1.0,6,0,0,1.0,5,1,1,0.833333,4,2,2,0.666667,3,3,3,0.5,1,5,5,0.166667
34,32,17,15,0.34928,0.517728,0.167347,9,8,23,0.367347,8,9,24,0.326531,8,9,24,0.326531,5,12,27,0.204082,5,12,27,0.204082,3,14,29,0.122449,1,16,31,0.040816,1,16,31,0.040816,1,16,31,0.040816,0,17,32,0.0
35,14,16,2,0.787064,0.880846,0.753333,14,2,0,0.933333,13,3,1,0.866667,13,3,1,0.866667,13,3,1,0.866667,13,3,1,0.866667,13,3,1,0.866667,13,3,1,0.866667,11,5,3,0.733333,7,9,7,0.466667,3,13,11,0.2
36,76,72,4,0.898594,0.946589,0.731081,66,6,10,0.891892,65,7,11,0.878378,63,9,13,0.851351,62,10,14,0.837838,61,11,15,0.824324,60,12,16,0.810811,57,15,19,0.77027,51,21,25,0.689189,38,34,38,0.513514,18,54,58,0.243243
37,36,35,1,0.901297,0.948086,0.802817,35,0,1,0.985915,35,0,1,0.985915,34,1,2,0.957746,34,1,2,0.957746,33,2,3,0.929577,33,2,3,0.929577,32,3,4,0.901408,23,12,13,0.647887,18,17,18,0.507042,8,27,28,0.225352
38,13,10,3,0.737973,0.849234,0.4,7,3,6,0.608696,7,3,6,0.608696,6,4,7,0.521739,6,4,7,0.521739,5,5,8,0.434783,5,5,8,0.434783,5,5,8,0.434783,3,7,10,0.26087,2,8,11,0.173913,0,10,13,0.0
39,14,11,3,0.818837,0.900396,0.696,10,1,4,0.8,10,1,4,0.8,10,1,4,0.8,10,1,4,0.8,10,1,4,0.8,10,1,4,0.8,10,1,4,0.8,9,2,5,0.72,7,4,7,0.56,1,10,13,0.08
40,6,6,0,0.917836,0.957158,0.883333,6,0,0,1.0,6,0,0,1.0,6,0,0,1.0,6,0,0,1.0,6,0,0,1.0,6,0,0,1.0,6,0,0,1.0,6,0,0,1.0,5,1,1,0.833333,0,6,6,0.0
41,13,10,3,0.76261,0.865319,0.434783,8,2,5,0.695652,8,2,5,0.695652,8,2,5,0.695652,6,4,7,0.521739,6,4,7,0.521739,5,5,8,0.434783,3,7,10,0.26087,3,7,10,0.26087,3,7,10,0.26087,0,10,13,0.0
42,36,34,2,0.848806,0.918221,0.688571,34,0,2,0.971429,33,1,3,0.942857,32,2,4,0.914286,32,2,4,0.914286,30,4,6,0.857143,29,5,7,0.828571,23,11,13,0.657143,15,19,21,0.428571,10,24,26,0.285714,3,31,33,0.085714
43,12,7,5,0.797629,0.887423,0.557895,7,0,5,0.736842,7,0,5,0.736842,7,0,5,0.736842,7,0,5,0.736842,7,0,5,0.736842,7,0,5,0.736842,7,0,5,0.736842,3,4,9,0.315789,1,6,11,0.105263,0,7,12,0.0
44,60,50,10,0.721032,0.837906,0.481818,42,8,18,0.763636,38,12,22,0.690909,37,13,23,0.672727,34,16,26,0.618182,31,19,29,0.563636,28,22,32,0.509091,22,28,38,0.4,17,33,43,0.309091,10,40,50,0.181818,6,44,54,0.109091
45,28,28,0,0.566916,0.723607,0.164286,17,11,11,0.607143,15,13,13,0.535714,8,20,20,0.285714,6,22,22,0.214286,0,28,28,0.0,0,28,28,0.0,0,28,28,0.0,0,28,28,0.0,0,28,28,0.0,0,28,28,0.0
46,74,60,14,0.811199,0.895759,0.48209,49,11,25,0.731343,46,14,28,0.686567,44,16,30,0.656716,44,16,30,0.656716,43,17,31,0.641791,38,22,36,0.567164,29,31,45,0.432836,22,38,52,0.328358,8,52,66,0.119403,0,60,74,0.0
47,49,43,6,0.584377,0.737674,0.213043,30,13,19,0.652174,27,16,22,0.586957,20,23,29,0.434783,13,30,36,0.282609,5,38,44,0.108696,2,41,47,0.043478,1,42,48,0.021739,0,43,49,0.0,0,43,49,0.0,0,43,49,0.0
48,29,27,2,0.921846,0.959334,0.771429,24,3,5,0.857143,24,3,5,0.857143,24,3,5,0.857143,24,3,5,0.857143,23,4,6,0.821429,23,4,6,0.821429,23,4,6,0.821429,21,6,8,0.75,20,7,9,0.714286,10,17,19,0.357143
49,18,19,1,0.890361,0.942001,0.827027,18,1,0,0.972973,18,1,0,0.972973,18,1,0,0.972973,18,1,0,0.972973,18,1,0,0.972973,18,1,0,0.972973,17,2,1,0.918919,15,4,3,0.810811,11,8,7,0.594595,2,17,16,0.108108
50,33,33,0,0.927143,0.962194,0.893939,33,0,0,1.0,33,0,0,1.0,33,0,0,1.0,33,0,0,1.0,33,0,0,1.0,33,0,0,1.0,32,1,1,0.969697,29,4,4,0.878788,23,10,10,0.69697,13,20,20,0.393939
51,42,33,9,0.849179,0.918439,0.616,27,6,15,0.72,27,6,15,0.72,27,6,15,0.72,27,6,15,0.72,26,7,16,0.693333,26,7,16,0.693333,25,8,17,0.666667,22,11,20,0.586667,18,15,24,0.48,6,27,36,0.16
52,32,30,2,0.877291,0.934635,0.764516,29,1,3,0.935484,29,1,3,0.935484,29,1,3,0.935484,29,1,3,0.935484,29,1,3,0.935484,28,2,4,0.903226,26,4,6,0.83871,21,9,11,0.677419,13,17,19,0.419355,4,26,28,0.129032
53,59,48,11,0.814575,0.897813,0.51028,39,9,20,0.728972,37,11,22,0.691589,36,12,23,0.672897,34,14,25,0.635514,34,14,25,0.635514,28,20,31,0.523364,26,22,33,0.485981,23,25,36,0.429907,13,35,46,0.242991,3,45,56,0.056075
54,12,12,0,0.823458,0.903183,0.6,11,1,1,0.916667,11,1,1,0.916667,11,1,1,0.916667,10,2,2,0.833333,9,3,3,0.75,9,3,3,0.75,7,5,5,0.583333,3,9,9,0.25,1,11,11,0.083333,0,12,12,0.0
55,11,10,1,0.90873,0.952183,0.72381,10,0,1,0.952381,9,1,2,0.857143,9,1,2,0.857143,9,1,2,0.857143,9,1,2,0.857143,8,2,3,0.761905,8,2,3,0.761905,8,2,3,0.761905,6,4,5,0.571429,0,10,11,0.0
56,7,7,0,0.854744,0.921684,0.671429,6,1,1,0.857143,6,1,1,0.857143,6,1,1,0.857143,6,1,1,0.857143,6,1,1,0.857143,6,1,1,0.857143,6,1,1,0.857143,4,3,3,0.571429,1,6,6,0.142857,0,7,7,0.0
57,40,37,3,0.866423,0.928432,0.727273,37,0,3,0.961039,36,1,4,0.935065,36,1,4,0.935065,35,2,5,0.909091,34,3,6,0.883117,34,3,6,0.883117,30,7,10,0.779221,26,11,14,0.675325,12,25,28,0.311688,0,37,40,0.0
58,65,52,13,0.77623,0.87402,0.547009,44,8,21,0.752137,44,8,21,0.752137,43,9,22,0.735043,42,10,23,0.717949,42,10,23,0.717949,40,12,25,0.683761,35,17,30,0.598291,22,30,43,0.376068,7,45,58,0.119658,1,51,64,0.017094
59,33,30,3,0.939821,0.968977,0.828571,30,0,3,0.952381,29,1,4,0.920635,29,1,4,0.920635,28,2,5,0.888889,28,2,5,0.888889,28,2,5,0.888889,26,4,7,0.825397,26,4,7,0.825397,22,8,11,0.698413,15,15,18,0.47619
60,9,9,0,0.814361,0.897683,0.477778,7,2,2,0.777778,7,2,2,0.777778,7,2,2,0.777778,6,3,3,0.666667,6,3,3,0.666667,4,5,5,0.444444,3,6,6,0.333333,2,7,7,0.222222,1,8,8,0.111111,0,9,9,0.0
61,7,6,1,0.838906,0.912397,0.584615,6,0,1,0.923077,6,0,1,0.923077,5,1,2,0.769231,5,1,2,0.769231,5,1,2,0.769231,5,1,2,0.769231,3,3,4,0.461538,2,4,5,0.307692,1,5,6,0.153846,0,6,7,0.0
62,41,41,0,0.837745,0.91171,0.714634,40,1,1,0.97561,40,1,1,0.97561,39,2,2,0.95122,37,4,4,0.902439,35,6,6,0.853659,34,7,7,0.829268,29,12,12,0.707317,22,19,19,0.536585,14,27,27,0.341463,3,38,38,0.073171
63,15,12,3,0.840525,0.913353,0.637037,11,1,4,0.814815,11,1,4,0.814815,10,2,5,0.740741,10,2,5,0.740741,10,2,5,0.740741,10,2,5,0.740741,9,3,6,0.666667,9,3,6,0.666667,6,6,9,0.444444,0,12,15,0.0
64,23,20,3,0.885735,0.939406,0.711628,20,0,3,0.930233,18,2,5,0.837209,18,2,5,0.837209,18,2,5,0.837209,18,2,5,0.837209,18,2,5,0.837209,16,4,7,0.744186,16,4,7,0.744186,10,10,13,0.465116,1,19,22,0.046512
65,20,17,3,0.850545,0.919237,0.745946,17,0,3,0.918919,17,0,3,0.918919,17,0,3,0.918919,17,0,3,0.918919,17,0,3,0.918919,15,2,5,0.810811,14,3,6,0.756757,12,5,8,0.648649,9,8,11,0.486486,3,14,17,0.162162
66,10,10,0,0.888315,0.940855,0.81,10,0,0,1.0,10,0,0,1.0,10,0,0,1.0,10,0,0,1.0,10,0,0,1.0,10,0,0,1.0,8,2,2,0.8,8,2,2,0.8,5,5,5,0.5,0,10,10,0.0
67,7,7,0,0.862261,0.926037,0.785714,7,0,0,1.0,7,0,0,1.0,7,0,0,1.0,7,0,0,1.0,7,0,0,1.0,7,0,0,1.0,6,1,1,0.857143,6,1,1,0.857143,1,6,6,0.142857,0,7,7,0.0
68,14,13,1,0.779315,0.875972,0.511111,8,5,6,0.592593,8,5,6,0.592593,8,5,6,0.592593,8,5,6,0.592593,8,5,6,0.592593,8,5,6,0.592593,8,5,6,0.592593,7,6,7,0.518519,5,8,9,0.37037,1,12,13,0.074074
69,32,28,4,0.60935,0.757262,0.336667,22,6,10,0.733333,18,10,14,0.6,17,11,15,0.566667,13,15,19,0.433333,13,15,19,0.433333,10,18,22,0.333333,5,23,27,0.166667,2,26,30,0.066667,1,27,31,0.033333,0,28,32,0.0
70,18,15,3,0.810326,0.895227,0.569697,14,1,4,0.848485,14,1,4,0.848485,13,2,5,0.787879,12,3,6,0.727273,11,4,7,0.666667,10,5,8,0.606061,8,7,10,0.484848,8,7,10,0.484848,4,11,14,0.242424,0,15,18,0.0
71,5,7,2,0.555779,0.71447,0.233333,4,3,1,0.666667,4,3,1,0.666667,3,4,2,0.5,1,6,4,0.166667,1,6,4,0.166667,1,6,4,0.166667,0,7,5,0.0,0,7,5,0.0,0,7,5,0.0,0,7,5,0.0
72,7,13,6,0.697909,0.82208,0.27,4,9,3,0.4,4,9,3,0.4,4,9,3,0.4,4,9,3,0.4,4,9,3,0.4,4,9,3,0.4,2,11,5,0.2,1,12,6,0.1,0,13,7,0.0,0,13,7,0.0
73,18,8,10,0.750648,0.857566,0.253846,5,3,13,0.384615,5,3,13,0.384615,5,3,13,0.384615,4,4,14,0.307692,4,4,14,0.307692,4,4,14,0.307692,2,6,16,0.153846,2,6,16,0.153846,2,6,16,0.153846,0,8,18,0.0
74,22,17,5,0.664801,0.798655,0.451282,13,4,9,0.666667,12,5,10,0.615385,12,5,10,0.615385,12,5,10,0.615385,12,5,10,0.615385,11,6,11,0.564103,8,9,14,0.410256,5,12,17,0.25641,3,14,19,0.153846,0,17,22,0.0
75,0,0,0,1.0,1.0,0.0,0,0,0,0.0,0,0,0,0.0,0,0,0,0.0,0,0,0,0.0,0,0,0,0.0,0,0,0,0.0,0,0,0,0.0,0,0,0,0.0,0,0,0,0.0,0,0,0,0.0
76,51,50,1,0.803724,0.891183,0.619802,47,3,4,0.930693,47,3,4,0.930693,46,4,5,0.910891,42,8,9,0.831683,39,11,12,0.772277,35,15,16,0.693069,28,22,23,0.554455,16,34,35,0.316832,11,39,40,0.217822,2,48,49,0.039604
77,14,13,1,0.872461,0.931887,0.651852,11,2,3,0.814815,11,2,3,0.814815,11,2,3,0.814815,11,2,3,0.814815,11,2,3,0.814815,10,3,4,0.740741,9,4,5,0.666667,8,5,6,0.592593,6,7,8,0.444444,0,13,14,0.0
78,17,12,5,0.827357,0.905523,0.406897,10,2,7,0.689655,9,3,8,0.62069,8,4,9,0.551724,8,4,9,0.551724,7,5,10,0.482759,7,5,10,0.482759,6,6,11,0.413793,2,10,15,0.137931,2,10,15,0.137931,0,12,17,0.0
79,47,42,5,0.631809,0.774367,0.2,24,18,23,0.539326,21,21,26,0.47191,19,23,28,0.426966,12,30,35,0.269663,6,36,41,0.134831,4,38,43,0.089888,3,39,44,0.067416,0,42,47,0.0,0,42,47,0.0,0,42,47,0.0
80,20,18,2,0.871321,0.931237,0.736842,17,1,3,0.894737,16,2,4,0.842105,16,2,4,0.842105,16,2,4,0.842105,16,2,4,0.842105,16,2,4,0.842105,16,2,4,0.842105,14,4,6,0.736842,10,8,10,0.526316,3,15,17,0.157895
81,48,41,7,0.916471,0.956415,0.660674,36,5,12,0.808989,34,7,14,0.764045,32,9,16,0.719101,32,9,16,0.719101,32,9,16,0.719101,32,9,16,0.719101,31,10,17,0.696629,30,11,18,0.674157,25,16,23,0.561798,10,31,38,0.224719
82,3,0,3,0.0,0.0,0.0,0,0,3,0.0,0,0,3,0.0,0,0,3,0.0,0,0,3,0.0,0,0,3,0.0,0,0,3,0.0,0,0,3,0.0,0,0,3,0.0,0,0,3,0.0,0,0,3,0.0
83,13,9,4,0.629448,0.772591,0.2,5,4,8,0.454545,4,5,9,0.363636,3,6,10,0.272727,3,6,10,0.272727,3,6,10,0.272727,2,7,11,0.181818,2,7,11,0.181818,0,9,13,0.0,0,9,13,0.0,0,9,13,0.0
84,3,1,2,0.0,0.0,0.0,0,1,3,0.0,0,1,3,0.0,0,1,3,0.0,0,1,3,0.0,0,1,3,0.0,0,1,3,0.0,0,1,3,0.0,0,1,3,0.0,0,1,3,0.0,0,1,3,0.0
85,14,20,6,0.655035,0.791566,0.235294,7,13,7,0.411765,7,13,7,0.411765,7,13,7,0.411765,7,13,7,0.411765,5,15,9,0.294118,4,16,10,0.235294,2,18,12,0.117647,1,19,13,0.058824,0,20,14,0.0,0,20,14,0.0
86,55,32,23,0.725735,0.841073,0.250575,19,13,36,0.436782,17,15,38,0.390805,15,17,40,0.344828,14,18,41,0.321839,12,20,43,0.275862,12,20,43,0.275862,11,21,44,0.252874,7,25,48,0.16092,2,30,53,0.045977,0,32,55,0.0
87,9,23,14,0.509979,0.675478,0.125,4,19,5,0.25,3,20,6,0.1875,3,20,6,0.1875,2,21,7,0.125,2,21,7,0.125,2,21,7,0.125,2,21,7,0.125,2,21,7,0.125,0,23,9,0.0,0,23,9,0.0
88,12,4,8,0.633807,0.775866,0.1375,2,2,10,0.25,2,2,10,0.25,2,2,10,0.25,2,2,10,0.25,1,3,11,0.125,1,3,11,0.125,1,3,11,0.125,0,4,12,0.0,0,4,12,0.0,0,4,12,0.0
89,24,13,11,0.517662,0.682183,0.064865,4,9,20,0.216216,3,10,21,0.162162,1,12,23,0.054054,1,12,23,0.054054,1,12,23,0.054054,1,12,23,0.054054,1,12,23,0.054054,0,13,24,0.0,0,13,24,0.0,0,13,24,0.0
90,14,5,9,0.817388,0.89952,0.073684,1,4,13,0.105263,1,4,13,0.105263,1,4,13,0.105263,1,4,13,0.105263,1,4,13,0.105263,1,4,13,0.105263,1,4,13,0.105263,0,5,14,0.0,0,5,14,0.0,0,5,14,0.0
91,31,25,6,0.737026,0.848606,0.264286,14,11,17,0.5,13,12,18,0.464286,12,13,19,0.428571,10,15,21,0.357143,9,16,22,0.321429,8,17,23,0.285714,4,21,27,0.142857,3,22,28,0.107143,1,24,30,0.035714,0,25,31,0.0
92,5,4,1,0.791569,0.88366,0.466667,4,0,1,0.888889,4,0,1,0.888889,4,0,1,0.888889,3,1,2,0.666667,2,2,3,0.444444,2,2,3,0.444444,1,3,4,0.222222,1,3,4,0.222222,0,4,5,0.0,0,4,5,0.0
93,125,30,95,0.549302,0.709096,0.061935,11,19,114,0.141935,10,20,115,0.129032,9,21,116,0.116129,8,22,117,0.103226,7,23,118,0.090323,3,27,122,0.03871,0,30,125,0.0,0,30,125,0.0,0,30,125,0.0,0,30,125,0.0
94,28,24,4,0.80949,0.894716,0.484615,19,5,9,0.730769,18,6,10,0.692308,17,7,11,0.653846,17,7,11,0.653846,16,8,12,0.615385,14,10,14,0.538462,12,12,16,0.461538,8,16,20,0.307692,3,21,25,0.115385,2,22,26,0.076923
95,54,30,24,0.811295,0.895817,0.259524,19,11,35,0.452381,16,14,38,0.380952,14,16,40,0.333333,13,17,41,0.309524,12,18,42,0.285714,12,18,42,0.285714,12,18,42,0.285714,9,21,45,0.214286,2,28,52,0.047619,0,30,54,0.0
96,39,26,13,0.71801,0.835862,0.390769,21,5,18,0.646154,19,7,20,0.584615,16,10,23,0.492308,16,10,23,0.492308,15,11,24,0.461538,14,12,25,0.430769,11,15,28,0.338462,9,17,30,0.276923,5,21,34,0.153846,1,25,38,0.030769
97,20,11,9,0.790766,0.88316,0.329032,8,3,12,0.516129,8,3,12,0.516129,7,4,13,0.451613,6,5,14,0.387097,6,5,14,0.387097,6,5,14,0.387097,4,7,16,0.258065,4,7,16,0.258065,2,9,18,0.129032,0,11,20,0.0
98,52,34,18,0.704895,0.826907,0.276744,23,11,29,0.534884,20,14,32,0.465116,18,16,34,0.418605,16,18,36,0.372093,14,20,38,0.325581,12,22,40,0.27907,9,25,43,0.209302,6,28,46,0.139535,1,33,51,0.023256,0,34,52,0.0
99,5,5,0,0.904132,0.949652,0.5,3,2,2,0.6,3,2,2,0.6,3,2,2,0.6,3,2,2,0.6,3,2,2,0.6,3,2,2,0.6,3,2,2,0.6,2,3,3,0.4,1,4,4,0.2,1,4,4,0.2
100,39,31,8,0.585544,0.738603,0.282857,17,14,22,0.485714,14,17,25,0.4,13,18,26,0.371429,13,18,26,0.371429,13,18,26,0.371429,12,19,27,0.342857,8,23,31,0.228571,6,25,33,0.171429,3,28,36,0.085714,0,31,39,0.0
