idx,n_gt,n_pred,count_error,iou_sem,dice_sem,mAP,tp_50,fp_50,fn_50,ap_50,tp_55,fp_55,fn_55,ap_55,tp_60,fp_60,fn_60,ap_60,tp_65,fp_65,fn_65,ap_65,tp_70,fp_70,fn_70,ap_70,tp_75,fp_75,fn_75,ap_75,tp_80,fp_80,fn_80,ap_80,tp_85,fp_85,fn_85,ap_85,tp_90,fp_90,fn_90,ap_90,tp_95,fp_95,fn_95,ap_95
0,11,13,2,0.467795,0.637412,0.8,11,2,0,0.916667,11,2,0,0.916667,11,2,0,0.916667,11,2,0,0.916667,11,2,0,0.916667,11,2,0,0.916667,11,2,0,0.916667,10,3,1,0.833333,7,6,4,0.583333,2,11,9,0.166667
1,9,8,1,0.401655,0.573115,0.717647,8,0,1,0.941176,8,0,1,0.941176,8,0,1,0.941176,7,1,2,0.823529,7,1,2,0.823529,7,1,2,0.823529,7,1,2,0.823529,5,3,4,0.588235,3,5,6,0.352941,1,7,8,0.117647
2,52,78,26,0.632275,0.774717,0.129231,18,60,34,0.276923,16,62,36,0.246154,16,62,36,0.246154,11,67,41,0.169231,11,67,41,0.169231,6,72,46,0.092308,4,74,48,0.061538,2,76,50,0.030769,0,78,52,0.0,0,78,52,0.0
3,9,9,0,0.414818,0.586391,0.7,8,1,1,0.888889,8,1,1,0.888889,8,1,1,0.888889,8,1,1,0.888889,8,1,1,0.888889,8,1,1,0.888889,8,1,1,0.888889,6,3,3,0.666667,1,8,8,0.111111,0,9,9,0.0
4,65,67,2,0.52564,0.689075,0.583333,62,5,3,0.939394,62,5,3,0.939394,59,8,6,0.893939,54,13,11,0.818182,48,19,17,0.727273,42,25,23,0.636364,29,38,36,0.439394,22,45,43,0.333333,6,61,59,0.090909,1,66,64,0.015152
5,18,16,2,0.724239,0.840068,0.758824,16,0,2,0.941176,16,0,2,0.941176,16,0,2,0.941176,15,1,3,0.882353,13,3,5,0.764706,13,3,5,0.764706,13,3,5,0.764706,13,3,5,0.764706,11,5,7,0.647059,3,13,15,0.176471
6,58,56,2,0.351312,0.519957,0.489474,41,15,17,0.719298,40,16,18,0.701754,40,16,18,0.701754,39,17,19,0.684211,39,17,19,0.684211,35,21,23,0.614035,27,29,31,0.473684,15,41,43,0.263158,3,53,55,0.052632,0,56,58,0.0
7,11,10,1,0.402015,0.573482,0.542857,9,1,2,0.857143,8,2,3,0.761905,7,3,4,0.666667,7,3,4,0.666667,7,3,4,0.666667,7,3,4,0.666667,6,4,5,0.571429,4,6,7,0.380952,2,8,9,0.190476,0,10,11,0.0
8,12,31,19,0.648179,0.786539,0.316279,10,21,2,0.465116,10,21,2,0.465116,10,21,2,0.465116,9,22,3,0.418605,9,22,3,0.418605,8,23,4,0.372093,7,24,5,0.325581,4,27,8,0.186047,1,30,11,0.046512,0,31,12,0.0
9,19,25,6,0.297696,0.458807,0.263636,13,12,6,0.590909,11,14,8,0.5,10,15,9,0.454545,9,16,10,0.409091,8,17,11,0.363636,5,20,14,0.227273,2,23,17,0.090909,0,25,19,0.0,0,25,19,0.0,0,25,19,0.0
10,43,40,3,0.418193,0.589755,0.643373,38,2,5,0.915663,37,3,6,0.891566,36,4,7,0.86747,35,5,8,0.843373,35,5,8,0.843373,29,11,14,0.698795,26,14,17,0.626506,22,18,21,0.53012,9,31,34,0.216867,0,40,43,0.0
11,7,8,1,0.588153,0.740675,0.653333,7,1,0,0.933333,6,2,1,0.8,6,2,1,0.8,6,2,1,0.8,6,2,1,0.8,6,2,1,0.8,5,3,2,0.666667,4,4,3,0.533333,2,6,5,0.266667,1,7,6,0.133333
12,77,101,24,0.505223,0.671294,0.08427,26,75,51,0.292135,19,82,58,0.213483,14,87,63,0.157303,9,92,68,0.101124,4,97,73,0.044944,1,100,76,0.011236,1,100,76,0.011236,1,100,76,0.011236,0,101,77,0.0,0,101,77,0.0
13,37,35,2,0.39098,0.562165,0.747222,35,0,2,0.972222,34,1,3,0.944444,34,1,3,0.944444,34,1,3,0.944444,33,2,4,0.916667,32,3,5,0.888889,28,7,9,0.777778,23,12,14,0.638889,14,21,23,0.388889,2,33,35,0.055556
14,56,46,10,0.40226,0.573731,0.364706,29,17,27,0.568627,28,18,28,0.54902,27,19,29,0.529412,24,22,32,0.470588,24,22,32,0.470588,23,23,33,0.45098,17,29,39,0.333333,11,35,45,0.215686,3,43,53,0.058824,0,46,56,0.0
15,17,16,1,0.616253,0.76257,0.836364,16,0,1,0.969697,16,0,1,0.969697,16,0,1,0.969697,16,0,1,0.969697,16,0,1,0.969697,15,1,2,0.909091,15,1,2,0.909091,15,1,2,0.909091,11,5,6,0.666667,2,14,15,0.121212
16,9,7,2,0.757254,0.861861,0.6375,7,0,2,0.875,6,1,3,0.75,6,1,3,0.75,5,2,4,0.625,5,2,4,0.625,5,2,4,0.625,5,2,4,0.625,5,2,4,0.625,4,3,5,0.5,3,4,6,0.375
17,21,17,4,0.482822,0.65122,0.557895,14,3,7,0.736842,13,4,8,0.684211,13,4,8,0.684211,13,4,8,0.684211,13,4,8,0.684211,13,4,8,0.684211,12,5,9,0.631579,10,7,11,0.526316,4,13,17,0.210526,1,16,20,0.052632
18,51,47,4,0.352915,0.52171,0.34898,43,4,8,0.877551,40,7,11,0.816327,35,12,16,0.714286,24,23,27,0.489796,14,33,37,0.285714,9,38,42,0.183673,4,43,47,0.081633,2,45,49,0.040816,0,47,51,0.0,0,47,51,0.0
19,28,23,5,0.67661,0.807117,0.117647,8,15,20,0.313725,8,15,20,0.313725,5,18,23,0.196078,4,19,24,0.156863,3,20,25,0.117647,2,21,26,0.078431,0,23,28,0.0,0,23,28,0.0,0,23,28,0.0,0,23,28,0.0
20,25,21,4,0.624647,0.768964,0.734783,21,0,4,0.913043,21,0,4,0.913043,20,1,5,0.869565,20,1,5,0.869565,20,1,5,0.869565,19,2,6,0.826087,18,3,7,0.782609,14,7,11,0.608696,12,9,13,0.521739,4,17,21,0.173913
21,40,39,1,0.383468,0.554358,0.275949,31,8,9,0.78481,27,12,13,0.683544,21,18,19,0.531646,15,24,25,0.379747,10,29,30,0.253165,2,37,38,0.050633,1,38,39,0.025316,1,38,39,0.025316,1,38,39,0.025316,0,39,40,0.0
22,22,22,0,0.428973,0.600393,0.740909,21,1,1,0.954545,20,2,2,0.909091,20,2,2,0.909091,20,2,2,0.909091,19,3,3,0.863636,18,4,4,0.818182,16,6,6,0.727273,15,7,7,0.681818,11,11,11,0.5,3,19,19,0.136364
23,54,54,0,0.343592,0.511453,0.246296,41,13,13,0.759259,35,19,19,0.648148,27,27,27,0.5,18,36,36,0.333333,8,46,46,0.148148,3,51,51,0.055556,1,53,53,0.018519,0,54,54,0.0,0,54,54,0.0,0,54,54,0.0
24,33,33,0,0.698075,0.822196,0.20303,19,14,14,0.575758,17,16,16,0.515152,11,22,22,0.333333,10,23,23,0.30303,6,27,27,0.181818,3,30,30,0.090909,1,32,32,0.030303,0,33,33,0.0,0,33,33,0.0,0,33,33,0.0
25,9,57,48,0.509446,0.675011,0.109091,6,51,3,0.181818,6,51,3,0.181818,4,53,5,0.121212,4,53,5,0.121212,4,53,5,0.121212,4,53,5,0.121212,4,53,5,0.121212,3,54,6,0.090909,1,56,8,0.030303,0,57,9,0.0
26,14,14,0,0.262974,0.416436,0.285714,10,4,4,0.714286,9,5,5,0.642857,7,7,7,0.5,6,8,8,0.428571,3,11,11,0.214286,2,12,12,0.142857,2,12,12,0.142857,1,13,13,0.071429,0,14,14,0.0,0,14,14,0.0
27,73,62,11,0.287754,0.446908,0.463704,54,8,19,0.8,51,11,22,0.755556,48,14,25,0.711111,45,17,28,0.666667,42,20,31,0.622222,35,27,38,0.518519,23,39,50,0.340741,12,50,61,0.177778,3,59,70,0.044444,0,62,73,0.0
28,8,13,5,0.372962,0.543295,0.390476,7,6,1,0.666667,7,6,1,0.666667,6,7,2,0.571429,5,8,3,0.47619,5,8,3,0.47619,4,9,4,0.380952,4,9,4,0.380952,2,11,6,0.190476,1,12,7,0.095238,0,13,8,0.0
29,4,18,14,0.697856,0.822044,0.181818,3,15,1,0.272727,3,15,1,0.272727,3,15,1,0.272727,3,15,1,0.272727,3,15,1,0.272727,2,16,2,0.181818,2,16,2,0.181818,1,17,3,0.090909,0,18,4,0.0,0,18,4,0.0
30,12,21,9,0.489444,0.657217,0.175758,5,16,7,0.30303,5,16,7,0.30303,4,17,8,0.242424,4,17,8,0.242424,3,18,9,0.181818,3,18,9,0.181818,3,18,9,0.181818,2,19,10,0.121212,0,21,12,0.0,0,21,12,0.0
31,28,30,2,0.520973,0.685052,0.589655,23,7,5,0.793103,23,7,5,0.793103,23,7,5,0.793103,23,7,5,0.793103,23,7,5,0.793103,20,10,8,0.689655,18,12,10,0.62069,13,17,15,0.448276,5,25,23,0.172414,0,30,28,0.0
32,4,11,7,0.384631,0.555572,0.093333,2,9,2,0.266667,2,9,2,0.266667,2,9,2,0.266667,1,10,3,0.133333,0,11,4,0.0,0,11,4,0.0,0,11,4,0.0,0,11,4,0.0,0,11,4,0.0,0,11,4,0.0
33,27,30,3,0.578973,0.733354,0.438596,18,12,9,0.631579,16,14,11,0.561404,16,14,11,0.561404,16,14,11,0.561404,16,14,11,0.561404,16,14,11,0.561404,13,17,14,0.45614,10,20,17,0.350877,3,27,24,0.105263,1,29,26,0.035088
34,12,12,0,0.446999,0.617829,0.741667,12,0,0,1.0,12,0,0,1.0,12,0,0,1.0,12,0,0,1.0,11,1,1,0.916667,10,2,2,0.833333,9,3,3,0.75,7,5,5,0.583333,4,8,8,0.333333,0,12,12,0.0
35,13,22,9,0.625035,0.769257,0.405714,10,12,3,0.571429,9,13,4,0.514286,9,13,4,0.514286,9,13,4,0.514286,8,14,5,0.457143,8,14,5,0.457143,8,14,5,0.457143,5,17,8,0.285714,5,17,8,0.285714,0,22,13,0.0
36,17,26,9,0.353194,0.522016,0.483721,15,11,2,0.697674,14,12,3,0.651163,13,13,4,0.604651,13,13,4,0.604651,13,13,4,0.604651,13,13,4,0.604651,11,15,6,0.511628,8,18,9,0.372093,4,22,13,0.186047,0,26,17,0.0
37,8,6,2,0.146893,0.256158,0.342857,4,2,4,0.571429,4,2,4,0.571429,4,2,4,0.571429,4,2,4,0.571429,4,2,4,0.571429,3,3,5,0.428571,1,5,7,0.142857,0,6,8,0.0,0,6,8,0.0,0,6,8,0.0
38,14,11,3,0.693109,0.818741,0.696,10,1,4,0.8,10,1,4,0.8,10,1,4,0.8,10,1,4,0.8,10,1,4,0.8,10,1,4,0.8,9,2,5,0.72,9,2,5,0.72,7,4,7,0.56,2,9,12,0.16
39,65,56,9,0.232763,0.377628,0.335537,41,15,24,0.677686,34,22,31,0.561983,32,24,33,0.528926,28,28,37,0.46281,25,31,40,0.413223,23,33,42,0.380165,16,40,49,0.264463,4,52,61,0.066116,0,56,65,0.0,0,56,65,0.0
40,86,91,5,0.165881,0.284559,0.259887,44,47,42,0.497175,40,51,46,0.451977,37,54,49,0.418079,33,58,53,0.372881,28,63,58,0.316384,22,69,64,0.248588,15,76,71,0.169492,8,83,78,0.090395,3,88,83,0.033898,0,91,86,0.0
41,16,14,2,0.65267,0.789837,0.826667,14,0,2,0.933333,14,0,2,0.933333,14,0,2,0.933333,14,0,2,0.933333,14,0,2,0.933333,14,0,2,0.933333,13,1,3,0.866667,13,1,3,0.866667,11,3,5,0.733333,3,11,13,0.2
42,46,40,6,0.230117,0.374139,0.306977,25,15,21,0.581395,23,17,23,0.534884,21,19,25,0.488372,18,22,28,0.418605,15,25,31,0.348837,14,26,32,0.325581,10,30,36,0.232558,5,35,41,0.116279,1,39,45,0.023256,0,40,46,0.0
43,10,28,18,0.238133,0.384664,0.347368,10,18,0,0.526316,10,18,0,0.526316,10,18,0,0.526316,9,19,1,0.473684,8,20,2,0.421053,7,21,3,0.368421,5,23,5,0.263158,4,24,6,0.210526,3,25,7,0.157895,0,28,10,0.0
44,21,16,5,0.372798,0.543122,0.275676,10,6,11,0.540541,9,7,12,0.486486,7,9,14,0.378378,7,9,14,0.378378,6,10,15,0.324324,5,11,16,0.27027,3,13,18,0.162162,3,13,18,0.162162,1,15,20,0.054054,0,16,21,0.0
45,46,43,3,0.396317,0.56766,0.714607,42,1,4,0.94382,41,2,5,0.921348,41,2,5,0.921348,40,3,6,0.898876,38,5,8,0.853933,36,7,10,0.808989,32,11,14,0.719101,27,16,19,0.606742,19,24,27,0.426966,2,41,44,0.044944
46,8,8,0,0.433504,0.604817,0.65,8,0,0,1.0,8,0,0,1.0,8,0,0,1.0,8,0,0,1.0,7,1,1,0.875,7,1,1,0.875,5,3,3,0.625,1,7,7,0.125,0,8,8,0.0,0,8,8,0.0
47,10,11,1,0.416628,0.588196,0.657143,9,2,1,0.857143,9,2,1,0.857143,9,2,1,0.857143,9,2,1,0.857143,9,2,1,0.857143,8,3,2,0.761905,6,5,4,0.571429,6,5,4,0.571429,4,7,6,0.380952,0,11,10,0.0
48,30,168,138,0.045291,0.086657,0.048485,13,155,17,0.131313,12,156,18,0.121212,10,158,20,0.10101,7,161,23,0.070707,2,166,28,0.020202,2,166,28,0.020202,1,167,29,0.010101,1,167,29,0.010101,0,168,30,0.0,0,168,30,0.0
49,2,6,4,0.234403,0.379783,0.075,1,5,1,0.25,1,5,1,0.25,1,5,1,0.25,0,6,2,0.0,0,6,2,0.0,0,6,2,0.0,0,6,2,0.0,0,6,2,0.0,0,6,2,0.0,0,6,2,0.0
50,13,13,0,0.392253,0.563479,0.738462,13,0,0,1.0,13,0,0,1.0,13,0,0,1.0,13,0,0,1.0,13,0,0,1.0,12,1,1,0.923077,10,3,3,0.769231,5,8,8,0.384615,4,9,9,0.307692,0,13,13,0.0
51,19,18,1,0.464466,0.634314,0.540541,16,2,3,0.864865,16,2,3,0.864865,15,3,4,0.810811,14,4,5,0.756757,12,6,7,0.648649,12,6,7,0.648649,10,8,9,0.540541,5,13,14,0.27027,0,18,19,0.0,0,18,19,0.0
52,49,42,7,0.325858,0.491543,0.206593,29,13,20,0.637363,23,19,26,0.505495,20,22,29,0.43956,13,29,36,0.285714,7,35,42,0.153846,2,40,47,0.043956,0,42,49,0.0,0,42,49,0.0,0,42,49,0.0,0,42,49,0.0
53,11,12,1,0.515346,0.680169,0.747826,11,1,0,0.956522,11,1,0,0.956522,11,1,0,0.956522,11,1,0,0.956522,11,1,0,0.956522,11,1,0,0.956522,11,1,0,0.956522,7,5,4,0.608696,2,10,9,0.173913,0,12,11,0.0
54,13,14,1,0.635972,0.777485,0.688889,12,2,1,0.888889,12,2,1,0.888889,12,2,1,0.888889,12,2,1,0.888889,11,3,2,0.814815,11,3,2,0.814815,10,4,3,0.740741,6,8,7,0.444444,6,8,7,0.444444,1,13,12,0.074074
55,13,24,11,0.708365,0.82929,0.47027,11,13,2,0.594595,11,13,2,0.594595,11,13,2,0.594595,10,14,3,0.540541,10,14,3,0.540541,10,14,3,0.540541,8,16,5,0.432432,7,17,6,0.378378,7,17,6,0.378378,2,22,11,0.108108
56,16,9,7,0.129406,0.229158,0.192,6,3,10,0.48,6,3,10,0.48,5,4,11,0.4,2,7,14,0.16,2,7,14,0.16,2,7,14,0.16,1,8,15,0.08,0,9,16,0.0,0,9,16,0.0,0,9,16,0.0
57,19,16,3,0.706517,0.828022,0.582857,14,2,5,0.8,14,2,5,0.8,12,4,7,0.685714,12,4,7,0.685714,11,5,8,0.628571,11,5,8,0.628571,11,5,8,0.628571,8,8,11,0.457143,8,8,11,0.457143,1,15,18,0.057143
58,15,15,0,0.542203,0.703154,0.546667,14,1,1,0.933333,13,2,2,0.866667,13,2,2,0.866667,13,2,2,0.866667,9,6,6,0.6,9,6,6,0.6,5,10,10,0.333333,3,12,12,0.2,2,13,13,0.133333,1,14,14,0.066667
59,8,7,1,0.491483,0.659052,0.72,7,0,1,0.933333,7,0,1,0.933333,7,0,1,0.933333,7,0,1,0.933333,7,0,1,0.933333,6,1,2,0.8,5,2,3,0.666667,5,2,3,0.666667,3,4,5,0.4,0,7,8,0.0
60,35,33,2,0.407044,0.578581,0.726471,32,1,3,0.941176,30,3,5,0.882353,30,3,5,0.882353,30,3,5,0.882353,30,3,5,0.882353,30,3,5,0.882353,28,5,7,0.823529,23,10,12,0.676471,14,19,21,0.411765,0,33,35,0.0
61,64,66,2,0.158053,0.272964,0.181538,20,46,44,0.307692,19,47,45,0.292308,19,47,45,0.292308,16,50,48,0.246154,16,50,48,0.246154,12,54,52,0.184615,10,56,54,0.153846,5,61,59,0.076923,1,65,63,0.015385,0,66,64,0.0
62,21,21,0,0.252584,0.403301,0.295238,13,8,8,0.619048,12,9,9,0.571429,10,11,11,0.47619,9,12,12,0.428571,7,14,14,0.333333,4,17,17,0.190476,4,17,17,0.190476,3,18,18,0.142857,0,21,21,0.0,0,21,21,0.0
63,14,15,1,0.746773,0.855032,0.77931,14,1,0,0.965517,14,1,0,0.965517,14,1,0,0.965517,14,1,0,0.965517,13,2,1,0.896552,13,2,1,0.896552,12,3,2,0.827586,10,5,4,0.689655,6,9,8,0.413793,3,12,11,0.206897
64,9,9,0,0.475062,0.644125,0.822222,9,0,0,1.0,9,0,0,1.0,9,0,0,1.0,9,0,0,1.0,9,0,0,1.0,8,1,1,0.888889,8,1,1,0.888889,8,1,1,0.888889,5,4,4,0.555556,0,9,9,0.0
65,15,20,5,0.700588,0.823936,0.628571,14,6,1,0.8,14,6,1,0.8,13,7,2,0.742857,13,7,2,0.742857,13,7,2,0.742857,13,7,2,0.742857,12,8,3,0.685714,10,10,5,0.571429,8,12,7,0.457143,0,20,15,0.0
66,10,13,3,0.467511,0.637149,0.530435,8,5,2,0.695652,8,5,2,0.695652,8,5,2,0.695652,8,5,2,0.695652,8,5,2,0.695652,8,5,2,0.695652,8,5,2,0.695652,4,9,6,0.347826,1,12,9,0.086957,0,13,10,0.0
67,8,11,3,0.678203,0.808249,0.494737,6,5,2,0.631579,6,5,2,0.631579,6,5,2,0.631579,6,5,2,0.631579,6,5,2,0.631579,6,5,2,0.631579,5,6,3,0.526316,4,7,4,0.421053,2,9,6,0.210526,0,11,8,0.0
68,8,8,0,0.393141,0.564396,0.7875,8,0,0,1.0,8,0,0,1.0,8,0,0,1.0,8,0,0,1.0,8,0,0,1.0,8,0,0,1.0,7,1,1,0.875,7,1,1,0.875,1,7,7,0.125,0,8,8,0.0
69,13,12,1,0.405379,0.576896,0.568,11,1,2,0.88,11,1,2,0.88,10,2,3,0.8,10,2,3,0.8,10,2,3,0.8,8,4,5,0.64,8,4,5,0.64,3,9,10,0.24,0,12,13,0.0,0,12,13,0.0
70,8,8,0,0.521075,0.68514,0.7,7,1,1,0.875,7,1,1,0.875,7,1,1,0.875,7,1,1,0.875,7,1,1,0.875,7,1,1,0.875,6,2,2,0.75,6,2,2,0.75,2,6,6,0.25,0,8,8,0.0
71,5,5,0,0.521346,0.685375,0.76,5,0,0,1.0,5,0,0,1.0,5,0,0,1.0,5,0,0,1.0,5,0,0,1.0,5,0,0,1.0,4,1,1,0.8,4,1,1,0.8,0,5,5,0.0,0,5,5,0.0
72,15,11,4,0.743024,0.852569,0.615385,10,1,5,0.769231,10,1,5,0.769231,9,2,6,0.692308,9,2,6,0.692308,9,2,6,0.692308,9,2,6,0.692308,9,2,6,0.692308,9,2,6,0.692308,5,6,10,0.384615,1,10,14,0.076923
73,10,14,4,0.719602,0.83694,0.4,6,8,4,0.5,6,8,4,0.5,5,9,5,0.416667,5,9,5,0.416667,5,9,5,0.416667,5,9,5,0.416667,5,9,5,0.416667,5,9,5,0.416667,5,9,5,0.416667,1,13,9,0.083333
74,10,9,1,0.442346,0.61337,0.684211,8,1,2,0.842105,8,1,2,0.842105,8,1,2,0.842105,8,1,2,0.842105,8,1,2,0.842105,8,1,2,0.842105,7,2,3,0.736842,7,2,3,0.736842,3,6,7,0.315789,0,9,10,0.0
75,38,34,4,0.361627,0.531169,0.244444,29,5,9,0.805556,24,10,14,0.666667,17,17,21,0.472222,11,23,27,0.305556,5,29,33,0.138889,1,33,37,0.027778,1,33,37,0.027778,0,34,38,0.0,0,34,38,0.0,0,34,38,0.0
76,1,1,0,0.382353,0.553191,0.8,1,0,0,1.0,1,0,0,1.0,1,0,0,1.0,1,0,0,1.0,1,0,0,1.0,1,0,0,1.0,1,0,0,1.0,1,0,0,1.0,0,1,1,0.0,0,1,1,0.0
77,41,39,2,0.418577,0.590136,0.6175,33,6,8,0.825,33,6,8,0.825,31,8,10,0.775,30,9,11,0.75,30,9,11,0.75,30,9,11,0.75,26,13,15,0.65,21,18,20,0.525,12,27,29,0.3,1,38,40,0.025
78,14,10,4,0.736009,0.847932,0.7,10,0,4,0.833333,10,0,4,0.833333,10,0,4,0.833333,10,0,4,0.833333,10,0,4,0.833333,10,0,4,0.833333,9,1,5,0.75,7,3,7,0.583333,6,4,8,0.5,2,8,12,0.166667
79,12,14,2,0.710579,0.830805,0.553846,9,5,3,0.692308,8,6,4,0.615385,8,6,4,0.615385,8,6,4,0.615385,8,6,4,0.615385,8,6,4,0.615385,8,6,4,0.615385,8,6,4,0.615385,5,9,7,0.384615,2,12,10,0.153846
80,1,1,0,0.407547,0.579088,0.6,1,0,0,1.0,1,0,0,1.0,1,0,0,1.0,1,0,0,1.0,1,0,0,1.0,1,0,0,1.0,0,1,1,0.0,0,1,1,0.0,0,1,1,0.0,0,1,1,0.0
81,9,15,6,0.294468,0.454964,0.575,9,6,0,0.75,9,6,0,0.75,9,6,0,0.75,9,6,0,0.75,9,6,0,0.75,9,6,0,0.75,7,8,2,0.583333,5,10,4,0.416667,3,12,6,0.25,0,15,9,0.0
82,2,0,2,0.0,0.0,0.0,0,0,2,0.0,0,0,2,0.0,0,0,2,0.0,0,0,2,0.0,0,0,2,0.0,0,0,2,0.0,0,0,2,0.0,0,0,2,0.0,0,0,2,0.0,0,0,2,0.0
83,10,0,10,0.0,0.0,0.0,0,0,10,0.0,0,0,10,0.0,0,0,10,0.0,0,0,10,0.0,0,0,10,0.0,0,0,10,0.0,0,0,10,0.0,0,0,10,0.0,0,0,10,0.0,0,0,10,0.0
84,2,0,2,0.0,0.0,0.0,0,0,2,0.0,0,0,2,0.0,0,0,2,0.0,0,0,2,0.0,0,0,2,0.0,0,0,2,0.0,0,0,2,0.0,0,0,2,0.0,0,0,2,0.0,0,0,2,0.0
85,27,18,9,0.312063,0.475683,0.266667,11,7,16,0.488889,11,7,16,0.488889,10,8,17,0.444444,10,8,17,0.444444,8,10,19,0.355556,5,13,22,0.222222,3,15,24,0.133333,2,16,25,0.088889,0,18,27,0.0,0,18,27,0.0
86,17,33,16,0.556123,0.714755,0.112,6,27,11,0.24,4,29,13,0.16,4,29,13,0.16,4,29,13,0.16,3,30,14,0.12,3,30,14,0.12,2,31,15,0.08,1,32,16,0.04,1,32,16,0.04,0,33,17,0.0
87,20,23,3,0.650326,0.788118,0.423256,15,8,5,0.697674,13,10,7,0.604651,13,10,7,0.604651,13,10,7,0.604651,12,11,8,0.55814,11,12,9,0.511628,9,14,11,0.418605,4,19,16,0.186047,1,22,19,0.046512,0,23,20,0.0
88,13,11,2,0.645985,0.784922,0.208333,5,6,8,0.416667,5,6,8,0.416667,5,6,8,0.416667,3,8,10,0.25,2,9,11,0.166667,2,9,11,0.166667,1,10,12,0.083333,1,10,12,0.083333,1,10,12,0.083333,0,11,13,0.0
89,60,45,15,0.400871,0.572317,0.228571,27,18,33,0.514286,22,23,38,0.419048,19,26,41,0.361905,19,26,41,0.361905,17,28,43,0.32381,10,35,50,0.190476,5,40,55,0.095238,1,44,59,0.019048,0,45,60,0.0,0,45,60,0.0
90,43,28,15,0.390408,0.561574,0.385915,24,4,19,0.676056,23,5,20,0.647887,22,6,21,0.619718,20,8,23,0.56338,19,9,24,0.535211,13,15,30,0.366197,8,20,35,0.225352,4,24,39,0.112676,3,25,40,0.084507,1,27,42,0.028169
91,30,16,14,0.753544,0.859452,0.03913,2,14,28,0.086957,1,15,29,0.043478,1,15,29,0.043478,1,15,29,0.043478,1,15,29,0.043478,1,15,29,0.043478,1,15,29,0.043478,1,15,29,0.043478,0,16,30,0.0,0,16,30,0.0
92,48,30,18,0.492039,0.659552,0.346154,22,8,26,0.564103,21,9,27,0.538462,20,10,28,0.512821,17,13,31,0.435897,17,13,31,0.435897,15,15,33,0.384615,14,16,34,0.358974,7,23,41,0.179487,2,28,46,0.051282,0,30,48,0.0
93,44,34,10,0.419486,0.591039,0.364103,23,11,21,0.589744,21,13,23,0.538462,21,13,23,0.538462,19,15,25,0.487179,18,16,26,0.461538,15,19,29,0.384615,13,21,31,0.333333,10,24,34,0.25641,2,32,42,0.051282,0,34,44,0.0
94,12,18,6,0.449215,0.619943,0.233333,6,12,6,0.4,6,12,6,0.4,6,12,6,0.4,6,12,6,0.4,5,13,7,0.333333,3,15,9,0.2,2,16,10,0.133333,1,17,11,0.066667,0,18,12,0.0,0,18,12,0.0
95,61,43,18,0.418406,0.589966,0.317308,31,12,30,0.596154,29,14,32,0.557692,28,15,33,0.538462,23,20,38,0.442308,21,22,40,0.403846,17,26,44,0.326923,9,34,52,0.173077,6,37,55,0.115385,1,42,60,0.019231,0,43,61,0.0
96,11,8,3,0.471308,0.640665,0.147368,6,2,5,0.631579,4,4,7,0.421053,1,7,10,0.105263,1,7,10,0.105263,1,7,10,0.105263,1,7,10,0.105263,0,8,11,0.0,0,8,11,0.0,0,8,11,0.0,0,8,11,0.0
97,24,19,5,0.177415,0.301364,0.190698,12,7,12,0.55814,11,8,13,0.511628,10,9,14,0.465116,5,14,19,0.232558,2,17,22,0.093023,1,18,23,0.046512,0,19,24,0.0,0,19,24,0.0,0,19,24,0.0,0,19,24,0.0
98,30,22,8,0.216765,0.356297,0.126923,9,13,21,0.346154,7,15,23,0.269231,5,17,25,0.192308,4,18,26,0.153846,3,19,27,0.115385,3,19,27,0.115385,2,20,28,0.076923,0,22,30,0.0,0,22,30,0.0,0,22,30,0.0
99,95,51,44,0.748019,0.855848,0.153425,27,24,68,0.369863,24,27,71,0.328767,22,29,73,0.30137,16,35,79,0.219178,11,40,84,0.150685,8,43,87,0.109589,4,47,91,0.054795,0,51,95,0.0,0,51,95,0.0,0,51,95,0.0
100,90,72,18,0.514477,0.679412,0.290123,50,22,40,0.617284,44,28,46,0.54321,40,32,50,0.493827,36,36,54,0.444444,32,40,58,0.395062,17,55,73,0.209877,9,63,81,0.111111,6,66,84,0.074074,1,71,89,0.012346,0,72,90,0.0
0,11,14,3,0.430119,0.601515,0.704,11,3,0,0.88,11,3,0,0.88,11,3,0,0.88,11,3,0,0.88,11,3,0,0.88,10,4,1,0.8,10,4,1,0.8,8,6,3,0.64,5,9,6,0.4,0,14,11,0.0
1,9,11,2,0.348063,0.51639,0.61,9,2,0,0.9,8,3,1,0.8,8,3,1,0.8,8,3,1,0.8,8,3,1,0.8,7,4,2,0.7,5,6,4,0.5,5,6,4,0.5,3,8,6,0.3,0,11,9,0.0
2,52,33,19,0.673222,0.804701,0.216471,15,18,37,0.352941,15,18,37,0.352941,15,18,37,0.352941,13,20,39,0.305882,9,24,43,0.211765,9,24,43,0.211765,8,25,44,0.188235,6,27,46,0.141176,2,31,50,0.047059,0,33,52,0.0
3,9,10,1,0.369721,0.539849,0.673684,9,1,0,0.947368,9,1,0,0.947368,9,1,0,0.947368,9,1,0,0.947368,9,1,0,0.947368,7,3,2,0.736842,6,4,3,0.631579,5,5,4,0.526316,1,9,8,0.105263,0,10,9,0.0
4,65,72,7,0.495743,0.662872,0.573723,63,9,2,0.919708,62,10,3,0.905109,59,13,6,0.861314,56,16,9,0.817518,50,22,15,0.729927,47,25,18,0.686131,37,35,28,0.540146,17,55,48,0.248175,2,70,63,0.029197,0,72,65,0.0
5,18,17,1,0.753772,0.859601,0.754286,15,2,3,0.857143,15,2,3,0.857143,15,2,3,0.857143,15,2,3,0.857143,15,2,3,0.857143,14,3,4,0.8,13,4,5,0.742857,12,5,6,0.685714,11,6,7,0.628571,7,10,11,0.4
6,58,52,6,0.318521,0.483149,0.48,44,8,14,0.8,44,8,14,0.8,43,9,15,0.781818,42,10,16,0.763636,33,19,25,0.6,25,27,33,0.454545,17,35,41,0.309091,8,44,50,0.145455,7,45,51,0.127273,1,51,57,0.018182
7,11,12,1,0.412216,0.583786,0.495652,9,3,2,0.782609,9,3,2,0.782609,8,4,3,0.695652,7,5,4,0.608696,7,5,4,0.608696,7,5,4,0.608696,5,7,6,0.434783,3,9,8,0.26087,2,10,9,0.173913,0,12,11,0.0
8,12,10,2,0.749256,0.856657,0.681818,9,1,3,0.818182,9,1,3,0.818182,9,1,3,0.818182,9,1,3,0.818182,9,1,3,0.818182,8,2,4,0.727273,8,2,4,0.727273,7,3,5,0.636364,5,5,7,0.454545,2,8,10,0.181818
9,19,19,0,0.276743,0.433515,0.284211,13,6,6,0.684211,10,9,9,0.526316,10,9,9,0.526316,8,11,11,0.421053,4,15,15,0.210526,3,16,16,0.157895,2,17,17,0.105263,2,17,17,0.105263,2,17,17,0.105263,0,19,19,0.0
10,43,44,1,0.375195,0.54566,0.609195,40,4,3,0.91954,39,5,4,0.896552,38,6,5,0.873563,38,6,5,0.873563,35,9,8,0.804598,30,14,13,0.689655,25,19,18,0.574713,14,30,29,0.321839,4,40,39,0.091954,2,42,41,0.045977
11,7,7,0,0.607243,0.755633,0.771429,7,0,0,1.0,7,0,0,1.0,7,0,0,1.0,7,0,0,1.0,7,0,0,1.0,7,0,0,1.0,6,1,1,0.857143,3,4,4,0.428571,2,5,5,0.285714,1,6,6,0.142857
12,77,66,11,0.404392,0.575896,0.258741,40,26,37,0.559441,36,30,41,0.503497,31,35,46,0.433566,26,40,51,0.363636,22,44,55,0.307692,16,50,61,0.223776,11,55,66,0.153846,3,63,74,0.041958,0,66,77,0.0,0,66,77,0.0
13,37,36,1,0.370017,0.540165,0.635616,35,1,2,0.958904,35,1,2,0.958904,34,2,3,0.931507,31,5,6,0.849315,31,5,6,0.849315,27,9,10,0.739726,22,14,15,0.60274,12,24,25,0.328767,4,32,33,0.109589,1,35,36,0.027397
14,56,44,12,0.382329,0.553167,0.402,34,10,22,0.68,32,12,24,0.64,30,14,26,0.6,27,17,29,0.54,26,18,30,0.52,21,23,35,0.42,15,29,41,0.3,10,34,46,0.2,6,38,50,0.12,0,44,56,0.0
15,17,17,0,0.629404,0.772557,0.852941,16,1,1,0.941176,16,1,1,0.941176,16,1,1,0.941176,16,1,1,0.941176,16,1,1,0.941176,16,1,1,0.941176,16,1,1,0.941176,16,1,1,0.941176,12,5,5,0.705882,5,12,12,0.294118
16,9,8,1,0.772895,0.871901,0.917647,8,0,1,0.941176,8,0,1,0.941176,8,0,1,0.941176,8,0,1,0.941176,8,0,1,0.941176,8,0,1,0.941176,8,0,1,0.941176,8,0,1,0.941176,8,0,1,0.941176,6,2,3,0.705882
17,21,19,2,0.463114,0.633052,0.65,16,3,5,0.8,15,4,6,0.75,15,4,6,0.75,15,4,6,0.75,15,4,6,0.75,15,4,6,0.75,15,4,6,0.75,13,6,8,0.65,10,9,11,0.5,1,18,20,0.05
18,51,49,2,0.341673,0.509324,0.38,45,4,6,0.9,43,6,8,0.86,38,11,13,0.76,27,22,24,0.54,16,33,35,0.32,12,37,39,0.24,7,42,44,0.14,2,47,49,0.04,0,49,51,0.0,0,49,51,0.0
19,28,22,6,0.616123,0.76247,0.596,20,2,8,0.8,18,4,10,0.72,18,4,10,0.72,17,5,11,0.68,16,6,12,0.64,16,6,12,0.64,16,6,12,0.64,16,6,12,0.64,11,11,17,0.44,1,21,27,0.04
20,25,22,3,0.632101,0.774585,0.791489,22,0,3,0.93617,22,0,3,0.93617,21,1,4,0.893617,21,1,4,0.893617,21,1,4,0.893617,21,1,4,0.893617,20,2,5,0.851064,17,5,8,0.723404,14,8,11,0.595745,7,15,18,0.297872
21,40,42,2,0.369564,0.539681,0.260976,27,15,13,0.658537,25,17,15,0.609756,20,22,20,0.487805,15,27,25,0.365854,12,30,28,0.292683,4,38,36,0.097561,2,40,38,0.04878,1,41,39,0.02439,1,41,39,0.02439,0,42,40,0.0
22,22,23,1,0.404984,0.576496,0.688889,22,1,0,0.977778,21,2,1,0.933333,21,2,1,0.933333,20,3,2,0.888889,18,5,4,0.8,17,6,5,0.755556,16,7,6,0.711111,14,9,8,0.622222,6,17,16,0.266667,0,23,22,0.0
23,54,54,0,0.333216,0.499868,0.287037,44,10,10,0.814815,38,16,16,0.703704,31,23,23,0.574074,23,31,31,0.425926,12,42,42,0.222222,4,50,50,0.074074,2,52,52,0.037037,1,53,53,0.018519,0,54,54,0.0,0,54,54,0.0
24,33,34,1,0.652567,0.789762,0.61194,29,5,4,0.865672,29,5,4,0.865672,29,5,4,0.865672,28,6,5,0.835821,28,6,5,0.835821,26,8,7,0.776119,21,13,12,0.626866,11,23,22,0.328358,2,32,31,0.059701,2,32,31,0.059701
25,9,16,7,0.66742,0.800542,0.568,9,7,0,0.72,9,7,0,0.72,8,8,1,0.64,8,8,1,0.64,8,8,1,0.64,7,9,2,0.56,7,9,2,0.56,7,9,2,0.56,7,9,2,0.56,1,15,8,0.08
26,14,12,2,0.288551,0.447869,0.315385,10,2,4,0.769231,9,3,5,0.692308,8,4,6,0.615385,6,6,8,0.461538,3,9,11,0.230769,3,9,11,0.230769,2,10,12,0.153846,0,12,14,0.0,0,12,14,0.0,0,12,14,0.0
27,73,63,10,0.257576,0.409639,0.382353,53,10,20,0.779412,51,12,22,0.75,49,14,24,0.720588,41,22,32,0.602941,33,30,40,0.485294,19,44,54,0.279412,12,51,61,0.176471,2,61,71,0.029412,0,63,73,0.0,0,63,73,0.0
28,8,13,5,0.343842,0.511729,0.419048,7,6,1,0.666667,6,7,2,0.571429,6,7,2,0.571429,6,7,2,0.571429,6,7,2,0.571429,5,8,3,0.47619,4,9,4,0.380952,3,10,5,0.285714,1,12,7,0.095238,0,13,8,0.0
29,4,3,1,0.796594,0.886783,0.714286,3,0,1,0.857143,3,0,1,0.857143,3,0,1,0.857143,3,0,1,0.857143,3,0,1,0.857143,3,0,1,0.857143,3,0,1,0.857143,2,1,2,0.571429,2,1,2,0.571429,0,3,4,0.0
30,12,21,9,0.492565,0.660025,0.181818,5,16,7,0.30303,5,16,7,0.30303,5,16,7,0.30303,4,17,8,0.242424,4,17,8,0.242424,3,18,9,0.181818,3,18,9,0.181818,1,20,11,0.060606,0,21,12,0.0,0,21,12,0.0
31,28,30,2,0.462382,0.632368,0.734483,25,5,3,0.862069,25,5,3,0.862069,25,5,3,0.862069,25,5,3,0.862069,25,5,3,0.862069,25,5,3,0.862069,23,7,5,0.793103,20,10,8,0.689655,15,15,13,0.517241,5,25,23,0.172414
32,4,17,13,0.65568,0.792037,0.228571,4,13,0,0.380952,3,14,1,0.285714,3,14,1,0.285714,3,14,1,0.285714,3,14,1,0.285714,3,14,1,0.285714,2,15,2,0.190476,2,15,2,0.190476,1,16,3,0.095238,0,17,4,0.0
33,27,31,4,0.463737,0.633634,0.72069,24,7,3,0.827586,24,7,3,0.827586,24,7,3,0.827586,24,7,3,0.827586,24,7,3,0.827586,24,7,3,0.827586,24,7,3,0.827586,22,9,5,0.758621,14,17,13,0.482759,5,26,22,0.172414
34,12,14,2,0.407253,0.578792,0.707692,12,2,0,0.923077,12,2,0,0.923077,12,2,0,0.923077,12,2,0,0.923077,12,2,0,0.923077,12,2,0,0.923077,10,4,2,0.769231,7,7,5,0.538462,3,11,9,0.230769,0,14,12,0.0
35,13,9,4,0.762091,0.864985,0.663636,9,0,4,0.818182,9,0,4,0.818182,9,0,4,0.818182,8,1,5,0.727273,8,1,5,0.727273,8,1,5,0.727273,7,2,6,0.636364,7,2,6,0.636364,6,3,7,0.545455,2,7,11,0.181818
36,17,19,2,0.377002,0.547569,0.561111,17,2,0,0.944444,15,4,2,0.833333,15,4,2,0.833333,14,5,3,0.777778,12,7,5,0.666667,9,10,8,0.5,8,11,9,0.444444,7,12,10,0.388889,3,16,14,0.166667,1,18,16,0.055556
37,8,11,3,0.224105,0.366154,0.263158,4,7,4,0.421053,4,7,4,0.421053,4,7,4,0.421053,4,7,4,0.421053,4,7,4,0.421053,2,9,6,0.210526,2,9,6,0.210526,1,10,7,0.105263,0,11,8,0.0,0,11,8,0.0
38,14,11,3,0.713417,0.832742,0.72,10,1,4,0.8,10,1,4,0.8,10,1,4,0.8,10,1,4,0.8,10,1,4,0.8,10,1,4,0.8,10,1,4,0.8,9,2,5,0.72,8,3,6,0.64,3,8,11,0.24
39,65,51,14,0.206549,0.34238,0.255172,38,13,27,0.655172,36,15,29,0.62069,28,23,37,0.482759,20,31,45,0.344828,13,38,52,0.224138,9,42,56,0.155172,3,48,62,0.051724,1,50,64,0.017241,0,51,65,0.0,0,51,65,0.0
40,86,75,11,0.214612,0.353383,0.310559,52,23,34,0.645963,49,26,37,0.608696,43,32,43,0.534161,38,37,48,0.47205,31,44,55,0.385093,20,55,66,0.248447,13,62,73,0.161491,4,71,82,0.049689,0,75,86,0.0,0,75,86,0.0
41,16,16,0,0.666451,0.799845,0.90625,16,0,0,1.0,16,0,0,1.0,16,0,0,1.0,16,0,0,1.0,16,0,0,1.0,16,0,0,1.0,16,0,0,1.0,15,1,1,0.9375,13,3,3,0.8125,5,11,11,0.3125
42,46,40,6,0.258527,0.410841,0.353488,31,9,15,0.72093,27,13,19,0.627907,26,14,20,0.604651,22,18,24,0.511628,18,22,28,0.418605,13,27,33,0.302326,8,32,38,0.186047,6,34,40,0.139535,1,39,45,0.023256,0,40,46,0.0
43,10,13,3,0.356193,0.525283,0.452174,8,5,2,0.695652,8,5,2,0.695652,8,5,2,0.695652,7,6,3,0.608696,7,6,3,0.608696,6,7,4,0.521739,4,9,6,0.347826,4,9,6,0.347826,0,13,10,0.0,0,13,10,0.0
44,21,14,7,0.326917,0.492746,0.325714,11,3,10,0.628571,9,5,12,0.514286,8,6,13,0.457143,7,7,14,0.4,6,8,15,0.342857,6,8,15,0.342857,6,8,15,0.342857,4,10,17,0.228571,0,14,21,0.0,0,14,21,0.0
45,46,45,1,0.37642,0.546956,0.624176,43,2,3,0.945055,42,3,4,0.923077,42,3,4,0.923077,41,4,5,0.901099,40,5,6,0.879121,32,13,14,0.703297,23,22,23,0.505495,15,30,31,0.32967,6,39,40,0.131868,0,45,46,0.0
46,8,8,0,0.400595,0.572035,0.6125,8,0,0,1.0,8,0,0,1.0,7,1,1,0.875,7,1,1,0.875,7,1,1,0.875,7,1,1,0.875,4,4,4,0.5,1,7,7,0.125,0,8,8,0.0,0,8,8,0.0
47,10,14,4,0.36974,0.539869,0.625,10,4,0,0.833333,10,4,0,0.833333,10,4,0,0.833333,10,4,0,0.833333,10,4,0,0.833333,9,5,1,0.75,7,7,3,0.583333,6,8,4,0.5,3,11,7,0.25,0,14,10,0.0
48,30,25,5,0.170007,0.290609,0.167273,12,13,18,0.436364,8,17,22,0.290909,7,18,23,0.254545,5,20,25,0.181818,4,21,26,0.145455,4,21,26,0.145455,3,22,27,0.109091,2,23,28,0.072727,1,24,29,0.036364,0,25,30,0.0
49,2,4,2,0.241824,0.389465,0.066667,1,3,1,0.333333,1,3,1,0.333333,0,4,2,0.0,0,4,2,0.0,0,4,2,0.0,0,4,2,0.0,0,4,2,0.0,0,4,2,0.0,0,4,2,0.0,0,4,2,0.0
50,13,14,1,0.355812,0.52487,0.585185,13,1,0,0.962963,13,1,0,0.962963,13,1,0,0.962963,12,2,1,0.888889,11,3,2,0.814815,8,6,5,0.592593,5,9,8,0.37037,4,10,9,0.296296,0,14,13,0.0,0,14,13,0.0
51,19,18,1,0.450862,0.621509,0.605405,16,2,3,0.864865,15,3,4,0.810811,15,3,4,0.810811,15,3,4,0.810811,15,3,4,0.810811,14,4,5,0.756757,11,7,8,0.594595,8,10,11,0.432432,3,15,16,0.162162,0,18,19,0.0
52,49,45,4,0.325269,0.490872,0.229787,31,14,18,0.659574,26,19,23,0.553191,22,23,27,0.468085,15,30,34,0.319149,9,36,40,0.191489,3,42,46,0.06383,1,44,48,0.021277,1,44,48,0.021277,0,45,49,0.0,0,45,49,0.0
53,11,14,3,0.446223,0.617087,0.728,11,3,0,0.88,11,3,0,0.88,11,3,0,0.88,11,3,0,0.88,11,3,0,0.88,11,3,0,0.88,10,4,1,0.8,9,5,2,0.72,6,8,5,0.48,0,14,11,0.0
54,13,13,0,0.723072,0.839282,0.838462,13,0,0,1.0,13,0,0,1.0,13,0,0,1.0,13,0,0,1.0,13,0,0,1.0,12,1,1,0.923077,11,2,2,0.846154,10,3,3,0.769231,8,5,5,0.615385,3,10,10,0.230769
55,13,14,1,0.740764,0.851079,0.740741,12,2,1,0.888889,12,2,1,0.888889,12,2,1,0.888889,11,3,2,0.814815,11,3,2,0.814815,11,3,2,0.814815,11,3,2,0.814815,9,5,4,0.666667,8,6,5,0.592593,3,11,10,0.222222
56,16,14,2,0.204878,0.340081,0.2,10,4,6,0.666667,8,6,8,0.533333,6,8,10,0.4,3,11,13,0.2,2,12,14,0.133333,1,13,15,0.066667,0,14,16,0.0,0,14,16,0.0,0,14,16,0.0,0,14,16,0.0
57,19,15,4,0.764891,0.866786,0.564706,14,1,5,0.823529,13,2,6,0.764706,12,3,7,0.705882,11,4,8,0.647059,10,5,9,0.588235,10,5,9,0.588235,9,6,10,0.529412,8,7,11,0.470588,7,8,12,0.411765,2,13,17,0.117647
58,15,14,1,0.516357,0.681049,0.551724,14,0,1,0.965517,13,1,2,0.896552,12,2,3,0.827586,12,2,3,0.827586,10,4,5,0.689655,8,6,7,0.551724,6,8,9,0.413793,4,10,11,0.275862,1,13,14,0.068966,0,14,15,0.0
59,8,9,1,0.435564,0.606819,0.694118,8,1,0,0.941176,8,1,0,0.941176,8,1,0,0.941176,8,1,0,0.941176,8,1,0,0.941176,6,3,2,0.705882,5,4,3,0.588235,5,4,3,0.588235,3,6,5,0.352941,0,9,8,0.0
60,35,34,1,0.378923,0.549593,0.646377,34,0,1,0.985507,33,1,2,0.956522,33,1,2,0.956522,33,1,2,0.956522,31,3,4,0.898551,26,8,9,0.753623,21,13,14,0.608696,10,24,25,0.289855,2,32,33,0.057971,0,34,35,0.0
61,64,60,4,0.27342,0.429426,0.227419,31,29,33,0.5,27,33,37,0.435484,21,39,43,0.33871,17,43,47,0.274194,15,45,49,0.241935,14,46,50,0.225806,10,50,54,0.16129,5,55,59,0.080645,1,59,63,0.016129,0,60,64,0.0
62,21,15,6,0.245775,0.394574,0.244444,12,3,9,0.666667,11,4,10,0.611111,8,7,13,0.444444,5,10,16,0.277778,4,11,17,0.222222,2,13,19,0.111111,1,14,20,0.055556,1,14,20,0.055556,0,15,21,0.0,0,15,21,0.0
63,14,14,0,0.786316,0.880377,0.871429,14,0,0,1.0,14,0,0,1.0,14,0,0,1.0,14,0,0,1.0,13,1,1,0.928571,13,1,1,0.928571,12,2,2,0.857143,12,2,2,0.857143,11,3,3,0.785714,5,9,9,0.357143
64,9,10,1,0.44782,0.618613,0.810526,9,1,0,0.947368,9,1,0,0.947368,9,1,0,0.947368,9,1,0,0.947368,9,1,0,0.947368,9,1,0,0.947368,9,1,0,0.947368,9,1,0,0.947368,5,5,4,0.526316,0,10,9,0.0
65,15,16,1,0.749203,0.856622,0.741935,13,3,2,0.83871,13,3,2,0.83871,13,3,2,0.83871,13,3,2,0.83871,13,3,2,0.83871,13,3,2,0.83871,13,3,2,0.83871,12,4,3,0.774194,10,6,5,0.645161,2,14,13,0.129032
66,10,12,2,0.424137,0.595641,0.763636,10,2,0,0.909091,10,2,0,0.909091,10,2,0,0.909091,10,2,0,0.909091,10,2,0,0.909091,10,2,0,0.909091,9,3,1,0.818182,8,4,2,0.727273,7,5,3,0.636364,0,12,10,0.0
67,8,12,4,0.731266,0.844776,0.51,7,5,1,0.7,7,5,1,0.7,7,5,1,0.7,7,5,1,0.7,7,5,1,0.7,6,6,2,0.6,5,7,3,0.5,4,8,4,0.4,1,11,7,0.1,0,12,8,0.0
68,8,8,0,0.366748,0.536673,0.6875,8,0,0,1.0,8,0,0,1.0,8,0,0,1.0,8,0,0,1.0,8,0,0,1.0,6,2,2,0.75,4,4,4,0.5,3,5,5,0.375,2,6,6,0.25,0,8,8,0.0
69,13,12,1,0.372055,0.542332,0.544,11,1,2,0.88,10,2,3,0.8,10,2,3,0.8,10,2,3,0.8,9,3,4,0.72,7,5,6,0.56,7,5,6,0.56,3,9,10,0.24,1,11,12,0.08,0,12,13,0.0
70,8,9,1,0.459589,0.629752,0.752941,8,1,0,0.941176,8,1,0,0.941176,7,2,1,0.823529,7,2,1,0.823529,7,2,1,0.823529,7,2,1,0.823529,7,2,1,0.823529,7,2,1,0.823529,6,3,2,0.705882,0,9,8,0.0
71,5,5,0,0.464432,0.634283,0.9,5,0,0,1.0,5,0,0,1.0,5,0,0,1.0,5,0,0,1.0,5,0,0,1.0,5,0,0,1.0,5,0,0,1.0,5,0,0,1.0,5,0,0,1.0,0,5,5,0.0
72,15,12,3,0.77993,0.87636,0.622222,10,2,5,0.740741,10,2,5,0.740741,9,3,6,0.666667,9,3,6,0.666667,9,3,6,0.666667,9,3,6,0.666667,9,3,6,0.666667,9,3,6,0.666667,8,4,7,0.592593,2,10,13,0.148148
73,10,6,4,0.784996,0.879549,0.6125,6,0,4,0.75,5,1,5,0.625,5,1,5,0.625,5,1,5,0.625,5,1,5,0.625,5,1,5,0.625,5,1,5,0.625,5,1,5,0.625,5,1,5,0.625,3,3,7,0.375
74,10,11,1,0.407229,0.578767,0.666667,9,2,1,0.857143,9,2,1,0.857143,9,2,1,0.857143,8,3,2,0.761905,8,3,2,0.761905,8,3,2,0.761905,8,3,2,0.761905,7,4,3,0.666667,4,7,6,0.380952,0,11,10,0.0
75,38,38,0,0.360574,0.530032,0.286842,32,6,6,0.842105,27,11,11,0.710526,22,16,16,0.578947,13,25,25,0.342105,9,29,29,0.236842,5,33,33,0.131579,1,37,37,0.026316,0,38,38,0.0,0,38,38,0.0,0,38,38,0.0
76,1,1,0,0.329412,0.495575,0.6,1,0,0,1.0,1,0,0,1.0,1,0,0,1.0,1,0,0,1.0,1,0,0,1.0,1,0,0,1.0,0,1,1,0.0,0,1,1,0.0,0,1,1,0.0,0,1,1,0.0
77,41,40,1,0.398972,0.570379,0.567901,33,7,8,0.814815,33,7,8,0.814815,32,8,9,0.790123,31,9,10,0.765432,30,10,11,0.740741,27,13,14,0.666667,20,20,21,0.493827,17,23,24,0.419753,6,34,35,0.148148,1,39,40,0.024691
78,14,13,1,0.77228,0.87151,0.725926,11,2,3,0.814815,11,2,3,0.814815,11,2,3,0.814815,11,2,3,0.814815,10,3,4,0.740741,10,3,4,0.740741,10,3,4,0.740741,9,4,5,0.666667,9,4,5,0.666667,6,7,8,0.444444
79,12,9,3,0.790212,0.882814,0.819048,9,0,3,0.857143,9,0,3,0.857143,9,0,3,0.857143,9,0,3,0.857143,9,0,3,0.857143,9,0,3,0.857143,9,0,3,0.857143,9,0,3,0.857143,9,0,3,0.857143,5,4,7,0.47619
80,1,1,0,0.396226,0.567568,0.6,1,0,0,1.0,1,0,0,1.0,1,0,0,1.0,1,0,0,1.0,1,0,0,1.0,1,0,0,1.0,0,1,1,0.0,0,1,1,0.0,0,1,1,0.0,0,1,1,0.0
81,9,9,0,0.389598,0.560735,0.633333,9,0,0,1.0,9,0,0,1.0,9,0,0,1.0,9,0,0,1.0,8,1,1,0.888889,5,4,4,0.555556,5,4,4,0.555556,2,7,7,0.222222,1,8,8,0.111111,0,9,9,0.0
82,2,0,2,0.0,0.0,0.0,0,0,2,0.0,0,0,2,0.0,0,0,2,0.0,0,0,2,0.0,0,0,2,0.0,0,0,2,0.0,0,0,2,0.0,0,0,2,0.0,0,0,2,0.0,0,0,2,0.0
83,10,0,10,0.0,0.0,0.0,0,0,10,0.0,0,0,10,0.0,0,0,10,0.0,0,0,10,0.0,0,0,10,0.0,0,0,10,0.0,0,0,10,0.0,0,0,10,0.0,0,0,10,0.0,0,0,10,0.0
84,2,0,2,0.0,0.0,0.0,0,0,2,0.0,0,0,2,0.0,0,0,2,0.0,0,0,2,0.0,0,0,2,0.0,0,0,2,0.0,0,0,2,0.0,0,0,2,0.0,0,0,2,0.0,0,0,2,0.0
85,27,17,10,0.217318,0.357044,0.2,10,7,17,0.454545,10,7,17,0.454545,8,9,19,0.363636,8,9,19,0.363636,5,12,22,0.227273,2,15,25,0.090909,1,16,26,0.045455,0,17,27,0.0,0,17,27,0.0,0,17,27,0.0
86,17,47,30,0.413688,0.585261,0.078125,4,43,13,0.125,4,43,13,0.125,4,43,13,0.125,3,44,14,0.09375,2,45,15,0.0625,2,45,15,0.0625,2,45,15,0.0625,2,45,15,0.0625,2,45,15,0.0625,0,47,17,0.0
87,20,22,2,0.537461,0.699154,0.485714,15,7,5,0.714286,15,7,5,0.714286,14,8,6,0.666667,13,9,7,0.619048,13,9,7,0.619048,10,12,10,0.47619,10,12,10,0.47619,8,14,12,0.380952,4,18,16,0.190476,0,22,20,0.0
88,13,24,11,0.528357,0.691405,0.135135,5,19,8,0.27027,5,19,8,0.27027,4,20,9,0.216216,3,21,10,0.162162,3,21,10,0.162162,3,21,10,0.162162,1,23,12,0.054054,1,23,12,0.054054,0,24,13,0.0,0,24,13,0.0
89,60,53,7,0.270052,0.425262,0.244248,27,26,33,0.477876,25,28,35,0.442478,22,31,38,0.389381,20,33,40,0.353982,19,34,41,0.336283,11,42,49,0.19469,8,45,52,0.141593,4,49,56,0.070796,2,51,58,0.035398,0,53,60,0.0
90,43,34,9,0.401304,0.572758,0.384416,26,8,17,0.675325,25,9,18,0.649351,23,11,20,0.597403,21,13,22,0.545455,20,14,23,0.519481,15,19,28,0.38961,9,25,34,0.233766,4,30,39,0.103896,3,31,40,0.077922,2,32,41,0.051948
91,30,44,14,0.700484,0.823864,0.091892,9,35,21,0.243243,6,38,24,0.162162,5,39,25,0.135135,5,39,25,0.135135,4,40,26,0.108108,3,41,27,0.081081,2,42,28,0.054054,0,44,30,0.0,0,44,30,0.0,0,44,30,0.0
92,48,51,3,0.469805,0.639276,0.337374,27,24,21,0.545455,27,24,21,0.545455,24,27,24,0.484848,22,29,26,0.444444,19,32,29,0.383838,18,33,30,0.363636,16,35,32,0.323232,10,41,38,0.20202,3,48,45,0.060606,1,50,47,0.020202
93,44,36,8,0.414833,0.586405,0.3475,23,13,21,0.575,22,14,22,0.55,21,15,23,0.525,19,17,25,0.475,17,19,27,0.425,15,21,29,0.375,13,23,31,0.325,7,29,37,0.175,2,34,42,0.05,0,36,44,0.0
94,12,17,5,0.469272,0.638781,0.2,6,11,6,0.413793,6,11,6,0.413793,5,12,7,0.344828,4,13,8,0.275862,3,14,9,0.206897,2,15,10,0.137931,1,16,11,0.068966,1,16,11,0.068966,1,16,11,0.068966,0,17,12,0.0
95,61,45,16,0.4066,0.578132,0.358491,36,9,25,0.679245,33,12,28,0.622642,33,12,28,0.622642,30,15,31,0.566038,24,21,37,0.45283,18,27,43,0.339623,11,34,50,0.207547,5,40,56,0.09434,0,45,61,0.0,0,45,61,0.0
96,11,11,0,0.417853,0.589416,0.145455,5,6,6,0.454545,5,6,6,0.454545,3,8,8,0.272727,1,10,10,0.090909,1,10,10,0.090909,1,10,10,0.090909,0,11,11,0.0,0,11,11,0.0,0,11,11,0.0,0,11,11,0.0
97,24,20,4,0.119521,0.213521,0.054545,5,15,19,0.227273,5,15,19,0.227273,2,18,22,0.090909,0,20,24,0.0,0,20,24,0.0,0,20,24,0.0,0,20,24,0.0,0,20,24,0.0,0,20,24,0.0,0,20,24,0.0
98,30,33,3,0.230661,0.374857,0.155556,11,22,19,0.349206,9,24,21,0.285714,9,24,21,0.285714,7,26,23,0.222222,6,27,24,0.190476,4,29,26,0.126984,3,30,27,0.095238,0,33,30,0.0,0,33,30,0.0,0,33,30,0.0
99,95,107,12,0.598788,0.749052,0.168317,39,68,56,0.386139,34,73,61,0.336634,31,76,64,0.306931,26,81,69,0.257426,21,86,74,0.207921,14,93,81,0.138614,4,103,91,0.039604,1,106,94,0.009901,0,107,95,0.0,0,107,95,0.0
100,90,85,5,0.412907,0.584478,0.328,57,28,33,0.651429,53,32,37,0.605714,48,37,42,0.548571,40,45,50,0.457143,33,52,57,0.377143,26,59,64,0.297143,19,66,71,0.217143,11,74,79,0.125714,0,85,90,0.0,0,85,90,0.0
0,11,11,0,0.450652,0.621309,0.872727,11,0,0,1.0,11,0,0,1.0,11,0,0,1.0,11,0,0,1.0,11,0,0,1.0,11,0,0,1.0,11,0,0,1.0,10,1,1,0.909091,7,4,4,0.636364,2,9,9,0.181818
1,9,10,1,0.364736,0.534515,0.747368,9,1,0,0.947368,9,1,0,0.947368,9,1,0,0.947368,9,1,0,0.947368,9,1,0,0.947368,8,2,1,0.842105,8,2,1,0.842105,5,5,4,0.526316,4,6,5,0.421053,1,9,8,0.105263
2,52,87,35,0.349048,0.517473,0.08777,16,71,36,0.230216,13,74,39,0.18705,9,78,43,0.129496,8,79,44,0.115108,5,82,47,0.071942,4,83,48,0.057554,3,84,49,0.043165,2,85,50,0.028777,1,86,51,0.014388,0,87,52,0.0
3,9,8,1,0.407989,0.579534,0.835294,8,0,1,0.941176,8,0,1,0.941176,8,0,1,0.941176,8,0,1,0.941176,8,0,1,0.941176,8,0,1,0.941176,8,0,1,0.941176,7,1,2,0.823529,6,2,3,0.705882,2,6,7,0.235294
4,65,73,8,0.446032,0.616905,0.573913,59,14,6,0.855072,56,17,9,0.811594,53,20,12,0.768116,50,23,15,0.724638,49,24,16,0.710145,47,26,18,0.681159,39,34,26,0.565217,27,46,38,0.391304,14,59,51,0.202899,2,71,63,0.028986
5,18,31,13,0.581045,0.735014,0.408163,14,17,4,0.571429,14,17,4,0.571429,14,17,4,0.571429,14,17,4,0.571429,10,21,8,0.408163,10,21,8,0.408163,10,21,8,0.408163,7,24,11,0.285714,5,26,13,0.204082,2,29,16,0.081633
6,58,58,0,0.327132,0.492991,0.62931,53,5,5,0.913793,51,7,7,0.87931,49,9,9,0.844828,48,10,10,0.827586,44,14,14,0.758621,43,15,15,0.741379,39,19,19,0.672414,26,32,32,0.448276,11,47,47,0.189655,1,57,57,0.017241
7,11,11,0,0.384179,0.5551,0.581818,9,2,2,0.818182,9,2,2,0.818182,9,2,2,0.818182,9,2,2,0.818182,9,2,2,0.818182,6,5,5,0.545455,6,5,5,0.545455,4,7,7,0.363636,2,9,9,0.181818,1,10,10,0.090909
8,12,14,2,0.485377,0.653541,0.269231,5,9,7,0.384615,5,9,7,0.384615,5,9,7,0.384615,5,9,7,0.384615,5,9,7,0.384615,4,10,8,0.307692,4,10,8,0.307692,2,12,10,0.153846,0,14,12,0.0,0,14,12,0.0
9,19,21,2,0.292521,0.452637,0.4,16,5,3,0.8,16,5,3,0.8,15,6,4,0.75,11,10,8,0.55,10,11,9,0.5,6,15,13,0.3,3,18,16,0.15,2,19,17,0.1,1,20,18,0.05,0,21,19,0.0
10,43,41,2,0.385449,0.556425,0.738095,41,0,2,0.97619,41,0,2,0.97619,41,0,2,0.97619,41,0,2,0.97619,40,1,3,0.952381,37,4,6,0.880952,32,9,11,0.761905,20,21,23,0.47619,13,28,30,0.309524,4,37,39,0.095238
11,7,9,2,0.53397,0.696193,0.45,5,4,2,0.625,5,4,2,0.625,5,4,2,0.625,5,4,2,0.625,3,6,4,0.375,3,6,4,0.375,3,6,4,0.375,3,6,4,0.375,3,6,4,0.375,1,8,6,0.125
12,77,103,26,0.290045,0.449667,0.104444,22,81,55,0.244444,17,86,60,0.188889,15,88,62,0.166667,13,90,64,0.144444,11,92,66,0.122222,9,94,68,0.1,5,98,72,0.055556,2,101,75,0.022222,0,103,77,0.0,0,103,77,0.0
13,37,35,2,0.370937,0.541144,0.75,35,0,2,0.972222,35,0,2,0.972222,35,0,2,0.972222,35,0,2,0.972222,34,1,3,0.944444,32,3,5,0.888889,29,6,8,0.805556,23,12,14,0.638889,11,24,26,0.305556,1,34,36,0.027778
14,56,49,7,0.357445,0.526644,0.413333,36,13,20,0.685714,36,13,20,0.685714,32,17,24,0.609524,27,22,29,0.514286,25,24,31,0.47619,22,27,34,0.419048,18,31,38,0.342857,12,37,44,0.228571,9,40,47,0.171429,0,49,56,0.0
15,17,16,1,0.651033,0.788637,0.842424,16,0,1,0.969697,16,0,1,0.969697,16,0,1,0.969697,16,0,1,0.969697,16,0,1,0.969697,16,0,1,0.969697,16,0,1,0.969697,14,2,3,0.848485,10,6,7,0.606061,3,13,14,0.181818
16,9,14,5,0.566333,0.723133,0.408696,7,7,2,0.608696,7,7,2,0.608696,7,7,2,0.608696,7,7,2,0.608696,7,7,2,0.608696,5,9,4,0.434783,4,10,5,0.347826,2,12,7,0.173913,1,13,8,0.086957,0,14,9,0.0
17,21,17,4,0.465141,0.634944,0.636842,14,3,7,0.736842,14,3,7,0.736842,14,3,7,0.736842,14,3,7,0.736842,14,3,7,0.736842,14,3,7,0.736842,14,3,7,0.736842,11,6,10,0.578947,10,7,11,0.526316,2,15,19,0.105263
18,51,44,7,0.26032,0.413101,0.12,27,17,24,0.568421,13,31,38,0.273684,9,35,42,0.189474,6,38,45,0.126316,1,43,50,0.021053,1,43,50,0.021053,0,44,51,0.0,0,44,51,0.0,0,44,51,0.0,0,44,51,0.0
19,28,48,20,0.531715,0.694274,0.3,19,29,9,0.5,18,30,10,0.473684,16,32,12,0.421053,15,33,13,0.394737,14,34,14,0.368421,13,35,15,0.342105,9,39,19,0.236842,7,41,21,0.184211,3,45,25,0.078947,0,48,28,0.0
20,25,21,4,0.646429,0.78525,0.713043,20,1,5,0.869565,20,1,5,0.869565,20,1,5,0.869565,19,2,6,0.826087,19,2,6,0.826087,18,3,7,0.782609,18,3,7,0.782609,15,6,10,0.652174,11,10,14,0.478261,4,17,21,0.173913
21,40,37,3,0.347437,0.515701,0.202597,24,13,16,0.623377,20,17,20,0.519481,16,21,24,0.415584,11,26,29,0.285714,5,32,35,0.12987,2,35,38,0.051948,0,37,40,0.0,0,37,40,0.0,0,37,40,0.0,0,37,40,0.0
22,22,20,2,0.401268,0.572721,0.747619,19,1,3,0.904762,18,2,4,0.857143,18,2,4,0.857143,18,2,4,0.857143,18,2,4,0.857143,18,2,4,0.857143,16,4,6,0.761905,16,4,6,0.761905,11,9,11,0.52381,5,15,17,0.238095
23,54,62,8,0.297086,0.458082,0.143103,37,25,17,0.637931,28,34,26,0.482759,11,51,43,0.189655,5,57,49,0.086207,1,61,53,0.017241,1,61,53,0.017241,0,62,54,0.0,0,62,54,0.0,0,62,54,0.0,0,62,54,0.0
24,33,66,33,0.508579,0.674249,0.309091,23,43,10,0.464646,22,44,11,0.444444,21,45,12,0.424242,20,46,13,0.40404,18,48,15,0.363636,18,48,15,0.363636,15,51,18,0.30303,11,55,22,0.222222,5,61,28,0.10101,0,66,33,0.0
25,9,55,46,0.442131,0.613164,0.075,7,48,2,0.21875,6,49,3,0.1875,3,52,6,0.09375,3,52,6,0.09375,3,52,6,0.09375,1,54,8,0.03125,1,54,8,0.03125,0,55,9,0.0,0,55,9,0.0,0,55,9,0.0
26,14,14,0,0.350365,0.518919,0.435714,11,3,3,0.785714,9,5,5,0.642857,9,5,5,0.642857,9,5,5,0.642857,7,7,7,0.5,6,8,8,0.428571,6,8,8,0.428571,4,10,10,0.285714,0,14,14,0.0,0,14,14,0.0
27,73,64,9,0.2823,0.440303,0.522628,61,3,12,0.890511,60,4,13,0.875912,59,5,14,0.861314,53,11,20,0.773723,47,17,26,0.686131,37,27,36,0.540146,26,38,47,0.379562,11,53,62,0.160584,4,60,69,0.058394,0,64,73,0.0
28,8,11,3,0.381589,0.552392,0.610526,8,3,0,0.842105,8,3,0,0.842105,8,3,0,0.842105,7,4,1,0.736842,7,4,1,0.736842,7,4,1,0.736842,6,5,2,0.631579,4,7,4,0.421053,2,9,6,0.210526,1,10,7,0.105263
29,4,26,22,0.587685,0.740304,0.073333,2,24,2,0.133333,1,25,3,0.066667,1,25,3,0.066667,1,25,3,0.066667,1,25,3,0.066667,1,25,3,0.066667,1,25,3,0.066667,1,25,3,0.066667,1,25,3,0.066667,1,25,3,0.066667
30,12,26,14,0.476227,0.645195,0.168421,7,19,5,0.368421,7,19,5,0.368421,5,21,7,0.263158,4,22,8,0.210526,4,22,8,0.210526,3,23,9,0.157895,2,24,10,0.105263,0,26,12,0.0,0,26,12,0.0,0,26,12,0.0
31,28,26,2,0.486337,0.654411,0.72963,23,3,5,0.851852,23,3,5,0.851852,23,3,5,0.851852,23,3,5,0.851852,23,3,5,0.851852,23,3,5,0.851852,22,4,6,0.814815,21,5,7,0.777778,14,12,14,0.518519,2,24,26,0.074074
32,4,14,10,0.447832,0.618625,0.122222,3,11,1,0.333333,3,11,1,0.333333,3,11,1,0.333333,1,13,3,0.111111,1,13,3,0.111111,0,14,4,0.0,0,14,4,0.0,0,14,4,0.0,0,14,4,0.0,0,14,4,0.0
33,27,34,7,0.468221,0.637807,0.531148,21,13,6,0.688525,21,13,6,0.688525,18,16,9,0.590164,18,16,9,0.590164,18,16,9,0.590164,18,16,9,0.590164,18,16,9,0.590164,16,18,11,0.52459,11,23,16,0.360656,3,31,24,0.098361
34,12,12,0,0.435496,0.606754,0.808333,12,0,0,1.0,12,0,0,1.0,12,0,0,1.0,11,1,1,0.916667,11,1,1,0.916667,11,1,1,0.916667,11,1,1,0.916667,10,2,2,0.833333,7,5,5,0.583333,0,12,12,0.0
35,13,7,6,0.244938,0.393494,0.25,4,3,9,0.4,4,3,9,0.4,4,3,9,0.4,3,4,10,0.3,3,4,10,0.3,2,5,11,0.2,2,5,11,0.2,2,5,11,0.2,1,6,12,0.1,0,7,13,0.0
36,17,19,2,0.417283,0.588849,0.672222,15,4,2,0.833333,15,4,2,0.833333,15,4,2,0.833333,15,4,2,0.833333,14,5,3,0.777778,14,5,3,0.777778,13,6,4,0.722222,12,7,5,0.666667,5,14,12,0.277778,3,16,14,0.166667
37,8,8,0,0.285311,0.443956,0.3875,5,3,3,0.625,5,3,3,0.625,5,3,3,0.625,5,3,3,0.625,4,4,4,0.5,3,5,5,0.375,2,6,6,0.25,1,7,7,0.125,1,7,7,0.125,0,8,8,0.0
38,14,13,1,0.45994,0.63008,0.348148,6,7,8,0.444444,6,7,8,0.444444,6,7,8,0.444444,6,7,8,0.444444,6,7,8,0.444444,6,7,8,0.444444,5,8,9,0.37037,4,9,10,0.296296,2,11,12,0.148148,0,13,14,0.0
39,65,52,13,0.236747,0.382854,0.394872,43,9,22,0.735043,41,11,24,0.700855,37,15,28,0.632479,33,19,32,0.564103,30,22,35,0.512821,26,26,39,0.444444,16,36,49,0.273504,5,47,60,0.08547,0,52,65,0.0,0,52,65,0.0
40,86,76,10,0.216881,0.356454,0.339506,53,23,33,0.654321,50,26,36,0.617284,47,29,39,0.580247,42,34,44,0.518519,34,42,52,0.419753,26,50,60,0.320988,17,59,69,0.209877,3,73,83,0.037037,2,74,84,0.024691,1,75,85,0.012346
41,16,14,2,0.673166,0.804661,0.84,14,0,2,0.933333,14,0,2,0.933333,14,0,2,0.933333,14,0,2,0.933333,14,0,2,0.933333,14,0,2,0.933333,14,0,2,0.933333,14,0,2,0.933333,11,3,5,0.733333,3,11,13,0.2
42,46,48,2,0.300844,0.462536,0.448936,37,11,9,0.787234,35,13,11,0.744681,34,14,12,0.723404,29,19,17,0.617021,26,22,20,0.553191,18,30,28,0.382979,16,32,30,0.340426,10,38,36,0.212766,6,42,40,0.12766,0,48,46,0.0
43,10,13,3,0.419257,0.590812,0.582609,9,4,1,0.782609,8,5,2,0.695652,8,5,2,0.695652,8,5,2,0.695652,8,5,2,0.695652,8,5,2,0.695652,8,5,2,0.695652,6,7,4,0.521739,4,9,6,0.347826,0,13,10,0.0
44,21,13,8,0.303886,0.466123,0.335294,10,3,11,0.588235,9,4,12,0.529412,9,4,12,0.529412,8,5,13,0.470588,8,5,13,0.470588,7,6,14,0.411765,3,10,18,0.176471,2,11,19,0.117647,1,12,20,0.058824,0,13,21,0.0
45,46,43,3,0.373749,0.54413,0.721348,43,0,3,0.966292,43,0,3,0.966292,43,0,3,0.966292,42,1,4,0.94382,40,3,6,0.898876,37,6,9,0.831461,34,9,12,0.764045,27,16,19,0.606742,12,31,34,0.269663,0,43,46,0.0
46,8,8,0,0.394714,0.566015,0.6,8,0,0,1.0,8,0,0,1.0,8,0,0,1.0,7,1,1,0.875,6,2,2,0.75,6,2,2,0.75,4,4,4,0.5,1,7,7,0.125,0,8,8,0.0,0,8,8,0.0
47,10,11,1,0.390372,0.561536,0.761905,10,1,0,0.952381,10,1,0,0.952381,10,1,0,0.952381,10,1,0,0.952381,9,2,1,0.857143,9,2,1,0.857143,8,3,2,0.761905,6,5,4,0.571429,6,5,4,0.571429,2,9,8,0.190476
48,30,23,7,0.20034,0.333805,0.283019,16,7,14,0.603774,14,9,16,0.528302,12,11,18,0.45283,11,12,19,0.415094,7,16,23,0.264151,6,17,24,0.226415,4,19,26,0.150943,3,20,27,0.113208,2,21,28,0.075472,0,23,30,0.0
49,2,7,5,0.203523,0.338211,0.022222,1,6,1,0.222222,0,7,2,0.0,0,7,2,0.0,0,7,2,0.0,0,7,2,0.0,0,7,2,0.0,0,7,2,0.0,0,7,2,0.0,0,7,2,0.0,0,7,2,0.0
50,13,13,0,0.366536,0.536446,0.669231,13,0,0,1.0,13,0,0,1.0,13,0,0,1.0,13,0,0,1.0,11,2,2,0.846154,9,4,4,0.692308,7,6,6,0.538462,6,7,7,0.461538,2,11,11,0.153846,0,13,13,0.0
51,19,20,1,0.434337,0.605627,0.569231,18,2,1,0.923077,16,4,3,0.820513,15,5,4,0.769231,15,5,4,0.769231,14,6,5,0.717949,13,7,6,0.666667,10,10,9,0.512821,7,13,12,0.358974,3,17,16,0.153846,0,20,19,0.0
52,49,47,2,0.299153,0.460535,0.15,29,18,20,0.604167,20,27,29,0.416667,10,37,39,0.208333,6,41,43,0.125,4,43,45,0.083333,1,46,48,0.020833,1,46,48,0.020833,1,46,48,0.020833,0,47,49,0.0,0,47,49,0.0
53,11,11,0,0.455808,0.626192,0.9,11,0,0,1.0,11,0,0,1.0,11,0,0,1.0,11,0,0,1.0,11,0,0,1.0,11,0,0,1.0,11,0,0,1.0,11,0,0,1.0,8,3,3,0.727273,3,8,8,0.272727
54,13,14,1,0.538552,0.700076,0.496296,9,5,4,0.666667,9,5,4,0.666667,8,6,5,0.592593,8,6,5,0.592593,8,6,5,0.592593,8,6,5,0.592593,8,6,5,0.592593,7,7,6,0.518519,2,12,11,0.148148,0,14,13,0.0
55,13,13,0,0.490164,0.657866,0.423077,8,5,5,0.615385,8,5,5,0.615385,8,5,5,0.615385,8,5,5,0.615385,7,6,6,0.538462,7,6,6,0.538462,4,9,9,0.307692,3,10,10,0.230769,2,11,11,0.153846,0,13,13,0.0
56,16,18,2,0.307429,0.47028,0.364706,12,6,4,0.705882,12,6,4,0.705882,11,7,5,0.647059,10,8,6,0.588235,9,9,7,0.529412,6,12,10,0.352941,2,16,14,0.117647,0,18,16,0.0,0,18,16,0.0,0,18,16,0.0
57,19,16,3,0.473599,0.642778,0.394286,10,6,9,0.571429,9,7,10,0.514286,9,7,10,0.514286,9,7,10,0.514286,9,7,10,0.514286,8,8,11,0.457143,7,9,12,0.4,6,10,13,0.342857,2,14,17,0.114286,0,16,19,0.0
58,15,14,1,0.476168,0.64514,0.648276,14,0,1,0.965517,14,0,1,0.965517,14,0,1,0.965517,14,0,1,0.965517,13,1,2,0.896552,10,4,5,0.689655,8,6,7,0.551724,5,9,10,0.344828,2,12,13,0.137931,0,14,15,0.0
59,8,7,1,0.414033,0.585606,0.746667,7,0,1,0.933333,7,0,1,0.933333,7,0,1,0.933333,7,0,1,0.933333,7,0,1,0.933333,7,0,1,0.933333,7,0,1,0.933333,5,2,3,0.666667,2,5,6,0.266667,0,7,8,0.0
60,35,34,1,0.378867,0.549534,0.742029,33,1,2,0.956522,33,1,2,0.956522,33,1,2,0.956522,33,1,2,0.956522,33,1,2,0.956522,32,2,3,0.927536,28,6,7,0.811594,20,14,15,0.57971,10,24,25,0.289855,1,33,34,0.028986
61,64,65,1,0.299734,0.461223,0.314729,37,28,27,0.573643,35,30,29,0.542636,32,33,32,0.496124,28,37,36,0.434109,22,43,42,0.341085,17,48,47,0.263566,14,51,50,0.217054,10,55,54,0.155039,8,57,56,0.124031,0,65,64,0.0
62,21,16,5,0.268087,0.422821,0.389189,14,2,7,0.756757,13,3,8,0.702703,12,4,9,0.648649,11,5,10,0.594595,8,8,13,0.432432,5,11,16,0.27027,5,11,16,0.27027,3,13,18,0.162162,1,15,20,0.054054,0,16,21,0.0
63,14,16,2,0.501068,0.667616,0.34,7,9,7,0.466667,6,10,8,0.4,6,10,8,0.4,6,10,8,0.4,6,10,8,0.4,6,10,8,0.4,6,10,8,0.4,4,12,10,0.266667,3,13,11,0.2,1,15,13,0.066667
64,9,9,0,0.440988,0.612063,0.866667,9,0,0,1.0,9,0,0,1.0,9,0,0,1.0,9,0,0,1.0,9,0,0,1.0,9,0,0,1.0,8,1,1,0.888889,8,1,1,0.888889,7,2,2,0.777778,1,8,8,0.111111
65,15,25,10,0.469722,0.639199,0.285,10,15,5,0.5,9,16,6,0.45,8,17,7,0.4,8,17,7,0.4,7,18,8,0.35,7,18,8,0.35,5,20,10,0.25,2,23,13,0.1,1,24,14,0.05,0,25,15,0.0
66,10,11,1,0.482544,0.650967,0.67619,9,2,1,0.857143,9,2,1,0.857143,9,2,1,0.857143,9,2,1,0.857143,9,2,1,0.857143,9,2,1,0.857143,9,2,1,0.857143,5,6,5,0.47619,3,8,7,0.285714,0,11,10,0.0
67,8,7,1,0.466113,0.635849,0.44,4,3,4,0.533333,4,3,4,0.533333,4,3,4,0.533333,4,3,4,0.533333,4,3,4,0.533333,4,3,4,0.533333,4,3,4,0.533333,3,4,5,0.4,2,5,6,0.266667,0,7,8,0.0
68,8,8,0,0.336803,0.503894,0.7,8,0,0,1.0,8,0,0,1.0,8,0,0,1.0,8,0,0,1.0,8,0,0,1.0,7,1,1,0.875,5,3,3,0.625,2,6,6,0.25,2,6,6,0.25,0,8,8,0.0
69,13,11,2,0.349295,0.517744,0.533333,10,1,3,0.833333,10,1,3,0.833333,10,1,3,0.833333,9,2,4,0.75,9,2,4,0.75,8,3,5,0.666667,4,7,9,0.333333,3,8,10,0.25,1,10,12,0.083333,0,11,13,0.0
70,8,7,1,0.46215,0.632151,0.8,7,0,1,0.933333,7,0,1,0.933333,7,0,1,0.933333,7,0,1,0.933333,7,0,1,0.933333,7,0,1,0.933333,7,0,1,0.933333,6,1,2,0.8,4,3,4,0.533333,1,6,7,0.133333
71,5,5,0,0.468801,0.638345,0.9,5,0,0,1.0,5,0,0,1.0,5,0,0,1.0,5,0,0,1.0,5,0,0,1.0,5,0,0,1.0,5,0,0,1.0,5,0,0,1.0,4,1,1,0.8,1,4,4,0.2
72,15,13,2,0.476831,0.645749,0.414286,8,5,7,0.571429,7,6,8,0.5,7,6,8,0.5,7,6,8,0.5,7,6,8,0.5,7,6,8,0.5,7,6,8,0.5,6,7,9,0.428571,1,12,14,0.071429,1,12,14,0.071429
73,10,8,2,0.53898,0.700438,0.322222,4,4,6,0.444444,4,4,6,0.444444,3,5,7,0.333333,3,5,7,0.333333,3,5,7,0.333333,3,5,7,0.333333,3,5,7,0.333333,3,5,7,0.333333,2,6,8,0.222222,1,7,9,0.111111
74,10,8,2,0.394245,0.565532,0.8,8,0,2,0.888889,8,0,2,0.888889,8,0,2,0.888889,8,0,2,0.888889,8,0,2,0.888889,8,0,2,0.888889,8,0,2,0.888889,8,0,2,0.888889,8,0,2,0.888889,0,8,10,0.0
75,38,36,2,0.327988,0.493963,0.186486,25,11,13,0.675676,22,14,16,0.594595,12,24,26,0.324324,8,28,30,0.216216,2,34,36,0.054054,0,36,38,0.0,0,36,38,0.0,0,36,38,0.0,0,36,38,0.0,0,36,38,0.0
76,1,1,0,0.376471,0.547009,0.9,1,0,0,1.0,1,0,0,1.0,1,0,0,1.0,1,0,0,1.0,1,0,0,1.0,1,0,0,1.0,1,0,0,1.0,1,0,0,1.0,1,0,0,1.0,0,1,1,0.0
77,41,39,2,0.376427,0.546962,0.7275,38,1,3,0.95,37,2,4,0.925,35,4,6,0.875,35,4,6,0.875,35,4,6,0.875,35,4,6,0.875,33,6,8,0.825,28,11,13,0.7,14,25,27,0.35,1,38,40,0.025
78,14,10,4,0.607556,0.755875,0.508333,7,3,7,0.583333,7,3,7,0.583333,7,3,7,0.583333,7,3,7,0.583333,7,3,7,0.583333,7,3,7,0.583333,7,3,7,0.583333,7,3,7,0.583333,5,5,9,0.416667,0,10,14,0.0
79,12,17,5,0.557406,0.715813,0.448276,8,9,4,0.551724,8,9,4,0.551724,8,9,4,0.551724,8,9,4,0.551724,8,9,4,0.551724,8,9,4,0.551724,6,11,6,0.413793,5,12,7,0.344828,5,12,7,0.344828,1,16,11,0.068966
80,1,1,0,0.437736,0.608924,0.9,1,0,0,1.0,1,0,0,1.0,1,0,0,1.0,1,0,0,1.0,1,0,0,1.0,1,0,0,1.0,1,0,0,1.0,1,0,0,1.0,1,0,0,1.0,0,1,1,0.0
81,9,16,7,0.436814,0.608032,0.504,8,8,1,0.64,8,8,1,0.64,8,8,1,0.64,7,9,2,0.56,7,9,2,0.56,7,9,2,0.56,7,9,2,0.56,6,10,3,0.48,4,12,5,0.32,1,15,8,0.08
82,2,0,2,0.0,0.0,0.0,0,0,2,0.0,0,0,2,0.0,0,0,2,0.0,0,0,2,0.0,0,0,2,0.0,0,0,2,0.0,0,0,2,0.0,0,0,2,0.0,0,0,2,0.0,0,0,2,0.0
83,10,0,10,0.0,0.0,0.0,0,0,10,0.0,0,0,10,0.0,0,0,10,0.0,0,0,10,0.0,0,0,10,0.0,0,0,10,0.0,0,0,10,0.0,0,0,10,0.0,0,0,10,0.0,0,0,10,0.0
84,2,0,2,0.0,0.0,0.0,0,0,2,0.0,0,0,2,0.0,0,0,2,0.0,0,0,2,0.0,0,0,2,0.0,0,0,2,0.0,0,0,2,0.0,0,0,2,0.0,0,0,2,0.0,0,0,2,0.0
85,27,23,4,0.66688,0.800154,0.016,1,22,26,0.04,1,22,26,0.04,1,22,26,0.04,1,22,26,0.04,0,23,27,0.0,0,23,27,0.0,0,23,27,0.0,0,23,27,0.0,0,23,27,0.0,0,23,27,0.0
86,17,32,15,0.757075,0.861745,0.02449,2,30,15,0.081633,1,31,16,0.040816,1,31,16,0.040816,1,31,16,0.040816,1,31,16,0.040816,0,32,17,0.0,0,32,17,0.0,0,32,17,0.0,0,32,17,0.0,0,32,17,0.0
87,20,23,3,0.746006,0.854529,0.032558,3,20,17,0.139535,2,21,18,0.093023,1,22,19,0.046512,1,22,19,0.046512,0,23,20,0.0,0,23,20,0.0,0,23,20,0.0,0,23,20,0.0,0,23,20,0.0,0,23,20,0.0
88,13,16,3,0.74663,0.854937,0.027586,1,15,12,0.068966,1,15,12,0.068966,1,15,12,0.068966,1,15,12,0.068966,0,16,13,0.0,0,16,13,0.0,0,16,13,0.0,0,16,13,0.0,0,16,13,0.0,0,16,13,0.0
89,60,51,9,0.68286,0.811547,0.005405,3,48,57,0.054054,0,51,60,0.0,0,51,60,0.0,0,51,60,0.0,0,51,60,0.0,0,51,60,0.0,0,51,60,0.0,0,51,60,0.0,0,51,60,0.0,0,51,60,0.0
90,43,32,11,0.613765,0.760662,0.365333,25,7,18,0.666667,24,8,19,0.64,22,10,21,0.586667,20,12,23,0.533333,17,15,26,0.453333,14,18,29,0.373333,7,25,36,0.186667,6,26,37,0.16,2,30,41,0.053333,0,32,43,0.0
91,30,9,21,0.742584,0.852279,0.025641,1,8,29,0.051282,1,8,29,0.051282,1,8,29,0.051282,1,8,29,0.051282,1,8,29,0.051282,0,9,30,0.0,0,9,30,0.0,0,9,30,0.0,0,9,30,0.0,0,9,30,0.0
92,48,35,13,0.690313,0.816787,0.301205,25,10,23,0.60241,24,11,24,0.578313,20,15,28,0.481928,17,18,31,0.409639,15,20,33,0.361446,12,23,36,0.289157,6,29,42,0.144578,4,31,44,0.096386,2,33,46,0.048193,0,35,48,0.0
93,44,40,4,0.621077,0.766252,0.278571,22,18,22,0.52381,19,21,25,0.452381,18,22,26,0.428571,14,26,30,0.333333,13,27,31,0.309524,13,27,31,0.309524,10,30,34,0.238095,5,35,39,0.119048,2,38,42,0.047619,1,39,43,0.02381
94,12,43,31,0.439621,0.610745,0.014545,1,42,11,0.036364,1,42,11,0.036364,1,42,11,0.036364,1,42,11,0.036364,0,43,12,0.0,0,43,12,0.0,0,43,12,0.0,0,43,12,0.0,0,43,12,0.0,0,43,12,0.0
95,61,43,18,0.631322,0.774001,0.326923,31,12,30,0.596154,28,15,33,0.538462,27,16,34,0.519231,26,17,35,0.5,19,24,42,0.365385,16,27,45,0.307692,14,29,47,0.269231,7,36,54,0.134615,2,41,59,0.038462,0,43,61,0.0
96,11,12,1,0.63081,0.773615,0.0,0,12,11,0.0,0,12,11,0.0,0,12,11,0.0,0,12,11,0.0,0,12,11,0.0,0,12,11,0.0,0,12,11,0.0,0,12,11,0.0,0,12,11,0.0,0,12,11,0.0
97,24,36,12,0.44598,0.616855,0.0,0,36,24,0.0,0,36,24,0.0,0,36,24,0.0,0,36,24,0.0,0,36,24,0.0,0,36,24,0.0,0,36,24,0.0,0,36,24,0.0,0,36,24,0.0,0,36,24,0.0
98,30,38,8,0.446351,0.61721,0.364706,22,16,8,0.647059,21,17,9,0.617647,19,19,11,0.558824,17,21,13,0.5,15,23,15,0.441176,14,24,16,0.411765,11,27,19,0.323529,4,34,26,0.117647,1,37,29,0.029412,0,38,30,0.0
99,95,36,59,0.807507,0.893503,0.003053,1,35,94,0.015267,1,35,94,0.015267,0,36,95,0.0,0,36,95,0.0,0,36,95,0.0,0,36,95,0.0,0,36,95,0.0,0,36,95,0.0,0,36,95,0.0,0,36,95,0.0
100,90,80,10,0.655989,0.792262,0.002353,1,79,89,0.011765,1,79,89,0.011765,0,80,90,0.0,0,80,90,0.0,0,80,90,0.0,0,80,90,0.0,0,80,90,0.0,0,80,90,0.0,0,80,90,0.0,0,80,90,0.0
0,11,11,0,0.480476,0.649083,0.845455,11,0,0,1.0,11,0,0,1.0,11,0,0,1.0,11,0,0,1.0,11,0,0,1.0,11,0,0,1.0,11,0,0,1.0,10,1,1,0.909091,6,5,5,0.545455,0,11,11,0.0
1,9,9,0,0.397199,0.568565,0.788889,9,0,0,1.0,9,0,0,1.0,9,0,0,1.0,9,0,0,1.0,9,0,0,1.0,8,1,1,0.888889,7,2,2,0.777778,6,3,3,0.666667,3,6,6,0.333333,2,7,7,0.222222
2,52,36,16,0.674794,0.805823,0.245455,19,17,33,0.431818,17,19,35,0.386364,16,20,36,0.363636,16,20,36,0.363636,11,25,41,0.25,10,26,42,0.227273,10,26,42,0.227273,8,28,44,0.181818,1,35,51,0.022727,0,36,52,0.0
3,9,9,0,0.42796,0.599401,0.788889,9,0,0,1.0,9,0,0,1.0,9,0,0,1.0,9,0,0,1.0,9,0,0,1.0,9,0,0,1.0,8,1,1,0.888889,6,3,3,0.666667,3,6,6,0.333333,0,9,9,0.0
4,65,69,4,0.512229,0.677449,0.635821,63,6,2,0.940299,63,6,2,0.940299,62,7,3,0.925373,61,8,4,0.910448,57,12,8,0.850746,54,15,11,0.80597,40,29,25,0.597015,24,45,41,0.358209,2,67,63,0.029851,0,69,65,0.0
5,18,16,2,0.738715,0.849725,0.805882,16,0,2,0.941176,16,0,2,0.941176,16,0,2,0.941176,15,1,3,0.882353,15,1,3,0.882353,15,1,3,0.882353,14,2,4,0.823529,13,3,5,0.764706,12,4,6,0.705882,5,11,13,0.294118
6,58,51,7,0.3718,0.542061,0.594495,45,6,13,0.825688,44,7,14,0.807339,44,7,14,0.807339,43,8,15,0.788991,42,9,16,0.770642,39,12,19,0.715596,35,16,23,0.642202,24,27,34,0.440367,7,44,51,0.12844,1,50,57,0.018349
7,11,10,1,0.469777,0.639249,0.666667,10,0,1,0.952381,10,0,1,0.952381,9,1,2,0.857143,9,1,2,0.857143,9,1,2,0.857143,9,1,2,0.857143,7,3,4,0.666667,5,5,6,0.47619,2,8,9,0.190476,0,10,11,0.0
8,12,23,11,0.520164,0.684353,0.217143,8,15,4,0.457143,8,15,4,0.457143,7,16,5,0.4,4,19,8,0.228571,4,19,8,0.228571,3,20,9,0.171429,3,20,9,0.171429,1,22,11,0.057143,0,23,12,0.0,0,23,12,0.0
9,19,20,1,0.343857,0.511747,0.410256,15,5,4,0.769231,14,6,5,0.717949,14,6,5,0.717949,11,9,8,0.564103,10,10,9,0.512821,7,13,12,0.358974,5,15,14,0.25641,3,17,16,0.153846,1,19,18,0.051282,0,20,19,0.0
10,43,42,1,0.420336,0.591882,0.68,41,1,2,0.964706,40,2,3,0.941176,39,3,4,0.917647,38,4,5,0.894118,38,4,5,0.894118,34,8,9,0.8,31,11,12,0.729412,20,22,23,0.470588,8,34,35,0.188235,0,42,43,0.0
11,7,7,0,0.580971,0.734955,0.771429,7,0,0,1.0,7,0,0,1.0,7,0,0,1.0,7,0,0,1.0,7,0,0,1.0,7,0,0,1.0,6,1,1,0.857143,4,3,3,0.571429,2,5,5,0.285714,0,7,7,0.0
12,77,51,26,0.654519,0.791189,0.271875,32,19,45,0.5,28,23,49,0.4375,26,25,51,0.40625,23,28,54,0.359375,21,30,56,0.328125,20,31,57,0.3125,15,36,62,0.234375,9,42,68,0.140625,0,51,77,0.0,0,51,77,0.0
13,37,36,1,0.407909,0.579454,0.750685,36,0,1,0.986301,36,0,1,0.986301,36,0,1,0.986301,36,0,1,0.986301,36,0,1,0.986301,31,5,6,0.849315,29,7,8,0.794521,23,13,14,0.630137,10,26,27,0.273973,1,35,36,0.027397
14,56,47,9,0.430807,0.602187,0.512621,41,6,15,0.796117,41,6,15,0.796117,40,7,16,0.776699,34,13,22,0.660194,31,16,25,0.601942,30,17,26,0.582524,23,24,33,0.446602,16,31,40,0.31068,8,39,48,0.15534,0,47,56,0.0
15,17,16,1,0.635566,0.777181,0.848485,16,0,1,0.969697,16,0,1,0.969697,16,0,1,0.969697,16,0,1,0.969697,16,0,1,0.969697,16,0,1,0.969697,16,0,1,0.969697,14,2,3,0.848485,12,4,5,0.727273,2,14,15,0.121212
16,9,9,0,0.739613,0.850319,0.8,8,1,1,0.888889,8,1,1,0.888889,8,1,1,0.888889,8,1,1,0.888889,8,1,1,0.888889,8,1,1,0.888889,8,1,1,0.888889,8,1,1,0.888889,6,3,3,0.666667,2,7,7,0.222222
17,21,18,3,0.499265,0.666013,0.661538,15,3,6,0.769231,15,3,6,0.769231,15,3,6,0.769231,15,3,6,0.769231,15,3,6,0.769231,15,3,6,0.769231,14,4,7,0.717949,14,4,7,0.717949,10,8,11,0.512821,1,17,20,0.051282
18,51,49,2,0.330472,0.496774,0.308,43,6,8,0.86,40,9,11,0.8,32,17,19,0.64,18,31,33,0.36,13,36,38,0.26,5,44,46,0.1,3,46,48,0.06,0,49,51,0.0,0,49,51,0.0,0,49,51,0.0
19,28,24,4,0.680985,0.810221,0.319231,15,9,13,0.576923,15,9,13,0.576923,14,10,14,0.538462,12,12,16,0.461538,10,14,18,0.384615,8,16,20,0.307692,5,19,23,0.192308,4,20,24,0.153846,0,24,28,0.0,0,24,28,0.0
20,25,22,3,0.641291,0.781447,0.770213,22,0,3,0.93617,22,0,3,0.93617,22,0,3,0.93617,21,1,4,0.893617,21,1,4,0.893617,21,1,4,0.893617,21,1,4,0.893617,17,5,8,0.723404,13,9,12,0.553191,1,21,24,0.042553
21,40,39,1,0.371933,0.542202,0.263291,26,13,14,0.658228,24,15,16,0.607595,21,18,19,0.531646,15,24,25,0.379747,11,28,29,0.278481,4,35,36,0.101266,2,37,38,0.050633,1,38,39,0.025316,0,39,40,0.0,0,39,40,0.0
22,22,21,1,0.436722,0.607942,0.786047,21,0,1,0.976744,21,0,1,0.976744,21,0,1,0.976744,21,0,1,0.976744,21,0,1,0.976744,19,2,3,0.883721,16,5,6,0.744186,16,5,6,0.744186,12,9,10,0.55814,1,20,21,0.046512
23,54,55,1,0.339371,0.506762,0.240367,43,12,11,0.788991,38,17,16,0.697248,26,29,28,0.477064,15,40,39,0.275229,5,50,49,0.091743,2,53,52,0.036697,2,53,52,0.036697,0,55,54,0.0,0,55,54,0.0,0,55,54,0.0
24,33,32,1,0.695161,0.820171,0.606154,30,2,3,0.923077,30,2,3,0.923077,30,2,3,0.923077,28,4,5,0.861538,26,6,7,0.8,23,9,10,0.707692,19,13,14,0.584615,9,23,24,0.276923,2,30,31,0.061538,0,32,33,0.0
25,9,9,0,0.773017,0.871979,0.955556,9,0,0,1.0,9,0,0,1.0,9,0,0,1.0,9,0,0,1.0,9,0,0,1.0,9,0,0,1.0,9,0,0,1.0,9,0,0,1.0,9,0,0,1.0,5,4,4,0.555556
26,14,13,1,0.359494,0.528864,0.548148,12,1,2,0.888889,11,2,3,0.814815,11,2,3,0.814815,11,2,3,0.814815,9,4,5,0.666667,8,5,6,0.592593,6,7,8,0.444444,5,8,9,0.37037,1,12,13,0.074074,0,13,14,0.0
27,73,65,8,0.327857,0.493813,0.507246,62,3,11,0.898551,60,5,13,0.869565,57,8,16,0.826087,54,11,19,0.782609,50,15,23,0.724638,39,26,34,0.565217,22,43,51,0.318841,6,59,67,0.086957,0,65,73,0.0,0,65,73,0.0
28,8,13,5,0.401476,0.572933,0.466667,7,6,1,0.666667,6,7,2,0.571429,6,7,2,0.571429,6,7,2,0.571429,6,7,2,0.571429,6,7,2,0.571429,6,7,2,0.571429,4,9,4,0.380952,2,11,6,0.190476,0,13,8,0.0
29,4,3,1,0.810861,0.895553,0.714286,3,0,1,0.857143,3,0,1,0.857143,3,0,1,0.857143,3,0,1,0.857143,3,0,1,0.857143,3,0,1,0.857143,3,0,1,0.857143,3,0,1,0.857143,1,2,3,0.285714,0,3,4,0.0
30,12,19,7,0.572547,0.728178,0.303226,9,10,3,0.580645,8,11,4,0.516129,6,13,6,0.387097,6,13,6,0.387097,6,13,6,0.387097,5,14,7,0.322581,4,15,8,0.258065,2,17,10,0.129032,1,18,11,0.064516,0,19,12,0.0
31,28,27,1,0.530787,0.693483,0.756364,25,2,3,0.909091,25,2,3,0.909091,25,2,3,0.909091,25,2,3,0.909091,25,2,3,0.909091,25,2,3,0.909091,24,3,4,0.872727,22,5,6,0.8,11,16,17,0.4,1,26,27,0.036364
32,4,5,1,0.771,0.870695,0.444444,2,3,2,0.444444,2,3,2,0.444444,2,3,2,0.444444,2,3,2,0.444444,2,3,2,0.444444,2,3,2,0.444444,2,3,2,0.444444,2,3,2,0.444444,2,3,2,0.444444,2,3,2,0.444444
33,27,27,0,0.53924,0.700657,0.737037,24,3,3,0.888889,24,3,3,0.888889,24,3,3,0.888889,24,3,3,0.888889,24,3,3,0.888889,24,3,3,0.888889,24,3,3,0.888889,19,8,8,0.703704,12,15,15,0.444444,0,27,27,0.0
34,12,12,0,0.456998,0.627314,0.808333,12,0,0,1.0,12,0,0,1.0,12,0,0,1.0,12,0,0,1.0,12,0,0,1.0,12,0,0,1.0,12,0,0,1.0,10,2,2,0.833333,2,10,10,0.166667,1,11,11,0.083333
35,13,22,9,0.540693,0.701883,0.302857,10,12,3,0.571429,9,13,4,0.514286,8,14,5,0.457143,7,15,6,0.4,6,16,7,0.342857,6,16,7,0.342857,4,18,9,0.228571,2,20,11,0.114286,1,21,12,0.057143,0,22,13,0.0
36,17,19,2,0.446855,0.617692,0.7,16,3,1,0.888889,16,3,1,0.888889,16,3,1,0.888889,16,3,1,0.888889,16,3,1,0.888889,15,4,2,0.833333,15,4,2,0.833333,9,10,8,0.5,7,12,10,0.388889,0,19,17,0.0
37,8,8,0,0.388889,0.56,0.625,7,1,1,0.875,7,1,1,0.875,7,1,1,0.875,7,1,1,0.875,7,1,1,0.875,6,2,2,0.75,4,4,4,0.5,3,5,5,0.375,2,6,6,0.25,0,8,8,0.0
38,14,10,4,0.693215,0.818815,0.65,10,0,4,0.833333,9,1,5,0.75,9,1,5,0.75,9,1,5,0.75,9,1,5,0.75,9,1,5,0.75,9,1,5,0.75,9,1,5,0.75,5,5,9,0.416667,0,10,14,0.0
39,65,54,11,0.27308,0.429007,0.398319,45,9,20,0.756303,42,12,23,0.705882,41,13,24,0.689076,35,19,30,0.588235,30,24,35,0.504202,23,31,42,0.386555,15,39,50,0.252101,4,50,61,0.067227,1,53,64,0.016807,1,53,64,0.016807
40,86,93,7,0.310905,0.474336,0.406704,65,28,21,0.726257,62,31,24,0.692737,60,33,26,0.670391,56,37,30,0.625698,49,44,37,0.547486,42,51,44,0.469274,21,72,65,0.234637,8,85,78,0.089385,1,92,85,0.011173,0,93,86,0.0
41,16,15,1,0.670899,0.80304,0.864516,15,0,1,0.967742,15,0,1,0.967742,15,0,1,0.967742,15,0,1,0.967742,15,0,1,0.967742,15,0,1,0.967742,15,0,1,0.967742,14,1,2,0.903226,11,4,5,0.709677,4,11,12,0.258065
42,46,42,4,0.399308,0.570722,0.525,37,5,9,0.840909,35,7,11,0.795455,34,8,12,0.772727,34,8,12,0.772727,32,10,14,0.727273,26,16,20,0.590909,19,23,27,0.431818,9,33,37,0.204545,5,37,41,0.113636,0,42,46,0.0
43,10,15,5,0.378258,0.548892,0.584,10,5,0,0.8,10,5,0,0.8,10,5,0,0.8,9,6,1,0.72,9,6,1,0.72,9,6,1,0.72,9,6,1,0.72,5,10,5,0.4,2,13,8,0.16,0,15,10,0.0
44,21,14,7,0.366656,0.536574,0.342857,11,3,10,0.628571,11,3,10,0.628571,10,4,11,0.571429,7,7,14,0.4,7,7,14,0.4,7,7,14,0.4,5,9,16,0.285714,1,13,20,0.057143,1,13,20,0.057143,0,14,21,0.0
45,46,43,3,0.412564,0.584135,0.71236,42,1,4,0.94382,42,1,4,0.94382,42,1,4,0.94382,42,1,4,0.94382,40,3,6,0.898876,39,4,7,0.876404,33,10,13,0.741573,25,18,21,0.561798,12,31,34,0.269663,0,43,46,0.0
46,8,8,0,0.42711,0.598566,0.6875,8,0,0,1.0,8,0,0,1.0,8,0,0,1.0,7,1,1,0.875,7,1,1,0.875,7,1,1,0.875,6,2,2,0.75,3,5,5,0.375,1,7,7,0.125,0,8,8,0.0
47,10,11,1,0.415254,0.586826,0.685714,10,1,0,0.952381,9,2,1,0.857143,9,2,1,0.857143,9,2,1,0.857143,9,2,1,0.857143,9,2,1,0.857143,8,3,2,0.761905,6,5,4,0.571429,3,8,7,0.285714,0,11,10,0.0
48,30,25,5,0.244032,0.392325,0.290909,20,5,10,0.727273,17,8,13,0.618182,15,10,15,0.545455,9,16,21,0.327273,6,19,24,0.218182,5,20,25,0.181818,4,21,26,0.145455,3,22,27,0.109091,1,24,29,0.036364,0,25,30,0.0
49,2,4,2,0.270598,0.425939,0.1,1,3,1,0.333333,1,3,1,0.333333,1,3,1,0.333333,0,4,2,0.0,0,4,2,0.0,0,4,2,0.0,0,4,2,0.0,0,4,2,0.0,0,4,2,0.0,0,4,2,0.0
50,13,13,0,0.381836,0.55265,0.692308,13,0,0,1.0,13,0,0,1.0,13,0,0,1.0,13,0,0,1.0,13,0,0,1.0,11,2,2,0.846154,7,6,6,0.538462,4,9,9,0.307692,3,10,10,0.230769,0,13,13,0.0
51,19,18,1,0.472091,0.641388,0.637838,18,0,1,0.972973,17,1,2,0.918919,17,1,2,0.918919,16,2,3,0.864865,15,3,4,0.810811,15,3,4,0.810811,14,4,5,0.756757,6,12,13,0.324324,0,18,19,0.0,0,18,19,0.0
52,49,43,6,0.334179,0.500951,0.226087,31,12,18,0.673913,26,17,23,0.565217,22,21,27,0.478261,14,29,35,0.304348,7,36,42,0.152174,3,40,46,0.065217,1,42,48,0.021739,0,43,49,0.0,0,43,49,0.0,0,43,49,0.0
53,11,11,0,0.490885,0.658514,0.8,11,0,0,1.0,11,0,0,1.0,11,0,0,1.0,11,0,0,1.0,10,1,1,0.909091,10,1,1,0.909091,10,1,1,0.909091,10,1,1,0.909091,4,7,7,0.363636,0,11,11,0.0
54,13,13,0,0.613678,0.760596,0.746154,12,1,1,0.923077,12,1,1,0.923077,12,1,1,0.923077,12,1,1,0.923077,12,1,1,0.923077,12,1,1,0.923077,11,2,2,0.846154,9,4,4,0.692308,5,8,8,0.384615,0,13,13,0.0
55,13,14,1,0.707285,0.828549,0.666667,12,2,1,0.888889,12,2,1,0.888889,12,2,1,0.888889,12,2,1,0.888889,11,3,2,0.814815,10,4,3,0.740741,9,5,4,0.666667,6,8,7,0.444444,6,8,7,0.444444,0,14,13,0.0
56,16,14,2,0.364568,0.534335,0.48,13,1,3,0.866667,13,1,3,0.866667,13,1,3,0.866667,13,1,3,0.866667,11,3,5,0.733333,7,7,9,0.466667,2,12,14,0.133333,0,14,16,0.0,0,14,16,0.0,0,14,16,0.0
57,19,17,2,0.703817,0.826165,0.7,16,1,3,0.888889,16,1,3,0.888889,16,1,3,0.888889,16,1,3,0.888889,16,1,3,0.888889,15,2,4,0.833333,13,4,6,0.722222,10,7,9,0.555556,8,9,11,0.444444,0,17,19,0.0
58,15,14,1,0.514776,0.679673,0.627586,14,0,1,0.965517,14,0,1,0.965517,14,0,1,0.965517,14,0,1,0.965517,14,0,1,0.965517,11,3,4,0.758621,7,7,8,0.482759,3,11,12,0.206897,0,14,15,0.0,0,14,15,0.0
59,8,7,1,0.457233,0.627536,0.733333,7,0,1,0.933333,7,0,1,0.933333,7,0,1,0.933333,7,0,1,0.933333,7,0,1,0.933333,7,0,1,0.933333,6,1,2,0.8,6,1,2,0.8,1,6,7,0.133333,0,7,8,0.0
60,35,33,2,0.41395,0.585523,0.711765,33,0,2,0.970588,31,2,4,0.911765,31,2,4,0.911765,31,2,4,0.911765,31,2,4,0.911765,31,2,4,0.911765,27,6,8,0.794118,19,14,16,0.558824,8,25,27,0.235294,0,33,35,0.0
61,64,53,11,0.406198,0.577725,0.413675,43,10,21,0.735043,41,12,23,0.700855,38,15,26,0.649573,34,19,30,0.581197,29,24,35,0.495726,23,30,41,0.393162,17,36,47,0.290598,12,41,52,0.205128,4,49,60,0.068376,1,52,63,0.017094
62,21,16,5,0.290004,0.449617,0.324324,14,2,7,0.756757,11,5,10,0.594595,11,5,10,0.594595,9,7,12,0.486486,4,12,17,0.216216,4,12,17,0.216216,4,12,17,0.216216,2,14,19,0.108108,1,15,20,0.054054,0,16,21,0.0
63,14,14,0,0.73596,0.8479,0.828571,14,0,0,1.0,14,0,0,1.0,14,0,0,1.0,13,1,1,0.928571,13,1,1,0.928571,13,1,1,0.928571,13,1,1,0.928571,12,2,2,0.857143,9,5,5,0.642857,1,13,13,0.071429
64,9,9,0,0.475062,0.644125,0.833333,9,0,0,1.0,9,0,0,1.0,9,0,0,1.0,9,0,0,1.0,9,0,0,1.0,9,0,0,1.0,9,0,0,1.0,8,1,1,0.888889,4,5,5,0.444444,0,9,9,0.0
65,15,15,0,0.692727,0.818475,0.666667,13,2,2,0.866667,13,2,2,0.866667,13,2,2,0.866667,13,2,2,0.866667,12,3,3,0.8,12,3,3,0.8,11,4,4,0.733333,9,6,6,0.6,4,11,11,0.266667,0,15,15,0.0
66,10,12,2,0.511496,0.676808,0.709091,10,2,0,0.909091,10,2,0,0.909091,10,2,0,0.909091,10,2,0,0.909091,10,2,0,0.909091,10,2,0,0.909091,10,2,0,0.909091,7,5,3,0.636364,1,11,9,0.090909,0,12,10,0.0
67,8,11,3,0.608268,0.756426,0.547368,7,4,1,0.736842,7,4,1,0.736842,7,4,1,0.736842,7,4,1,0.736842,7,4,1,0.736842,7,4,1,0.736842,6,5,2,0.631579,3,8,5,0.315789,1,10,7,0.105263,0,11,8,0.0
68,8,8,0,0.383721,0.554622,0.75,8,0,0,1.0,8,0,0,1.0,8,0,0,1.0,8,0,0,1.0,8,0,0,1.0,7,1,1,0.875,7,1,1,0.875,3,5,5,0.375,3,5,5,0.375,0,8,8,0.0
69,13,11,2,0.391604,0.562809,0.591667,10,1,3,0.833333,10,1,3,0.833333,10,1,3,0.833333,10,1,3,0.833333,9,2,4,0.75,9,2,4,0.75,6,5,7,0.5,5,6,8,0.416667,2,9,11,0.166667,0,11,13,0.0
70,8,8,0,0.504206,0.670395,0.775,8,0,0,1.0,8,0,0,1.0,8,0,0,1.0,8,0,0,1.0,8,0,0,1.0,8,0,0,1.0,6,2,2,0.75,5,3,3,0.625,3,5,5,0.375,0,8,8,0.0
71,5,5,0,0.486043,0.654144,0.84,5,0,0,1.0,5,0,0,1.0,5,0,0,1.0,5,0,0,1.0,5,0,0,1.0,5,0,0,1.0,5,0,0,1.0,5,0,0,1.0,2,3,3,0.4,0,5,5,0.0
72,15,11,4,0.730546,0.844295,0.615385,10,1,5,0.769231,10,1,5,0.769231,9,2,6,0.692308,9,2,6,0.692308,9,2,6,0.692308,9,2,6,0.692308,9,2,6,0.692308,8,3,7,0.615385,6,5,9,0.461538,1,10,14,0.076923
73,10,14,4,0.69415,0.819467,0.458333,7,7,3,0.583333,7,7,3,0.583333,6,8,4,0.5,6,8,4,0.5,6,8,4,0.5,6,8,4,0.5,6,8,4,0.5,5,9,5,0.416667,5,9,5,0.416667,1,13,9,0.083333
74,10,9,1,0.430086,0.601483,0.768421,9,0,1,0.947368,9,0,1,0.947368,9,0,1,0.947368,9,0,1,0.947368,9,0,1,0.947368,8,1,2,0.842105,8,1,2,0.842105,7,2,3,0.736842,5,4,5,0.526316,0,9,10,0.0
75,38,36,2,0.365794,0.535651,0.291892,31,5,7,0.837838,28,8,10,0.756757,24,12,14,0.648649,14,22,24,0.378378,8,28,30,0.216216,2,34,36,0.054054,1,35,37,0.027027,0,36,38,0.0,0,36,38,0.0,0,36,38,0.0
76,1,1,0,0.382353,0.553191,0.8,1,0,0,1.0,1,0,0,1.0,1,0,0,1.0,1,0,0,1.0,1,0,0,1.0,1,0,0,1.0,1,0,0,1.0,1,0,0,1.0,0,1,1,0.0,0,1,1,0.0
77,41,38,3,0.433613,0.604924,0.670886,36,2,5,0.911392,35,3,6,0.886076,35,3,6,0.886076,32,6,9,0.810127,32,6,9,0.810127,32,6,9,0.810127,29,9,12,0.734177,22,16,19,0.556962,12,26,29,0.303797,0,38,41,0.0
78,14,11,3,0.74101,0.851242,0.712,10,1,4,0.8,10,1,4,0.8,10,1,4,0.8,10,1,4,0.8,10,1,4,0.8,10,1,4,0.8,10,1,4,0.8,9,2,5,0.72,7,4,7,0.56,3,8,11,0.24
79,12,16,4,0.682426,0.811241,0.421429,7,9,5,0.5,7,9,5,0.5,7,9,5,0.5,7,9,5,0.5,7,9,5,0.5,6,10,6,0.428571,6,10,6,0.428571,6,10,6,0.428571,6,10,6,0.428571,0,16,12,0.0
80,1,1,0,0.434944,0.606218,0.6,1,0,0,1.0,1,0,0,1.0,1,0,0,1.0,1,0,0,1.0,1,0,0,1.0,1,0,0,1.0,0,1,1,0.0,0,1,1,0.0,0,1,1,0.0,0,1,1,0.0
81,9,9,0,0.44393,0.614891,0.811111,9,0,0,1.0,9,0,0,1.0,9,0,0,1.0,9,0,0,1.0,9,0,0,1.0,9,0,0,1.0,8,1,1,0.888889,7,2,2,0.777778,4,5,5,0.444444,0,9,9,0.0
82,2,20,18,0.023945,0.04677,0.0,0,20,2,0.0,0,20,2,0.0,0,20,2,0.0,0,20,2,0.0,0,20,2,0.0,0,20,2,0.0,0,20,2,0.0,0,20,2,0.0,0,20,2,0.0,0,20,2,0.0
83,10,78,68,0.024161,0.047182,0.0,0,78,10,0.0,0,78,10,0.0,0,78,10,0.0,0,78,10,0.0,0,78,10,0.0,0,78,10,0.0,0,78,10,0.0,0,78,10,0.0,0,78,10,0.0,0,78,10,0.0
84,2,14,12,0.007895,0.015666,0.0,0,14,2,0.0,0,14,2,0.0,0,14,2,0.0,0,14,2,0.0,0,14,2,0.0,0,14,2,0.0,0,14,2,0.0,0,14,2,0.0,0,14,2,0.0,0,14,2,0.0
85,27,16,11,0.153001,0.265395,0.134884,7,9,20,0.325581,6,10,21,0.27907,5,11,22,0.232558,5,11,22,0.232558,4,12,23,0.186047,2,14,25,0.093023,0,16,27,0.0,0,16,27,0.0,0,16,27,0.0,0,16,27,0.0
86,17,28,11,0.394238,0.565525,0.075556,4,24,13,0.177778,4,24,13,0.177778,2,26,15,0.088889,2,26,15,0.088889,2,26,15,0.088889,2,26,15,0.088889,1,27,16,0.044444,0,28,17,0.0,0,28,17,0.0,0,28,17,0.0
87,20,26,6,0.522192,0.686105,0.317391,12,14,8,0.521739,12,14,8,0.521739,12,14,8,0.521739,11,15,9,0.478261,9,17,11,0.391304,9,17,11,0.391304,5,21,15,0.217391,3,23,17,0.130435,0,26,20,0.0,0,26,20,0.0
88,13,17,4,0.478431,0.647214,0.126667,3,14,10,0.2,3,14,10,0.2,2,15,11,0.133333,2,15,11,0.133333,2,15,11,0.133333,2,15,11,0.133333,2,15,11,0.133333,1,16,12,0.066667,1,16,12,0.066667,1,16,12,0.066667
89,60,42,18,0.227768,0.371028,0.127451,19,23,41,0.372549,18,24,42,0.352941,10,32,50,0.196078,8,34,52,0.156863,5,37,55,0.098039,3,39,57,0.058824,1,41,59,0.019608,1,41,59,0.019608,0,42,60,0.0,0,42,60,0.0
90,43,43,0,0.343796,0.511679,0.230233,17,26,26,0.395349,17,26,26,0.395349,16,27,27,0.372093,15,28,28,0.348837,13,30,30,0.302326,10,33,33,0.232558,8,35,35,0.186047,3,40,40,0.069767,0,43,43,0.0,0,43,43,0.0
91,30,22,8,0.686339,0.813999,0.046154,3,19,27,0.115385,2,20,28,0.076923,2,20,28,0.076923,2,20,28,0.076923,2,20,28,0.076923,1,21,29,0.038462,0,22,30,0.0,0,22,30,0.0,0,22,30,0.0,0,22,30,0.0
92,48,58,10,0.402622,0.574099,0.126415,16,42,32,0.301887,13,45,35,0.245283,11,47,37,0.207547,9,49,39,0.169811,6,52,42,0.113208,6,52,42,0.113208,3,55,45,0.056604,2,56,46,0.037736,1,57,47,0.018868,0,58,48,0.0
93,44,59,15,0.356167,0.525255,0.205825,21,38,23,0.407767,19,40,25,0.368932,14,45,30,0.271845,13,46,31,0.252427,11,48,33,0.213592,11,48,33,0.213592,9,50,35,0.174757,7,52,37,0.135922,1,58,43,0.019417,0,59,44,0.0
94,12,22,10,0.430105,0.601501,0.082353,4,18,8,0.235294,4,18,8,0.235294,1,21,11,0.058824,1,21,11,0.058824,1,21,11,0.058824,1,21,11,0.058824,1,21,11,0.058824,1,21,11,0.058824,0,22,12,0.0,0,22,12,0.0
95,61,71,10,0.357823,0.527054,0.174242,20,51,41,0.30303,19,52,42,0.287879,18,53,43,0.272727,15,56,46,0.227273,14,57,47,0.212121,14,57,47,0.212121,10,61,51,0.151515,4,67,57,0.060606,1,70,60,0.015152,0,71,61,0.0
96,11,12,1,0.343815,0.5117,0.078261,3,9,8,0.26087,3,9,8,0.26087,3,9,8,0.26087,0,12,11,0.0,0,12,11,0.0,0,12,11,0.0,0,12,11,0.0,0,12,11,0.0,0,12,11,0.0,0,12,11,0.0
97,24,15,9,0.081032,0.149916,0.061538,5,10,19,0.25641,4,11,20,0.205128,3,12,21,0.153846,0,15,24,0.0,0,15,24,0.0,0,15,24,0.0,0,15,24,0.0,0,15,24,0.0,0,15,24,0.0,0,15,24,0.0
98,30,43,13,0.18845,0.317135,0.167123,12,31,18,0.328767,12,31,18,0.328767,12,31,18,0.328767,9,34,21,0.246575,7,36,23,0.191781,6,37,24,0.164384,3,40,27,0.082192,0,43,30,0.0,0,43,30,0.0,0,43,30,0.0
99,95,71,24,0.609433,0.757326,0.128916,30,41,65,0.361446,22,49,73,0.26506,22,49,73,0.26506,15,56,80,0.180723,12,59,83,0.144578,4,67,91,0.048193,2,69,93,0.024096,0,71,95,0.0,0,71,95,0.0,0,71,95,0.0
100,90,78,12,0.395021,0.56633,0.239286,49,29,41,0.583333,43,35,47,0.511905,36,42,54,0.428571,30,48,60,0.357143,20,58,70,0.238095,12,66,78,0.142857,8,70,82,0.095238,3,75,87,0.035714,0,78,90,0.0,0,78,90,0.0
0,11,11,0,0.474488,0.643597,0.836364,11,0,0,1.0,11,0,0,1.0,11,0,0,1.0,11,0,0,1.0,11,0,0,1.0,10,1,1,0.909091,9,2,2,0.818182,9,2,2,0.818182,7,4,4,0.636364,2,9,9,0.181818
1,9,9,0,0.395926,0.567259,0.777778,9,0,0,1.0,9,0,0,1.0,9,0,0,1.0,9,0,0,1.0,9,0,0,1.0,9,0,0,1.0,8,1,1,0.888889,5,4,4,0.555556,2,7,7,0.222222,1,8,8,0.111111
2,52,55,3,0.649341,0.787394,0.317757,30,25,22,0.560748,28,27,24,0.523364,23,32,29,0.429907,22,33,30,0.411215,21,34,31,0.392523,20,35,32,0.373832,14,41,38,0.261682,11,44,41,0.205607,1,54,51,0.018692,0,55,52,0.0
3,9,9,0,0.435568,0.606823,0.822222,9,0,0,1.0,9,0,0,1.0,9,0,0,1.0,9,0,0,1.0,9,0,0,1.0,9,0,0,1.0,8,1,1,0.888889,7,2,2,0.777778,4,5,5,0.444444,1,8,8,0.111111
4,65,68,3,0.541714,0.702742,0.702256,63,5,2,0.947368,63,5,2,0.947368,62,6,3,0.932331,62,6,3,0.932331,60,8,5,0.902256,57,11,8,0.857143,49,19,16,0.736842,36,32,29,0.541353,15,53,50,0.225564,0,68,65,0.0
5,18,18,0,0.745251,0.854033,0.772222,17,1,1,0.944444,17,1,1,0.944444,16,2,2,0.888889,16,2,2,0.888889,14,4,4,0.777778,14,4,4,0.777778,13,5,5,0.722222,13,5,5,0.722222,12,6,6,0.666667,7,11,11,0.388889
6,58,52,6,0.352236,0.520968,0.561818,47,5,11,0.854545,47,5,11,0.854545,46,6,12,0.836364,45,7,13,0.818182,44,8,14,0.8,35,17,23,0.636364,23,29,35,0.418182,13,39,45,0.236364,8,44,50,0.145455,1,51,57,0.018182
7,11,11,0,0.439586,0.610712,0.563636,10,1,1,0.909091,9,2,2,0.818182,9,2,2,0.818182,9,2,2,0.818182,9,2,2,0.818182,7,4,4,0.636364,5,6,6,0.454545,4,7,7,0.363636,0,11,11,0.0,0,11,11,0.0
8,12,9,3,0.724474,0.840226,0.657143,9,0,3,0.857143,8,1,4,0.761905,8,1,4,0.761905,8,1,4,0.761905,8,1,4,0.761905,8,1,4,0.761905,7,2,5,0.666667,7,2,5,0.666667,4,5,8,0.380952,2,7,10,0.190476
9,19,20,1,0.330388,0.496679,0.4,15,5,4,0.769231,15,5,4,0.769231,14,6,5,0.717949,11,9,8,0.564103,8,12,11,0.410256,7,13,12,0.358974,4,16,15,0.205128,2,18,17,0.102564,2,18,17,0.102564,0,20,19,0.0
10,43,42,1,0.404039,0.575539,0.661176,41,1,2,0.964706,41,1,2,0.964706,41,1,2,0.964706,40,2,3,0.941176,39,3,4,0.917647,34,8,9,0.8,24,18,19,0.564706,14,28,29,0.329412,6,36,37,0.141176,1,41,42,0.023529
11,7,7,0,0.614542,0.761259,0.828571,7,0,0,1.0,7,0,0,1.0,7,0,0,1.0,7,0,0,1.0,7,0,0,1.0,7,0,0,1.0,6,1,1,0.857143,6,1,1,0.857143,3,4,4,0.428571,1,6,6,0.142857
12,77,77,0,0.393791,0.565065,0.255844,41,36,36,0.532468,37,40,40,0.480519,29,48,48,0.376623,27,50,50,0.350649,23,54,54,0.298701,18,59,59,0.233766,15,62,62,0.194805,5,72,72,0.064935,2,75,75,0.025974,0,77,77,0.0
13,37,36,1,0.400054,0.571484,0.684932,36,0,1,0.986301,36,0,1,0.986301,36,0,1,0.986301,35,1,2,0.958904,33,3,4,0.90411,30,6,7,0.821918,25,11,12,0.684932,14,22,23,0.383562,5,31,32,0.136986,0,36,37,0.0
14,56,47,9,0.410759,0.582324,0.456311,41,6,15,0.796117,39,8,17,0.757282,37,10,19,0.718447,35,12,21,0.679612,31,16,25,0.601942,26,21,30,0.504854,17,30,39,0.330097,8,39,48,0.15534,1,46,55,0.019417,0,47,56,0.0
15,17,16,1,0.651785,0.789189,0.915152,16,0,1,0.969697,16,0,1,0.969697,16,0,1,0.969697,16,0,1,0.969697,16,0,1,0.969697,16,0,1,0.969697,16,0,1,0.969697,16,0,1,0.969697,15,1,2,0.909091,8,8,9,0.484848
16,9,8,1,0.751429,0.858075,0.835294,8,0,1,0.941176,8,0,1,0.941176,8,0,1,0.941176,8,0,1,0.941176,8,0,1,0.941176,8,0,1,0.941176,8,0,1,0.941176,7,1,2,0.823529,7,1,2,0.823529,1,7,8,0.117647
17,21,17,4,0.46726,0.636915,0.6,15,2,6,0.789474,15,2,6,0.789474,15,2,6,0.789474,15,2,6,0.789474,15,2,6,0.789474,15,2,6,0.789474,12,5,9,0.631579,9,8,12,0.473684,3,14,18,0.157895,0,17,21,0.0
18,51,47,4,0.34846,0.516827,0.263265,42,5,9,0.857143,34,13,17,0.693878,27,20,24,0.55102,12,35,39,0.244898,9,38,42,0.183673,4,43,47,0.081633,1,46,50,0.020408,0,47,51,0.0,0,47,51,0.0,0,47,51,0.0
19,28,22,6,0.581621,0.735475,0.56,20,2,8,0.8,19,3,9,0.76,18,4,10,0.72,18,4,10,0.72,18,4,10,0.72,17,5,11,0.68,13,9,15,0.52,11,11,17,0.44,6,16,22,0.24,0,22,28,0.0
20,25,22,3,0.654823,0.791412,0.846809,22,0,3,0.93617,22,0,3,0.93617,22,0,3,0.93617,21,1,4,0.893617,21,1,4,0.893617,21,1,4,0.893617,21,1,4,0.893617,20,2,5,0.851064,18,4,7,0.765957,11,11,14,0.468085
21,40,37,3,0.384948,0.555902,0.246753,26,11,14,0.675325,24,13,16,0.623377,21,16,19,0.545455,13,24,27,0.337662,9,28,31,0.233766,2,35,38,0.051948,0,37,40,0.0,0,37,40,0.0,0,37,40,0.0,0,37,40,0.0
22,22,21,1,0.424043,0.595548,0.772093,21,0,1,0.976744,21,0,1,0.976744,21,0,1,0.976744,21,0,1,0.976744,21,0,1,0.976744,19,2,3,0.883721,18,3,4,0.837209,14,7,8,0.651163,8,13,14,0.372093,2,19,20,0.093023
23,54,55,1,0.356062,0.525141,0.231193,40,15,14,0.733945,37,18,17,0.678899,26,29,28,0.477064,15,40,39,0.275229,5,50,49,0.091743,3,52,51,0.055046,0,55,54,0.0,0,55,54,0.0,0,55,54,0.0,0,55,54,0.0
24,33,33,0,0.590926,0.74287,0.69697,30,3,3,0.909091,30,3,3,0.909091,29,4,4,0.878788,28,5,5,0.848485,28,5,5,0.848485,27,6,6,0.818182,26,7,7,0.787879,19,14,14,0.575758,10,23,23,0.30303,3,30,30,0.090909
25,9,14,5,0.749272,0.856667,0.686957,9,5,0,0.782609,9,5,0,0.782609,9,5,0,0.782609,9,5,0,0.782609,9,5,0,0.782609,9,5,0,0.782609,9,5,0,0.782609,7,7,2,0.608696,6,8,3,0.521739,3,11,6,0.26087
26,14,13,1,0.372326,0.542621,0.540741,12,1,2,0.888889,11,2,3,0.814815,11,2,3,0.814815,10,3,4,0.740741,10,3,4,0.740741,10,3,4,0.740741,7,6,7,0.518519,2,11,12,0.148148,0,13,14,0.0,0,13,14,0.0
27,73,68,5,0.309219,0.472372,0.480851,67,1,6,0.950355,66,2,7,0.93617,63,5,10,0.893617,51,17,22,0.723404,44,24,29,0.624113,28,40,45,0.397163,14,54,59,0.198582,5,63,68,0.070922,1,67,72,0.014184,0,68,73,0.0
28,8,10,2,0.387097,0.55814,0.488889,6,4,2,0.666667,6,4,2,0.666667,6,4,2,0.666667,6,4,2,0.666667,6,4,2,0.666667,6,4,2,0.666667,4,6,4,0.444444,3,7,5,0.333333,1,9,7,0.111111,0,10,8,0.0
29,4,3,1,0.802545,0.890458,0.8,3,0,1,0.857143,3,0,1,0.857143,3,0,1,0.857143,3,0,1,0.857143,3,0,1,0.857143,3,0,1,0.857143,3,0,1,0.857143,3,0,1,0.857143,2,1,2,0.571429,2,1,2,0.571429
30,12,16,4,0.610235,0.757945,0.371429,10,6,2,0.714286,9,7,3,0.642857,6,10,6,0.428571,6,10,6,0.428571,6,10,6,0.428571,6,10,6,0.428571,5,11,7,0.357143,3,13,9,0.214286,1,15,11,0.071429,0,16,12,0.0
31,28,25,3,0.484332,0.652592,0.69434,25,0,3,0.943396,25,0,3,0.943396,25,0,3,0.943396,25,0,3,0.943396,25,0,3,0.943396,25,0,3,0.943396,20,5,8,0.754717,13,12,15,0.490566,1,24,27,0.037736,0,25,28,0.0
32,4,5,1,0.759386,0.86324,0.866667,4,1,0,0.888889,4,1,0,0.888889,4,1,0,0.888889,4,1,0,0.888889,4,1,0,0.888889,4,1,0,0.888889,4,1,0,0.888889,4,1,0,0.888889,4,1,0,0.888889,3,2,1,0.666667
33,27,26,1,0.48326,0.651619,0.701887,24,2,3,0.90566,24,2,3,0.90566,24,2,3,0.90566,24,2,3,0.90566,24,2,3,0.90566,23,3,4,0.867925,23,3,4,0.867925,19,7,8,0.716981,1,25,26,0.037736,0,26,27,0.0
34,12,12,0,0.463253,0.633182,0.808333,12,0,0,1.0,12,0,0,1.0,12,0,0,1.0,12,0,0,1.0,12,0,0,1.0,12,0,0,1.0,11,1,1,0.916667,8,4,4,0.666667,6,6,6,0.5,0,12,12,0.0
35,13,9,4,0.742846,0.852452,0.627273,9,0,4,0.818182,9,0,4,0.818182,9,0,4,0.818182,7,2,6,0.636364,7,2,6,0.636364,6,3,7,0.545455,6,3,7,0.545455,6,3,7,0.545455,6,3,7,0.545455,4,5,9,0.363636
36,17,16,1,0.428084,0.599522,0.666667,16,0,1,0.969697,16,0,1,0.969697,16,0,1,0.969697,15,1,2,0.909091,14,2,3,0.848485,13,3,4,0.787879,11,5,6,0.666667,7,9,10,0.424242,2,14,15,0.121212,0,16,17,0.0
37,8,8,0,0.404896,0.576408,0.5875,8,0,0,1.0,7,1,1,0.875,7,1,1,0.875,7,1,1,0.875,7,1,1,0.875,5,3,3,0.625,3,5,5,0.375,2,6,6,0.25,1,7,7,0.125,0,8,8,0.0
38,14,13,1,0.697499,0.821796,0.585185,9,4,5,0.666667,9,4,5,0.666667,9,4,5,0.666667,9,4,5,0.666667,9,4,5,0.666667,9,4,5,0.666667,9,4,5,0.666667,8,5,6,0.592593,7,6,7,0.518519,1,12,13,0.074074
39,65,53,12,0.261441,0.414512,0.355932,43,10,22,0.728814,41,12,24,0.694915,37,16,28,0.627119,32,21,33,0.542373,27,26,38,0.457627,20,33,45,0.338983,8,45,57,0.135593,2,51,63,0.033898,0,53,65,0.0,0,53,65,0.0
40,86,83,3,0.281993,0.439929,0.385799,68,15,18,0.804734,65,18,21,0.769231,59,24,27,0.698225,51,32,35,0.60355,41,42,45,0.485207,30,53,56,0.35503,9,74,77,0.106509,3,80,83,0.035503,0,83,86,0.0,0,83,86,0.0
41,16,16,0,0.684815,0.812926,0.925,16,0,0,1.0,16,0,0,1.0,16,0,0,1.0,16,0,0,1.0,16,0,0,1.0,16,0,0,1.0,16,0,0,1.0,14,2,2,0.875,14,2,2,0.875,8,8,8,0.5
42,46,46,0,0.385277,0.556245,0.523913,41,5,5,0.891304,40,6,6,0.869565,38,8,8,0.826087,36,10,10,0.782609,33,13,13,0.717391,26,20,20,0.565217,17,29,29,0.369565,8,38,38,0.173913,2,44,44,0.043478,0,46,46,0.0
43,10,12,2,0.412349,0.583919,0.518182,8,4,2,0.727273,8,4,2,0.727273,8,4,2,0.727273,8,4,2,0.727273,8,4,2,0.727273,7,5,3,0.636364,6,6,4,0.545455,4,8,6,0.363636,0,12,10,0.0,0,12,10,0.0
44,21,15,6,0.33909,0.506448,0.405556,13,2,8,0.722222,11,4,10,0.611111,10,5,11,0.555556,9,6,12,0.5,9,6,12,0.5,9,6,12,0.5,8,7,13,0.444444,4,11,17,0.222222,0,15,21,0.0,0,15,21,0.0
45,46,43,3,0.398898,0.570303,0.635955,42,1,4,0.94382,42,1,4,0.94382,42,1,4,0.94382,40,3,6,0.898876,39,4,7,0.876404,36,7,10,0.808989,30,13,16,0.674157,11,32,35,0.247191,1,42,45,0.022472,0,43,46,0.0
46,8,8,0,0.426257,0.597729,0.6375,8,0,0,1.0,8,0,0,1.0,7,1,1,0.875,7,1,1,0.875,6,2,2,0.75,6,2,2,0.75,5,3,3,0.625,4,4,4,0.5,0,8,8,0.0,0,8,8,0.0
47,10,10,0,0.414773,0.586345,0.72,10,0,0,1.0,9,1,1,0.9,9,1,1,0.9,9,1,1,0.9,9,1,1,0.9,8,2,2,0.8,8,2,2,0.8,6,4,4,0.6,3,7,7,0.3,1,9,9,0.1
48,30,25,5,0.228793,0.372387,0.210909,16,9,14,0.581818,12,13,18,0.436364,10,15,20,0.363636,7,18,23,0.254545,3,22,27,0.109091,3,22,27,0.109091,3,22,27,0.109091,2,23,28,0.072727,2,23,28,0.072727,0,25,30,0.0
49,2,4,2,0.288499,0.447806,0.1,1,3,1,0.333333,1,3,1,0.333333,1,3,1,0.333333,0,4,2,0.0,0,4,2,0.0,0,4,2,0.0,0,4,2,0.0,0,4,2,0.0,0,4,2,0.0,0,4,2,0.0
50,13,13,0,0.380208,0.550943,0.638462,13,0,0,1.0,13,0,0,1.0,13,0,0,1.0,13,0,0,1.0,12,1,1,0.923077,8,5,5,0.615385,7,6,6,0.538462,3,10,10,0.230769,1,12,12,0.076923,0,13,13,0.0
51,19,18,1,0.503499,0.669769,0.686486,18,0,1,0.972973,17,1,2,0.918919,17,1,2,0.918919,17,1,2,0.918919,17,1,2,0.918919,17,1,2,0.918919,13,5,6,0.702703,8,10,11,0.432432,3,15,16,0.162162,0,18,19,0.0
52,49,43,6,0.353412,0.522253,0.234783,33,10,16,0.717391,27,16,22,0.586957,22,21,27,0.478261,14,29,35,0.304348,6,37,43,0.130435,3,40,46,0.065217,2,41,47,0.043478,1,42,48,0.021739,0,43,49,0.0,0,43,49,0.0
53,11,11,0,0.501863,0.66832,0.918182,11,0,0,1.0,11,0,0,1.0,11,0,0,1.0,11,0,0,1.0,11,0,0,1.0,11,0,0,1.0,11,0,0,1.0,11,0,0,1.0,9,2,2,0.818182,4,7,7,0.363636
54,13,13,0,0.71495,0.833785,0.853846,13,0,0,1.0,13,0,0,1.0,13,0,0,1.0,13,0,0,1.0,13,0,0,1.0,12,1,1,0.923077,11,2,2,0.846154,10,3,3,0.769231,10,3,3,0.769231,3,10,10,0.230769
55,13,12,1,0.735976,0.84791,0.76,12,0,1,0.96,12,0,1,0.96,12,0,1,0.96,12,0,1,0.96,11,1,2,0.88,11,1,2,0.88,9,3,4,0.72,8,4,5,0.64,7,5,6,0.56,1,11,12,0.08
56,16,14,2,0.349439,0.517902,0.386667,12,2,4,0.8,12,2,4,0.8,11,3,5,0.733333,9,5,7,0.6,9,5,7,0.6,4,10,12,0.266667,1,13,15,0.066667,0,14,16,0.0,0,14,16,0.0,0,14,16,0.0
57,19,15,4,0.742722,0.85237,0.764706,15,0,4,0.882353,15,0,4,0.882353,15,0,4,0.882353,15,0,4,0.882353,15,0,4,0.882353,14,1,5,0.823529,13,2,6,0.764706,12,3,7,0.705882,12,3,7,0.705882,4,11,15,0.235294
58,15,14,1,0.535416,0.697422,0.717241,14,0,1,0.965517,14,0,1,0.965517,14,0,1,0.965517,14,0,1,0.965517,14,0,1,0.965517,13,1,2,0.896552,11,3,4,0.758621,7,7,8,0.482759,3,11,12,0.206897,0,14,15,0.0
59,8,7,1,0.446271,0.617133,0.786667,7,0,1,0.933333,7,0,1,0.933333,7,0,1,0.933333,7,0,1,0.933333,7,0,1,0.933333,7,0,1,0.933333,7,0,1,0.933333,5,2,3,0.666667,4,3,4,0.533333,1,6,7,0.133333
60,35,32,3,0.393646,0.564916,0.629851,32,0,3,0.955224,31,1,4,0.925373,31,1,4,0.925373,31,1,4,0.925373,31,1,4,0.925373,28,4,7,0.835821,20,12,15,0.597015,6,26,29,0.179104,1,31,34,0.029851,0,32,35,0.0
61,64,55,9,0.385452,0.556428,0.401681,44,11,20,0.739496,43,12,21,0.722689,39,16,25,0.655462,36,19,28,0.605042,31,24,33,0.521008,21,34,43,0.352941,12,43,52,0.201681,9,46,55,0.151261,4,51,60,0.067227,0,55,64,0.0
62,21,17,4,0.299669,0.461147,0.273684,11,6,10,0.578947,11,6,10,0.578947,10,7,11,0.526316,8,9,13,0.421053,6,11,15,0.315789,3,14,18,0.157895,2,15,19,0.105263,1,16,20,0.052632,0,17,21,0.0,0,17,21,0.0
63,14,15,1,0.763826,0.866101,0.765517,13,2,1,0.896552,12,3,2,0.827586,12,3,2,0.827586,12,3,2,0.827586,12,3,2,0.827586,12,3,2,0.827586,12,3,2,0.827586,12,3,2,0.827586,11,4,3,0.758621,3,12,11,0.206897
64,9,9,0,0.479012,0.647746,0.922222,9,0,0,1.0,9,0,0,1.0,9,0,0,1.0,9,0,0,1.0,9,0,0,1.0,9,0,0,1.0,9,0,0,1.0,9,0,0,1.0,8,1,1,0.888889,3,6,6,0.333333
65,15,14,1,0.731216,0.844743,0.758621,13,1,2,0.896552,13,1,2,0.896552,13,1,2,0.896552,13,1,2,0.896552,13,1,2,0.896552,13,1,2,0.896552,12,2,3,0.827586,12,2,3,0.827586,6,8,9,0.413793,2,12,13,0.137931
66,10,10,0,0.491584,0.659143,0.78,10,0,0,1.0,10,0,0,1.0,10,0,0,1.0,10,0,0,1.0,10,0,0,1.0,10,0,0,1.0,9,1,1,0.9,6,4,4,0.6,2,8,8,0.2,1,9,9,0.1
67,8,9,1,0.665537,0.799186,0.564706,7,2,1,0.823529,6,3,2,0.705882,6,3,2,0.705882,6,3,2,0.705882,6,3,2,0.705882,6,3,2,0.705882,6,3,2,0.705882,4,5,4,0.470588,1,8,7,0.117647,0,9,8,0.0
68,8,8,0,0.393754,0.565026,0.7375,8,0,0,1.0,8,0,0,1.0,8,0,0,1.0,8,0,0,1.0,8,0,0,1.0,5,3,3,0.625,5,3,3,0.625,4,4,4,0.5,4,4,4,0.5,1,7,7,0.125
69,13,11,2,0.397835,0.569216,0.566667,10,1,3,0.833333,10,1,3,0.833333,10,1,3,0.833333,9,2,4,0.75,9,2,4,0.75,9,2,4,0.75,7,4,6,0.583333,4,7,9,0.333333,0,11,13,0.0,0,11,13,0.0
70,8,7,1,0.497664,0.664587,0.84,7,0,1,0.933333,7,0,1,0.933333,7,0,1,0.933333,7,0,1,0.933333,7,0,1,0.933333,7,0,1,0.933333,7,0,1,0.933333,7,0,1,0.933333,6,1,2,0.8,1,6,7,0.133333
71,5,5,0,0.493432,0.660803,0.96,5,0,0,1.0,5,0,0,1.0,5,0,0,1.0,5,0,0,1.0,5,0,0,1.0,5,0,0,1.0,5,0,0,1.0,5,0,0,1.0,5,0,0,1.0,3,2,2,0.6
72,15,11,4,0.757276,0.861875,0.653846,10,1,5,0.769231,10,1,5,0.769231,9,2,6,0.692308,9,2,6,0.692308,9,2,6,0.692308,9,2,6,0.692308,9,2,6,0.692308,9,2,6,0.692308,8,3,7,0.615385,3,8,12,0.230769
73,10,7,3,0.764303,0.866408,0.588235,6,1,4,0.705882,5,2,5,0.588235,5,2,5,0.588235,5,2,5,0.588235,5,2,5,0.588235,5,2,5,0.588235,5,2,5,0.588235,5,2,5,0.588235,5,2,5,0.588235,4,3,6,0.470588
74,10,9,1,0.43261,0.603946,0.821053,9,0,1,0.947368,9,0,1,0.947368,9,0,1,0.947368,9,0,1,0.947368,9,0,1,0.947368,9,0,1,0.947368,9,0,1,0.947368,8,1,2,0.842105,5,4,5,0.526316,2,7,8,0.210526
75,38,36,2,0.383264,0.554144,0.259459,30,6,8,0.810811,26,10,12,0.702703,21,15,17,0.567568,10,26,28,0.27027,5,31,33,0.135135,3,33,35,0.081081,1,35,37,0.027027,0,36,38,0.0,0,36,38,0.0,0,36,38,0.0
76,1,1,0,0.405882,0.577406,0.8,1,0,0,1.0,1,0,0,1.0,1,0,0,1.0,1,0,0,1.0,1,0,0,1.0,1,0,0,1.0,1,0,0,1.0,1,0,0,1.0,0,1,1,0.0,0,1,1,0.0
77,41,39,2,0.414634,0.586207,0.6425,37,2,4,0.925,37,2,4,0.925,36,3,5,0.9,34,5,7,0.85,34,5,7,0.85,32,7,9,0.8,24,15,17,0.6,13,26,28,0.325,8,31,33,0.2,2,37,39,0.05
78,14,10,4,0.755324,0.860609,0.8,10,0,4,0.833333,10,0,4,0.833333,10,0,4,0.833333,10,0,4,0.833333,10,0,4,0.833333,10,0,4,0.833333,10,0,4,0.833333,10,0,4,0.833333,9,1,5,0.75,7,3,7,0.583333
79,12,9,3,0.786171,0.880286,0.828571,9,0,3,0.857143,9,0,3,0.857143,9,0,3,0.857143,9,0,3,0.857143,9,0,3,0.857143,9,0,3,0.857143,9,0,3,0.857143,9,0,3,0.857143,9,0,3,0.857143,6,3,6,0.571429
80,1,1,0,0.418868,0.590426,0.6,1,0,0,1.0,1,0,0,1.0,1,0,0,1.0,1,0,0,1.0,1,0,0,1.0,1,0,0,1.0,0,1,1,0.0,0,1,1,0.0,0,1,1,0.0,0,1,1,0.0
81,9,9,0,0.429661,0.601067,0.688889,9,0,0,1.0,9,0,0,1.0,9,0,0,1.0,9,0,0,1.0,9,0,0,1.0,8,1,1,0.888889,5,4,4,0.555556,3,6,6,0.333333,1,8,8,0.111111,0,9,9,0.0
82,2,3,1,0.038265,0.07371,0.0,0,3,2,0.0,0,3,2,0.0,0,3,2,0.0,0,3,2,0.0,0,3,2,0.0,0,3,2,0.0,0,3,2,0.0,0,3,2,0.0,0,3,2,0.0,0,3,2,0.0
83,10,2,8,0.036753,0.070901,0.0,0,2,10,0.0,0,2,10,0.0,0,2,10,0.0,0,2,10,0.0,0,2,10,0.0,0,2,10,0.0,0,2,10,0.0,0,2,10,0.0,0,2,10,0.0,0,2,10,0.0
84,2,0,2,0.0,0.0,0.0,0,0,2,0.0,0,0,2,0.0,0,0,2,0.0,0,0,2,0.0,0,0,2,0.0,0,0,2,0.0,0,0,2,0.0,0,0,2,0.0,0,0,2,0.0,0,0,2,0.0
85,27,23,4,0.301709,0.463558,0.376,19,4,8,0.76,16,7,11,0.64,14,9,13,0.56,13,10,14,0.52,11,12,16,0.44,8,15,19,0.32,7,16,20,0.28,4,19,23,0.16,2,21,25,0.08,0,23,27,0.0
86,17,43,26,0.455367,0.625776,0.106667,6,37,11,0.2,6,37,11,0.2,6,37,11,0.2,4,39,13,0.133333,3,40,14,0.1,3,40,14,0.1,2,41,15,0.066667,1,42,16,0.033333,1,42,16,0.033333,0,43,17,0.0
87,20,33,13,0.558264,0.71652,0.350943,15,18,5,0.566038,14,19,6,0.528302,12,21,8,0.45283,12,21,8,0.45283,12,21,8,0.45283,9,24,11,0.339623,9,24,11,0.339623,8,25,12,0.301887,2,31,18,0.075472,0,33,20,0.0
88,13,22,9,0.542084,0.703054,0.16,4,18,9,0.228571,4,18,9,0.228571,4,18,9,0.228571,4,18,9,0.228571,4,18,9,0.228571,4,18,9,0.228571,1,21,12,0.057143,1,21,12,0.057143,1,21,12,0.057143,1,21,12,0.057143
89,60,62,2,0.326722,0.492525,0.222951,27,35,33,0.442623,25,37,35,0.409836,24,38,36,0.393443,20,42,40,0.327869,16,46,44,0.262295,15,47,45,0.245902,6,56,54,0.098361,2,60,58,0.032787,1,61,59,0.016393,0,62,60,0.0
90,43,40,3,0.504336,0.67051,0.438554,31,9,12,0.746988,30,10,13,0.722892,29,11,14,0.698795,27,13,16,0.650602,22,18,21,0.53012,17,23,26,0.409639,13,27,30,0.313253,9,31,34,0.216867,4,36,39,0.096386,0,40,43,0.0
91,30,26,4,0.700949,0.824186,0.078571,5,21,25,0.178571,4,22,26,0.142857,3,23,27,0.107143,3,23,27,0.107143,2,24,28,0.071429,2,24,28,0.071429,2,24,28,0.071429,1,25,29,0.035714,0,26,30,0.0,0,26,30,0.0
92,48,43,5,0.5529,0.712087,0.43956,30,13,18,0.659341,30,13,18,0.659341,29,14,19,0.637363,26,17,22,0.571429,24,19,24,0.527473,22,21,26,0.483516,19,24,29,0.417582,15,28,33,0.32967,5,38,43,0.10989,0,43,48,0.0
93,44,45,1,0.494471,0.661734,0.4,33,12,11,0.741573,29,16,15,0.651685,27,18,17,0.606742,23,22,21,0.516854,18,27,26,0.404494,16,29,28,0.359551,15,30,29,0.337079,10,35,34,0.224719,7,38,37,0.157303,0,45,44,0.0
94,12,29,17,0.525742,0.689163,0.131707,7,22,5,0.341463,6,23,6,0.292683,5,24,7,0.243902,4,25,8,0.195122,2,27,10,0.097561,1,28,11,0.04878,1,28,11,0.04878,1,28,11,0.04878,0,29,12,0.0,0,29,12,0.0
95,61,52,9,0.485622,0.653762,0.419469,40,12,21,0.707965,39,13,22,0.690265,35,17,26,0.619469,33,19,28,0.584071,31,21,30,0.548673,27,25,34,0.477876,21,31,40,0.371681,9,43,52,0.159292,1,51,60,0.017699,1,51,60,0.017699
96,11,16,5,0.410393,0.581956,0.074074,4,12,7,0.296296,4,12,7,0.296296,2,14,9,0.148148,0,16,11,0.0,0,16,11,0.0,0,16,11,0.0,0,16,11,0.0,0,16,11,0.0,0,16,11,0.0,0,16,11,0.0
97,24,38,14,0.22472,0.366974,0.187097,12,26,12,0.387097,11,27,13,0.354839,10,28,14,0.322581,9,29,15,0.290323,7,31,17,0.225806,5,33,19,0.16129,3,35,21,0.096774,1,37,23,0.032258,0,38,24,0.0,0,38,24,0.0
98,30,43,13,0.314207,0.47817,0.241096,16,27,14,0.438356,14,29,16,0.383562,14,29,16,0.383562,13,30,17,0.356164,12,31,18,0.328767,9,34,21,0.246575,7,36,23,0.191781,3,40,27,0.082192,0,43,30,0.0,0,43,30,0.0
99,95,78,17,0.633371,0.775538,0.16763,36,42,59,0.416185,28,50,67,0.323699,25,53,70,0.289017,20,58,75,0.231214,17,61,78,0.196532,11,67,84,0.127168,7,71,88,0.080925,1,77,94,0.011561,0,78,95,0.0,0,78,95,0.0
100,90,82,8,0.457699,0.627975,0.35814,58,24,32,0.674419,54,28,36,0.627907,51,31,39,0.593023,47,35,43,0.546512,37,45,53,0.430233,26,56,64,0.302326,18,64,72,0.209302,13,69,77,0.151163,4,78,86,0.046512,0,82,90,0.0
0,11,11,0,0.437244,0.608448,0.709091,11,0,0,1.0,11,0,0,1.0,11,0,0,1.0,11,0,0,1.0,10,1,1,0.909091,9,2,2,0.818182,9,2,2,0.818182,5,6,6,0.454545,1,10,10,0.090909,0,11,11,0.0
1,9,8,1,0.348186,0.516525,0.611765,8,0,1,0.941176,8,0,1,0.941176,8,0,1,0.941176,7,1,2,0.823529,7,1,2,0.823529,7,1,2,0.823529,5,3,4,0.588235,2,6,7,0.235294,0,8,9,0.0,0,8,9,0.0
2,52,99,47,0.537526,0.699209,0.229139,32,67,20,0.423841,29,70,23,0.384106,28,71,24,0.370861,27,72,25,0.357616,21,78,31,0.278146,16,83,36,0.211921,14,85,38,0.18543,6,93,46,0.07947,0,99,52,0.0,0,99,52,0.0
3,9,9,0,0.38564,0.556623,0.666667,9,0,0,1.0,9,0,0,1.0,9,0,0,1.0,9,0,0,1.0,9,0,0,1.0,7,2,2,0.777778,5,4,4,0.555556,2,7,7,0.222222,1,8,8,0.111111,0,9,9,0.0
4,65,71,6,0.454242,0.624713,0.619118,62,9,3,0.911765,61,10,4,0.897059,59,12,6,0.867647,55,16,10,0.808824,53,18,12,0.779412,49,22,16,0.720588,43,28,22,0.632353,29,42,36,0.426471,10,61,55,0.147059,0,71,65,0.0
5,18,18,0,0.699906,0.823464,0.727778,17,1,1,0.944444,16,2,2,0.888889,16,2,2,0.888889,15,3,3,0.833333,14,4,4,0.777778,14,4,4,0.777778,14,4,4,0.777778,13,5,5,0.722222,9,9,9,0.5,3,15,15,0.166667
6,58,52,6,0.327797,0.493746,0.510909,47,5,11,0.854545,45,7,13,0.818182,44,8,14,0.8,43,9,15,0.781818,39,13,19,0.709091,32,20,26,0.581818,20,32,38,0.363636,8,44,50,0.145455,3,49,55,0.054545,0,52,58,0.0
7,11,11,0,0.408211,0.579758,0.554545,10,1,1,0.909091,9,2,2,0.818182,9,2,2,0.818182,9,2,2,0.818182,9,2,2,0.818182,6,5,5,0.545455,6,5,5,0.545455,3,8,8,0.272727,0,11,11,0.0,0,11,11,0.0
8,12,17,5,0.499949,0.666621,0.227586,8,9,4,0.551724,6,11,6,0.413793,6,11,6,0.413793,5,12,7,0.344828,4,13,8,0.275862,2,15,10,0.137931,1,16,11,0.068966,1,16,11,0.068966,0,17,12,0.0,0,17,12,0.0
9,19,20,1,0.300726,0.462397,0.364103,14,6,5,0.717949,13,7,6,0.666667,13,7,6,0.666667,11,9,8,0.564103,8,12,11,0.410256,5,15,14,0.25641,4,16,15,0.205128,2,18,17,0.102564,1,19,18,0.051282,0,20,19,0.0
10,43,41,2,0.368983,0.539061,0.609524,40,1,3,0.952381,40,1,3,0.952381,40,1,3,0.952381,38,3,5,0.904762,35,6,8,0.833333,27,14,16,0.642857,17,24,26,0.404762,12,29,31,0.285714,5,36,38,0.119048,2,39,41,0.047619
11,7,9,2,0.527232,0.690441,0.5,6,3,1,0.75,6,3,1,0.75,5,4,2,0.625,4,5,3,0.5,4,5,3,0.5,4,5,3,0.5,4,5,3,0.5,4,5,3,0.5,3,6,4,0.375,0,9,7,0.0
12,77,65,12,0.550457,0.710058,0.3,36,29,41,0.507042,34,31,43,0.478873,30,35,47,0.422535,28,37,49,0.394366,26,39,51,0.366197,23,42,54,0.323944,19,46,58,0.267606,14,51,63,0.197183,3,62,74,0.042254,0,65,77,0.0
13,37,36,1,0.363895,0.533611,0.594521,36,0,1,0.986301,36,0,1,0.986301,36,0,1,0.986301,34,2,3,0.931507,29,7,8,0.794521,25,11,12,0.684932,18,18,19,0.493151,3,33,34,0.082192,0,36,37,0.0,0,36,37,0.0
14,56,45,11,0.395028,0.566337,0.431683,39,6,17,0.772277,37,8,19,0.732673,35,10,21,0.693069,30,15,26,0.594059,28,17,28,0.554455,24,21,32,0.475248,17,28,39,0.336634,7,38,49,0.138614,1,44,55,0.019802,0,45,56,0.0
15,17,16,1,0.607725,0.756006,0.848485,16,0,1,0.969697,16,0,1,0.969697,16,0,1,0.969697,16,0,1,0.969697,16,0,1,0.969697,16,0,1,0.969697,16,0,1,0.969697,15,1,2,0.909091,11,5,6,0.666667,2,14,15,0.121212
16,9,10,1,0.676083,0.806741,0.673684,8,2,1,0.842105,8,2,1,0.842105,8,2,1,0.842105,8,2,1,0.842105,8,2,1,0.842105,8,2,1,0.842105,7,3,2,0.736842,7,3,2,0.736842,2,8,7,0.210526,0,10,9,0.0
17,21,16,5,0.4484,0.619166,0.551351,14,2,7,0.756757,14,2,7,0.756757,14,2,7,0.756757,14,2,7,0.756757,14,2,7,0.756757,13,3,8,0.702703,11,5,10,0.594595,7,9,14,0.378378,1,15,20,0.054054,0,16,21,0.0
18,51,51,0,0.300731,0.462403,0.172549,35,16,16,0.686275,23,28,28,0.45098,15,36,36,0.294118,8,43,43,0.156863,5,46,46,0.098039,1,50,50,0.019608,1,50,50,0.019608,0,51,51,0.0,0,51,51,0.0,0,51,51,0.0
19,28,22,6,0.58786,0.740443,0.552,19,3,9,0.76,17,5,11,0.68,16,6,12,0.64,16,6,12,0.64,16,6,12,0.64,15,7,13,0.6,15,7,13,0.6,15,7,13,0.6,9,13,19,0.36,0,22,28,0.0
20,25,23,2,0.599899,0.749921,0.804167,23,0,2,0.958333,23,0,2,0.958333,23,0,2,0.958333,23,0,2,0.958333,23,0,2,0.958333,22,1,3,0.916667,21,2,4,0.875,19,4,6,0.791667,13,10,12,0.541667,3,20,22,0.125
21,40,39,1,0.331956,0.498449,0.194937,25,14,15,0.632911,20,19,20,0.506329,16,23,24,0.405063,9,30,31,0.227848,5,34,35,0.126582,2,37,38,0.050633,0,39,40,0.0,0,39,40,0.0,0,39,40,0.0,0,39,40,0.0
22,22,21,1,0.390467,0.561635,0.660465,21,0,1,0.976744,21,0,1,0.976744,21,0,1,0.976744,21,0,1,0.976744,18,3,4,0.837209,17,4,5,0.790698,15,6,7,0.697674,7,14,15,0.325581,1,20,21,0.046512,0,21,22,0.0
23,54,58,4,0.304652,0.467024,0.142857,36,22,18,0.642857,27,31,27,0.482143,11,47,43,0.196429,3,55,51,0.053571,2,56,52,0.035714,1,57,53,0.017857,0,58,54,0.0,0,58,54,0.0,0,58,54,0.0,0,58,54,0.0
24,33,32,1,0.575511,0.73057,0.716923,29,3,4,0.892308,29,3,4,0.892308,29,3,4,0.892308,29,3,4,0.892308,29,3,4,0.892308,29,3,4,0.892308,26,6,7,0.8,21,11,12,0.646154,11,21,22,0.338462,1,31,32,0.030769
25,9,19,10,0.716482,0.834826,0.528571,9,10,0,0.642857,9,10,0,0.642857,9,10,0,0.642857,9,10,0,0.642857,9,10,0,0.642857,9,10,0,0.642857,8,11,1,0.571429,6,13,3,0.428571,5,14,4,0.357143,1,18,8,0.071429
26,14,14,0,0.324556,0.49006,0.478571,12,2,2,0.857143,11,3,3,0.785714,10,4,4,0.714286,10,4,4,0.714286,10,4,4,0.714286,10,4,4,0.714286,3,11,11,0.214286,1,13,13,0.071429,0,14,14,0.0,0,14,14,0.0
27,73,67,6,0.284144,0.442543,0.442857,65,2,8,0.928571,63,4,10,0.9,60,7,13,0.857143,48,19,25,0.685714,39,28,34,0.557143,19,48,54,0.271429,10,57,63,0.142857,5,62,68,0.071429,1,66,72,0.014286,0,67,73,0.0
28,8,9,1,0.356412,0.525522,0.529412,6,3,2,0.705882,6,3,2,0.705882,6,3,2,0.705882,6,3,2,0.705882,6,3,2,0.705882,6,3,2,0.705882,4,5,4,0.470588,3,6,5,0.352941,2,7,6,0.235294,0,9,8,0.0
29,4,4,0,0.769792,0.869924,0.7,3,1,1,0.75,3,1,1,0.75,3,1,1,0.75,3,1,1,0.75,3,1,1,0.75,3,1,1,0.75,3,1,1,0.75,3,1,1,0.75,3,1,1,0.75,1,3,3,0.25
30,12,20,8,0.521087,0.68515,0.25,9,11,3,0.5625,8,12,4,0.5,8,12,4,0.5,5,15,7,0.3125,4,16,8,0.25,4,16,8,0.25,2,18,10,0.125,0,20,12,0.0,0,20,12,0.0,0,20,12,0.0
31,28,25,3,0.468538,0.638102,0.690566,25,0,3,0.943396,25,0,3,0.943396,25,0,3,0.943396,25,0,3,0.943396,25,0,3,0.943396,23,2,5,0.867925,20,5,8,0.754717,13,12,15,0.490566,2,23,26,0.075472,0,25,28,0.0
32,4,6,2,0.735739,0.847753,0.76,4,2,0,0.8,4,2,0,0.8,4,2,0,0.8,4,2,0,0.8,4,2,0,0.8,4,2,0,0.8,4,2,0,0.8,4,2,0,0.8,4,2,0,0.8,2,4,2,0.4
33,27,26,1,0.479498,0.648191,0.709434,24,2,3,0.90566,24,2,3,0.90566,24,2,3,0.90566,24,2,3,0.90566,23,3,4,0.867925,23,3,4,0.867925,23,3,4,0.867925,16,10,11,0.603774,7,19,20,0.264151,0,26,27,0.0
34,12,12,0,0.41165,0.583218,0.716667,12,0,0,1.0,12,0,0,1.0,12,0,0,1.0,12,0,0,1.0,11,1,1,0.916667,10,2,2,0.833333,7,5,5,0.583333,5,7,7,0.416667,3,9,9,0.25,2,10,10,0.166667
35,13,24,11,0.530206,0.692986,0.254054,7,17,6,0.378378,7,17,6,0.378378,7,17,6,0.378378,7,17,6,0.378378,7,17,6,0.378378,6,18,7,0.324324,4,20,9,0.216216,2,22,11,0.108108,0,24,13,0.0,0,24,13,0.0
36,17,16,1,0.401819,0.573282,0.654545,16,0,1,0.969697,16,0,1,0.969697,16,0,1,0.969697,15,1,2,0.909091,14,2,3,0.848485,13,3,4,0.787879,10,6,7,0.606061,6,10,11,0.363636,2,14,15,0.121212,0,16,17,0.0
37,8,8,0,0.315443,0.479599,0.5375,8,0,0,1.0,7,1,1,0.875,7,1,1,0.875,7,1,1,0.875,7,1,1,0.875,4,4,4,0.5,3,5,5,0.375,0,8,8,0.0,0,8,8,0.0,0,8,8,0.0
38,14,11,3,0.66196,0.796602,0.616,10,1,4,0.8,10,1,4,0.8,10,1,4,0.8,10,1,4,0.8,9,2,5,0.72,9,2,5,0.72,9,2,5,0.72,6,5,8,0.48,4,7,10,0.32,0,11,14,0.0
39,65,50,15,0.23621,0.382152,0.323478,41,9,24,0.713043,38,12,27,0.66087,35,15,30,0.608696,32,18,33,0.556522,21,29,44,0.365217,15,35,50,0.26087,2,48,63,0.034783,2,48,63,0.034783,0,50,65,0.0,0,50,65,0.0
40,86,91,5,0.265363,0.419426,0.388701,69,22,17,0.779661,66,25,20,0.745763,61,30,25,0.689266,55,36,31,0.621469,47,44,39,0.531073,33,58,53,0.372881,11,80,75,0.124294,2,89,84,0.022599,0,91,86,0.0,0,91,86,0.0
41,16,15,1,0.643475,0.783067,0.83871,15,0,1,0.967742,15,0,1,0.967742,15,0,1,0.967742,15,0,1,0.967742,15,0,1,0.967742,15,0,1,0.967742,15,0,1,0.967742,13,2,3,0.83871,10,5,6,0.645161,2,13,14,0.129032
42,46,48,2,0.345249,0.513286,0.512766,42,6,4,0.893617,41,7,5,0.87234,39,9,7,0.829787,37,11,9,0.787234,33,15,13,0.702128,24,24,22,0.510638,14,34,32,0.297872,10,38,36,0.212766,1,47,45,0.021277,0,48,46,0.0
43,10,10,0,0.395509,0.566832,0.54,8,2,2,0.8,8,2,2,0.8,8,2,2,0.8,8,2,2,0.8,8,2,2,0.8,7,3,3,0.7,5,5,5,0.5,2,8,8,0.2,0,10,10,0.0,0,10,10,0.0
44,21,15,6,0.30455,0.466904,0.372222,11,4,10,0.611111,11,4,10,0.611111,10,5,11,0.555556,10,5,11,0.555556,9,6,12,0.5,8,7,13,0.444444,6,9,15,0.333333,2,13,19,0.111111,0,15,21,0.0,0,15,21,0.0
45,46,44,2,0.368576,0.538627,0.597778,44,0,2,0.977778,44,0,2,0.977778,44,0,2,0.977778,42,2,4,0.933333,39,5,7,0.866667,33,11,13,0.733333,21,23,25,0.466667,2,42,44,0.044444,0,44,46,0.0,0,44,46,0.0
46,8,8,0,0.380648,0.551405,0.5,8,0,0,1.0,7,1,1,0.875,7,1,1,0.875,7,1,1,0.875,5,3,3,0.625,4,4,4,0.5,1,7,7,0.125,1,7,7,0.125,0,8,8,0.0,0,8,8,0.0
47,10,10,0,0.377376,0.547964,0.59,10,0,0,1.0,9,1,1,0.9,9,1,1,0.9,9,1,1,0.9,7,3,3,0.7,7,3,3,0.7,5,5,5,0.5,3,7,7,0.3,0,10,10,0.0,0,10,10,0.0
48,30,29,1,0.225147,0.367543,0.230508,19,10,11,0.644068,15,14,15,0.508475,13,16,17,0.440678,7,22,23,0.237288,5,24,25,0.169492,4,25,26,0.135593,3,26,27,0.101695,1,28,29,0.033898,1,28,29,0.033898,0,29,30,0.0
49,2,4,2,0.270297,0.425565,0.1,1,3,1,0.333333,1,3,1,0.333333,1,3,1,0.333333,0,4,2,0.0,0,4,2,0.0,0,4,2,0.0,0,4,2,0.0,0,4,2,0.0,0,4,2,0.0,0,4,2,0.0
50,13,13,0,0.342122,0.509823,0.5,13,0,0,1.0,13,0,0,1.0,13,0,0,1.0,10,3,3,0.769231,7,6,6,0.538462,6,7,7,0.461538,3,10,10,0.230769,0,13,13,0.0,0,13,13,0.0,0,13,13,0.0
51,19,20,1,0.421155,0.592694,0.630769,18,2,1,0.923077,18,2,1,0.923077,18,2,1,0.923077,18,2,1,0.923077,17,3,2,0.871795,14,6,5,0.717949,10,10,9,0.512821,6,14,13,0.307692,3,17,16,0.153846,1,19,18,0.051282
52,49,45,4,0.29429,0.454751,0.125532,24,21,25,0.510638,18,27,31,0.382979,9,36,40,0.191489,4,41,45,0.085106,2,43,47,0.042553,1,44,48,0.021277,1,44,48,0.021277,0,45,49,0.0,0,45,49,0.0,0,45,49,0.0
53,11,11,0,0.449712,0.620416,0.781818,11,0,0,1.0,11,0,0,1.0,11,0,0,1.0,11,0,0,1.0,11,0,0,1.0,10,1,1,0.909091,9,2,2,0.818182,8,3,3,0.727273,4,7,7,0.363636,0,11,11,0.0
54,13,15,2,0.650759,0.788436,0.728571,13,2,0,0.928571,13,2,0,0.928571,13,2,0,0.928571,13,2,0,0.928571,13,2,0,0.928571,13,2,0,0.928571,11,4,2,0.785714,8,7,5,0.571429,5,10,8,0.357143,0,15,13,0.0
55,13,16,3,0.67187,0.803735,0.531034,11,5,2,0.758621,11,5,2,0.758621,11,5,2,0.758621,10,6,3,0.689655,9,7,4,0.62069,9,7,4,0.62069,7,9,6,0.482759,6,10,7,0.413793,3,13,10,0.206897,0,16,13,0.0
56,16,14,2,0.311002,0.47445,0.386667,12,2,4,0.8,12,2,4,0.8,12,2,4,0.8,9,5,7,0.6,8,6,8,0.533333,4,10,12,0.266667,1,13,15,0.066667,0,14,16,0.0,0,14,16,0.0,0,14,16,0.0
57,19,23,4,0.641643,0.781709,0.495238,13,10,6,0.619048,13,10,6,0.619048,13,10,6,0.619048,13,10,6,0.619048,12,11,7,0.571429,12,11,7,0.571429,12,11,7,0.571429,11,12,8,0.52381,5,18,14,0.238095,0,23,19,0.0
58,15,15,0,0.464584,0.634424,0.666667,15,0,0,1.0,15,0,0,1.0,15,0,0,1.0,15,0,0,1.0,13,2,2,0.866667,12,3,3,0.8,10,5,5,0.666667,5,10,10,0.333333,0,15,15,0.0,0,15,15,0.0
59,8,7,1,0.402023,0.57349,0.666667,7,0,1,0.933333,7,0,1,0.933333,7,0,1,0.933333,7,0,1,0.933333,7,0,1,0.933333,6,1,2,0.8,5,2,3,0.666667,3,4,5,0.4,1,6,7,0.133333,0,7,8,0.0
60,35,33,2,0.369199,0.539292,0.591176,33,0,2,0.970588,33,0,2,0.970588,33,0,2,0.970588,33,0,2,0.970588,31,2,4,0.911765,27,6,8,0.794118,9,24,26,0.264706,2,31,33,0.058824,0,33,35,0.0,0,33,35,0.0
61,64,56,8,0.366608,0.536523,0.413333,44,12,20,0.733333,42,14,22,0.7,39,17,25,0.65,35,21,29,0.583333,31,25,33,0.516667,23,33,41,0.383333,20,36,44,0.333333,12,44,52,0.2,2,54,62,0.033333,0,56,64,0.0
62,21,15,6,0.272494,0.428283,0.25,11,4,10,0.611111,11,4,10,0.611111,8,7,13,0.444444,7,8,14,0.388889,4,11,17,0.222222,3,12,18,0.166667,1,14,20,0.055556,0,15,21,0.0,0,15,21,0.0,0,15,21,0.0
63,14,19,5,0.690956,0.817237,0.551515,12,7,2,0.727273,12,7,2,0.727273,12,7,2,0.727273,12,7,2,0.727273,12,7,2,0.727273,9,10,5,0.545455,9,10,5,0.545455,8,11,6,0.484848,5,14,9,0.30303,0,19,14,0.0
64,9,9,0,0.421728,0.593262,0.766667,9,0,0,1.0,9,0,0,1.0,9,0,0,1.0,9,0,0,1.0,9,0,0,1.0,9,0,0,1.0,9,0,0,1.0,4,5,5,0.444444,2,7,7,0.222222,0,9,9,0.0
65,15,18,3,0.645847,0.78482,0.527273,11,7,4,0.666667,11,7,4,0.666667,11,7,4,0.666667,11,7,4,0.666667,11,7,4,0.666667,11,7,4,0.666667,11,7,4,0.666667,7,11,8,0.424242,2,16,13,0.121212,1,17,14,0.060606
66,10,10,0,0.47422,0.643351,0.76,10,0,0,1.0,10,0,0,1.0,10,0,0,1.0,10,0,0,1.0,10,0,0,1.0,10,0,0,1.0,9,1,1,0.9,4,6,6,0.4,2,8,8,0.2,1,9,9,0.1
67,8,11,3,0.584463,0.737743,0.463158,6,5,2,0.631579,6,5,2,0.631579,6,5,2,0.631579,6,5,2,0.631579,6,5,2,0.631579,6,5,2,0.631579,5,6,3,0.526316,3,8,5,0.315789,0,11,8,0.0,0,11,8,0.0
68,8,8,0,0.344764,0.51275,0.5875,8,0,0,1.0,8,0,0,1.0,8,0,0,1.0,7,1,1,0.875,6,2,2,0.75,4,4,4,0.5,4,4,4,0.5,2,6,6,0.25,0,8,8,0.0,0,8,8,0.0
69,13,11,2,0.34423,0.51216,0.441667,10,1,3,0.833333,10,1,3,0.833333,9,2,4,0.75,9,2,4,0.75,7,4,6,0.583333,5,6,8,0.416667,2,9,11,0.166667,1,10,12,0.083333,0,11,13,0.0,0,11,13,0.0
70,8,7,1,0.452336,0.622909,0.773333,7,0,1,0.933333,7,0,1,0.933333,7,0,1,0.933333,7,0,1,0.933333,7,0,1,0.933333,7,0,1,0.933333,7,0,1,0.933333,6,1,2,0.8,3,4,5,0.4,0,7,8,0.0
71,5,5,0,0.445813,0.616695,0.82,5,0,0,1.0,5,0,0,1.0,5,0,0,1.0,5,0,0,1.0,5,0,0,1.0,5,0,0,1.0,5,0,0,1.0,4,1,1,0.8,2,3,3,0.4,0,5,5,0.0
72,15,14,1,0.665524,0.799176,0.510345,10,4,5,0.689655,10,4,5,0.689655,9,5,6,0.62069,9,5,6,0.62069,9,5,6,0.62069,9,5,6,0.62069,8,6,7,0.551724,6,8,9,0.413793,4,10,11,0.275862,0,14,15,0.0
73,10,9,1,0.640413,0.780795,0.505263,6,3,4,0.631579,6,3,4,0.631579,6,3,4,0.631579,6,3,4,0.631579,6,3,4,0.631579,5,4,5,0.526316,5,4,5,0.526316,4,5,6,0.421053,3,6,7,0.315789,1,8,9,0.105263
74,10,8,2,0.380111,0.550841,0.688889,8,0,2,0.888889,8,0,2,0.888889,8,0,2,0.888889,8,0,2,0.888889,8,0,2,0.888889,8,0,2,0.888889,7,1,3,0.777778,4,4,6,0.444444,3,5,7,0.333333,0,8,10,0.0
75,38,38,0,0.320609,0.485547,0.160526,25,13,13,0.657895,18,20,20,0.473684,13,25,25,0.342105,5,33,33,0.131579,0,38,38,0.0,0,38,38,0.0,0,38,38,0.0,0,38,38,0.0,0,38,38,0.0,0,38,38,0.0
76,1,1,0,0.335294,0.502203,0.6,1,0,0,1.0,1,0,0,1.0,1,0,0,1.0,1,0,0,1.0,1,0,0,1.0,1,0,0,1.0,0,1,1,0.0,0,1,1,0.0,0,1,1,0.0,0,1,1,0.0
77,41,40,1,0.388081,0.559162,0.614815,39,1,2,0.962963,37,3,4,0.91358,36,4,5,0.888889,35,5,6,0.864198,34,6,7,0.839506,31,9,10,0.765432,23,17,18,0.567901,10,30,31,0.246914,4,36,37,0.098765,0,40,41,0.0
78,14,10,4,0.700123,0.823615,0.725,10,0,4,0.833333,10,0,4,0.833333,10,0,4,0.833333,10,0,4,0.833333,10,0,4,0.833333,10,0,4,0.833333,8,2,6,0.666667,8,2,6,0.666667,8,2,6,0.666667,3,7,11,0.25
79,12,17,5,0.607425,0.755774,0.386207,8,9,4,0.551724,6,11,6,0.413793,6,11,6,0.413793,6,11,6,0.413793,6,11,6,0.413793,6,11,6,0.413793,6,11,6,0.413793,5,12,7,0.344828,4,13,8,0.275862,3,14,9,0.206897
80,1,1,0,0.381132,0.551913,0.7,1,0,0,1.0,1,0,0,1.0,1,0,0,1.0,1,0,0,1.0,1,0,0,1.0,1,0,0,1.0,1,0,0,1.0,0,1,1,0.0,0,1,1,0.0,0,1,1,0.0
81,9,9,0,0.412017,0.583587,0.677778,9,0,0,1.0,9,0,0,1.0,9,0,0,1.0,9,0,0,1.0,8,1,1,0.888889,7,2,2,0.777778,5,4,4,0.555556,4,5,5,0.444444,1,8,8,0.111111,0,9,9,0.0
82,2,0,2,0.031807,0.061652,0.0,0,0,2,0.0,0,0,2,0.0,0,0,2,0.0,0,0,2,0.0,0,0,2,0.0,0,0,2,0.0,0,0,2,0.0,0,0,2,0.0,0,0,2,0.0,0,0,2,0.0
83,10,1,9,0.038256,0.073692,0.0,0,1,10,0.0,0,1,10,0.0,0,1,10,0.0,0,1,10,0.0,0,1,10,0.0,0,1,10,0.0,0,1,10,0.0,0,1,10,0.0,0,1,10,0.0,0,1,10,0.0
84,2,0,2,0.0,0.0,0.0,0,0,2,0.0,0,0,2,0.0,0,0,2,0.0,0,0,2,0.0,0,0,2,0.0,0,0,2,0.0,0,0,2,0.0,0,0,2,0.0,0,0,2,0.0,0,0,2,0.0
85,27,22,5,0.470581,0.639993,0.338776,17,5,10,0.693878,14,8,13,0.571429,12,10,15,0.489796,11,11,16,0.44898,10,12,17,0.408163,8,14,19,0.326531,5,17,22,0.204082,5,17,22,0.204082,1,21,26,0.040816,0,22,27,0.0
86,17,39,22,0.644097,0.783526,0.1,4,35,13,0.142857,4,35,13,0.142857,4,35,13,0.142857,4,35,13,0.142857,4,35,13,0.142857,3,36,14,0.107143,2,37,15,0.071429,2,37,15,0.071429,1,38,16,0.035714,0,39,17,0.0
87,20,27,7,0.662688,0.797128,0.412766,15,12,5,0.638298,15,12,5,0.638298,14,13,6,0.595745,13,14,7,0.553191,13,14,7,0.553191,12,15,8,0.510638,10,17,10,0.425532,5,22,15,0.212766,0,27,20,0.0,0,27,20,0.0
88,13,17,4,0.666698,0.800023,0.126667,5,12,8,0.333333,3,14,10,0.2,3,14,10,0.2,2,15,11,0.133333,2,15,11,0.133333,1,16,12,0.066667,1,16,12,0.066667,1,16,12,0.066667,1,16,12,0.066667,0,17,13,0.0
89,60,62,2,0.522549,0.686414,0.234426,31,31,29,0.508197,29,33,31,0.47541,23,39,37,0.377049,22,40,38,0.360656,17,45,43,0.278689,14,48,46,0.229508,7,55,53,0.114754,0,62,60,0.0,0,62,60,0.0,0,62,60,0.0
90,43,36,7,0.528691,0.691691,0.465823,30,6,13,0.759494,30,6,13,0.759494,28,8,15,0.708861,26,10,17,0.658228,22,14,21,0.556962,20,16,23,0.506329,15,21,28,0.379747,9,27,34,0.227848,4,32,39,0.101266,0,36,43,0.0
91,30,14,16,0.747155,0.855282,0.081818,3,11,27,0.136364,3,11,27,0.136364,3,11,27,0.136364,3,11,27,0.136364,2,12,28,0.090909,2,12,28,0.090909,1,13,29,0.045455,1,13,29,0.045455,0,14,30,0.0,0,14,30,0.0
92,48,42,6,0.59692,0.747589,0.382222,26,16,22,0.577778,26,16,22,0.577778,23,19,25,0.511111,22,20,26,0.488889,21,21,27,0.466667,21,21,27,0.466667,17,25,31,0.377778,13,29,35,0.288889,3,39,45,0.066667,0,42,48,0.0
93,44,50,6,0.532636,0.695059,0.355319,29,21,15,0.617021,25,25,19,0.531915,24,26,20,0.510638,20,30,24,0.425532,19,31,25,0.404255,18,32,26,0.382979,14,36,30,0.297872,12,38,32,0.255319,6,44,38,0.12766,0,50,44,0.0
94,12,57,45,0.544515,0.705095,0.055072,6,51,6,0.173913,5,52,7,0.144928,3,54,9,0.086957,2,55,10,0.057971,1,56,11,0.028986,1,56,11,0.028986,1,56,11,0.028986,0,57,12,0.0,0,57,12,0.0,0,57,12,0.0
95,61,59,2,0.524844,0.688391,0.353333,38,21,23,0.633333,34,25,27,0.566667,30,29,31,0.5,28,31,33,0.466667,25,34,36,0.416667,22,37,39,0.366667,20,39,41,0.333333,12,47,49,0.2,3,56,58,0.05,0,59,61,0.0
96,11,13,2,0.536645,0.698464,0.158333,5,8,6,0.416667,5,8,6,0.416667,4,9,7,0.333333,2,11,9,0.166667,2,11,9,0.166667,1,12,10,0.083333,0,13,11,0.0,0,13,11,0.0,0,13,11,0.0,0,13,11,0.0
97,24,27,3,0.311028,0.47448,0.376471,17,10,7,0.666667,15,12,9,0.588235,14,13,10,0.54902,14,13,10,0.54902,14,13,10,0.54902,11,16,13,0.431373,7,20,17,0.27451,4,23,20,0.156863,0,27,24,0.0,0,27,24,0.0
98,30,33,3,0.359225,0.528573,0.260317,15,18,15,0.47619,15,18,15,0.47619,13,20,17,0.412698,11,22,19,0.349206,10,23,20,0.31746,8,25,22,0.253968,6,27,24,0.190476,4,29,26,0.126984,0,33,30,0.0,0,33,30,0.0
99,95,67,28,0.722437,0.838855,0.104938,23,44,72,0.283951,21,46,74,0.259259,17,50,78,0.209877,12,55,83,0.148148,7,60,88,0.08642,4,63,91,0.049383,1,66,94,0.012346,0,67,95,0.0,0,67,95,0.0,0,67,95,0.0
100,90,82,8,0.544595,0.705162,0.274419,52,30,38,0.604651,47,35,43,0.546512,40,42,50,0.465116,34,48,56,0.395349,26,56,64,0.302326,17,65,73,0.197674,13,69,77,0.151163,6,76,84,0.069767,1,81,89,0.011628,0,82,90,0.0
0,11,11,0,0.437244,0.608448,0.709091,11,0,0,1.0,11,0,0,1.0,11,0,0,1.0,11,0,0,1.0,10,1,1,0.909091,9,2,2,0.818182,9,2,2,0.818182,5,6,6,0.454545,1,10,10,0.090909,0,11,11,0.0
1,9,8,1,0.348186,0.516525,0.611765,8,0,1,0.941176,8,0,1,0.941176,8,0,1,0.941176,7,1,2,0.823529,7,1,2,0.823529,7,1,2,0.823529,5,3,4,0.588235,2,6,7,0.235294,0,8,9,0.0,0,8,9,0.0
2,52,99,47,0.537526,0.699209,0.229139,32,67,20,0.423841,29,70,23,0.384106,28,71,24,0.370861,27,72,25,0.357616,21,78,31,0.278146,16,83,36,0.211921,14,85,38,0.18543,6,93,46,0.07947,0,99,52,0.0,0,99,52,0.0
3,9,9,0,0.38564,0.556623,0.666667,9,0,0,1.0,9,0,0,1.0,9,0,0,1.0,9,0,0,1.0,9,0,0,1.0,7,2,2,0.777778,5,4,4,0.555556,2,7,7,0.222222,1,8,8,0.111111,0,9,9,0.0
4,65,71,6,0.454242,0.624713,0.619118,62,9,3,0.911765,61,10,4,0.897059,59,12,6,0.867647,55,16,10,0.808824,53,18,12,0.779412,49,22,16,0.720588,43,28,22,0.632353,29,42,36,0.426471,10,61,55,0.147059,0,71,65,0.0
5,18,18,0,0.699906,0.823464,0.727778,17,1,1,0.944444,16,2,2,0.888889,16,2,2,0.888889,15,3,3,0.833333,14,4,4,0.777778,14,4,4,0.777778,14,4,4,0.777778,13,5,5,0.722222,9,9,9,0.5,3,15,15,0.166667
6,58,52,6,0.327797,0.493746,0.510909,47,5,11,0.854545,45,7,13,0.818182,44,8,14,0.8,43,9,15,0.781818,39,13,19,0.709091,32,20,26,0.581818,20,32,38,0.363636,8,44,50,0.145455,3,49,55,0.054545,0,52,58,0.0
7,11,11,0,0.408211,0.579758,0.554545,10,1,1,0.909091,9,2,2,0.818182,9,2,2,0.818182,9,2,2,0.818182,9,2,2,0.818182,6,5,5,0.545455,6,5,5,0.545455,3,8,8,0.272727,0,11,11,0.0,0,11,11,0.0
8,12,17,5,0.499949,0.666621,0.227586,8,9,4,0.551724,6,11,6,0.413793,6,11,6,0.413793,5,12,7,0.344828,4,13,8,0.275862,2,15,10,0.137931,1,16,11,0.068966,1,16,11,0.068966,0,17,12,0.0,0,17,12,0.0
9,19,20,1,0.300726,0.462397,0.364103,14,6,5,0.717949,13,7,6,0.666667,13,7,6,0.666667,11,9,8,0.564103,8,12,11,0.410256,5,15,14,0.25641,4,16,15,0.205128,2,18,17,0.102564,1,19,18,0.051282,0,20,19,0.0
10,43,41,2,0.368983,0.539061,0.609524,40,1,3,0.952381,40,1,3,0.952381,40,1,3,0.952381,38,3,5,0.904762,35,6,8,0.833333,27,14,16,0.642857,17,24,26,0.404762,12,29,31,0.285714,5,36,38,0.119048,2,39,41,0.047619
11,7,9,2,0.527232,0.690441,0.5,6,3,1,0.75,6,3,1,0.75,5,4,2,0.625,4,5,3,0.5,4,5,3,0.5,4,5,3,0.5,4,5,3,0.5,4,5,3,0.5,3,6,4,0.375,0,9,7,0.0
12,77,65,12,0.550457,0.710058,0.3,36,29,41,0.507042,34,31,43,0.478873,30,35,47,0.422535,28,37,49,0.394366,26,39,51,0.366197,23,42,54,0.323944,19,46,58,0.267606,14,51,63,0.197183,3,62,74,0.042254,0,65,77,0.0
13,37,36,1,0.363895,0.533611,0.594521,36,0,1,0.986301,36,0,1,0.986301,36,0,1,0.986301,34,2,3,0.931507,29,7,8,0.794521,25,11,12,0.684932,18,18,19,0.493151,3,33,34,0.082192,0,36,37,0.0,0,36,37,0.0
14,56,45,11,0.395028,0.566337,0.431683,39,6,17,0.772277,37,8,19,0.732673,35,10,21,0.693069,30,15,26,0.594059,28,17,28,0.554455,24,21,32,0.475248,17,28,39,0.336634,7,38,49,0.138614,1,44,55,0.019802,0,45,56,0.0
15,17,16,1,0.607725,0.756006,0.848485,16,0,1,0.969697,16,0,1,0.969697,16,0,1,0.969697,16,0,1,0.969697,16,0,1,0.969697,16,0,1,0.969697,16,0,1,0.969697,15,1,2,0.909091,11,5,6,0.666667,2,14,15,0.121212
16,9,10,1,0.676083,0.806741,0.673684,8,2,1,0.842105,8,2,1,0.842105,8,2,1,0.842105,8,2,1,0.842105,8,2,1,0.842105,8,2,1,0.842105,7,3,2,0.736842,7,3,2,0.736842,2,8,7,0.210526,0,10,9,0.0
17,21,16,5,0.4484,0.619166,0.551351,14,2,7,0.756757,14,2,7,0.756757,14,2,7,0.756757,14,2,7,0.756757,14,2,7,0.756757,13,3,8,0.702703,11,5,10,0.594595,7,9,14,0.378378,1,15,20,0.054054,0,16,21,0.0
18,51,51,0,0.300731,0.462403,0.172549,35,16,16,0.686275,23,28,28,0.45098,15,36,36,0.294118,8,43,43,0.156863,5,46,46,0.098039,1,50,50,0.019608,1,50,50,0.019608,0,51,51,0.0,0,51,51,0.0,0,51,51,0.0
19,28,22,6,0.58786,0.740443,0.552,19,3,9,0.76,17,5,11,0.68,16,6,12,0.64,16,6,12,0.64,16,6,12,0.64,15,7,13,0.6,15,7,13,0.6,15,7,13,0.6,9,13,19,0.36,0,22,28,0.0
20,25,23,2,0.599899,0.749921,0.804167,23,0,2,0.958333,23,0,2,0.958333,23,0,2,0.958333,23,0,2,0.958333,23,0,2,0.958333,22,1,3,0.916667,21,2,4,0.875,19,4,6,0.791667,13,10,12,0.541667,3,20,22,0.125
21,40,39,1,0.331956,0.498449,0.194937,25,14,15,0.632911,20,19,20,0.506329,16,23,24,0.405063,9,30,31,0.227848,5,34,35,0.126582,2,37,38,0.050633,0,39,40,0.0,0,39,40,0.0,0,39,40,0.0,0,39,40,0.0
22,22,21,1,0.390467,0.561635,0.660465,21,0,1,0.976744,21,0,1,0.976744,21,0,1,0.976744,21,0,1,0.976744,18,3,4,0.837209,17,4,5,0.790698,15,6,7,0.697674,7,14,15,0.325581,1,20,21,0.046512,0,21,22,0.0
23,54,58,4,0.304652,0.467024,0.142857,36,22,18,0.642857,27,31,27,0.482143,11,47,43,0.196429,3,55,51,0.053571,2,56,52,0.035714,1,57,53,0.017857,0,58,54,0.0,0,58,54,0.0,0,58,54,0.0,0,58,54,0.0
24,33,32,1,0.575511,0.73057,0.716923,29,3,4,0.892308,29,3,4,0.892308,29,3,4,0.892308,29,3,4,0.892308,29,3,4,0.892308,29,3,4,0.892308,26,6,7,0.8,21,11,12,0.646154,11,21,22,0.338462,1,31,32,0.030769
25,9,19,10,0.716482,0.834826,0.528571,9,10,0,0.642857,9,10,0,0.642857,9,10,0,0.642857,9,10,0,0.642857,9,10,0,0.642857,9,10,0,0.642857,8,11,1,0.571429,6,13,3,0.428571,5,14,4,0.357143,1,18,8,0.071429
26,14,14,0,0.324556,0.49006,0.478571,12,2,2,0.857143,11,3,3,0.785714,10,4,4,0.714286,10,4,4,0.714286,10,4,4,0.714286,10,4,4,0.714286,3,11,11,0.214286,1,13,13,0.071429,0,14,14,0.0,0,14,14,0.0
27,73,67,6,0.284144,0.442543,0.442857,65,2,8,0.928571,63,4,10,0.9,60,7,13,0.857143,48,19,25,0.685714,39,28,34,0.557143,19,48,54,0.271429,10,57,63,0.142857,5,62,68,0.071429,1,66,72,0.014286,0,67,73,0.0
28,8,9,1,0.356412,0.525522,0.529412,6,3,2,0.705882,6,3,2,0.705882,6,3,2,0.705882,6,3,2,0.705882,6,3,2,0.705882,6,3,2,0.705882,4,5,4,0.470588,3,6,5,0.352941,2,7,6,0.235294,0,9,8,0.0
29,4,4,0,0.769792,0.869924,0.7,3,1,1,0.75,3,1,1,0.75,3,1,1,0.75,3,1,1,0.75,3,1,1,0.75,3,1,1,0.75,3,1,1,0.75,3,1,1,0.75,3,1,1,0.75,1,3,3,0.25
30,12,20,8,0.521087,0.68515,0.25,9,11,3,0.5625,8,12,4,0.5,8,12,4,0.5,5,15,7,0.3125,4,16,8,0.25,4,16,8,0.25,2,18,10,0.125,0,20,12,0.0,0,20,12,0.0,0,20,12,0.0
31,28,25,3,0.468538,0.638102,0.690566,25,0,3,0.943396,25,0,3,0.943396,25,0,3,0.943396,25,0,3,0.943396,25,0,3,0.943396,23,2,5,0.867925,20,5,8,0.754717,13,12,15,0.490566,2,23,26,0.075472,0,25,28,0.0
32,4,6,2,0.735739,0.847753,0.76,4,2,0,0.8,4,2,0,0.8,4,2,0,0.8,4,2,0,0.8,4,2,0,0.8,4,2,0,0.8,4,2,0,0.8,4,2,0,0.8,4,2,0,0.8,2,4,2,0.4
33,27,26,1,0.479498,0.648191,0.709434,24,2,3,0.90566,24,2,3,0.90566,24,2,3,0.90566,24,2,3,0.90566,23,3,4,0.867925,23,3,4,0.867925,23,3,4,0.867925,16,10,11,0.603774,7,19,20,0.264151,0,26,27,0.0
34,12,12,0,0.41165,0.583218,0.716667,12,0,0,1.0,12,0,0,1.0,12,0,0,1.0,12,0,0,1.0,11,1,1,0.916667,10,2,2,0.833333,7,5,5,0.583333,5,7,7,0.416667,3,9,9,0.25,2,10,10,0.166667
35,13,24,11,0.530206,0.692986,0.254054,7,17,6,0.378378,7,17,6,0.378378,7,17,6,0.378378,7,17,6,0.378378,7,17,6,0.378378,6,18,7,0.324324,4,20,9,0.216216,2,22,11,0.108108,0,24,13,0.0,0,24,13,0.0
36,17,16,1,0.401819,0.573282,0.654545,16,0,1,0.969697,16,0,1,0.969697,16,0,1,0.969697,15,1,2,0.909091,14,2,3,0.848485,13,3,4,0.787879,10,6,7,0.606061,6,10,11,0.363636,2,14,15,0.121212,0,16,17,0.0
37,8,8,0,0.315443,0.479599,0.5375,8,0,0,1.0,7,1,1,0.875,7,1,1,0.875,7,1,1,0.875,7,1,1,0.875,4,4,4,0.5,3,5,5,0.375,0,8,8,0.0,0,8,8,0.0,0,8,8,0.0
38,14,11,3,0.66196,0.796602,0.616,10,1,4,0.8,10,1,4,0.8,10,1,4,0.8,10,1,4,0.8,9,2,5,0.72,9,2,5,0.72,9,2,5,0.72,6,5,8,0.48,4,7,10,0.32,0,11,14,0.0
39,65,50,15,0.23621,0.382152,0.323478,41,9,24,0.713043,38,12,27,0.66087,35,15,30,0.608696,32,18,33,0.556522,21,29,44,0.365217,15,35,50,0.26087,2,48,63,0.034783,2,48,63,0.034783,0,50,65,0.0,0,50,65,0.0
40,86,91,5,0.265363,0.419426,0.388701,69,22,17,0.779661,66,25,20,0.745763,61,30,25,0.689266,55,36,31,0.621469,47,44,39,0.531073,33,58,53,0.372881,11,80,75,0.124294,2,89,84,0.022599,0,91,86,0.0,0,91,86,0.0
41,16,15,1,0.643475,0.783067,0.83871,15,0,1,0.967742,15,0,1,0.967742,15,0,1,0.967742,15,0,1,0.967742,15,0,1,0.967742,15,0,1,0.967742,15,0,1,0.967742,13,2,3,0.83871,10,5,6,0.645161,2,13,14,0.129032
42,46,48,2,0.345249,0.513286,0.512766,42,6,4,0.893617,41,7,5,0.87234,39,9,7,0.829787,37,11,9,0.787234,33,15,13,0.702128,24,24,22,0.510638,14,34,32,0.297872,10,38,36,0.212766,1,47,45,0.021277,0,48,46,0.0
43,10,10,0,0.395509,0.566832,0.54,8,2,2,0.8,8,2,2,0.8,8,2,2,0.8,8,2,2,0.8,8,2,2,0.8,7,3,3,0.7,5,5,5,0.5,2,8,8,0.2,0,10,10,0.0,0,10,10,0.0
44,21,15,6,0.30455,0.466904,0.372222,11,4,10,0.611111,11,4,10,0.611111,10,5,11,0.555556,10,5,11,0.555556,9,6,12,0.5,8,7,13,0.444444,6,9,15,0.333333,2,13,19,0.111111,0,15,21,0.0,0,15,21,0.0
45,46,44,2,0.368576,0.538627,0.597778,44,0,2,0.977778,44,0,2,0.977778,44,0,2,0.977778,42,2,4,0.933333,39,5,7,0.866667,33,11,13,0.733333,21,23,25,0.466667,2,42,44,0.044444,0,44,46,0.0,0,44,46,0.0
46,8,8,0,0.380648,0.551405,0.5,8,0,0,1.0,7,1,1,0.875,7,1,1,0.875,7,1,1,0.875,5,3,3,0.625,4,4,4,0.5,1,7,7,0.125,1,7,7,0.125,0,8,8,0.0,0,8,8,0.0
47,10,10,0,0.377376,0.547964,0.59,10,0,0,1.0,9,1,1,0.9,9,1,1,0.9,9,1,1,0.9,7,3,3,0.7,7,3,3,0.7,5,5,5,0.5,3,7,7,0.3,0,10,10,0.0,0,10,10,0.0
48,30,29,1,0.225147,0.367543,0.230508,19,10,11,0.644068,15,14,15,0.508475,13,16,17,0.440678,7,22,23,0.237288,5,24,25,0.169492,4,25,26,0.135593,3,26,27,0.101695,1,28,29,0.033898,1,28,29,0.033898,0,29,30,0.0
49,2,4,2,0.270297,0.425565,0.1,1,3,1,0.333333,1,3,1,0.333333,1,3,1,0.333333,0,4,2,0.0,0,4,2,0.0,0,4,2,0.0,0,4,2,0.0,0,4,2,0.0,0,4,2,0.0,0,4,2,0.0
50,13,13,0,0.342122,0.509823,0.5,13,0,0,1.0,13,0,0,1.0,13,0,0,1.0,10,3,3,0.769231,7,6,6,0.538462,6,7,7,0.461538,3,10,10,0.230769,0,13,13,0.0,0,13,13,0.0,0,13,13,0.0
51,19,20,1,0.421155,0.592694,0.630769,18,2,1,0.923077,18,2,1,0.923077,18,2,1,0.923077,18,2,1,0.923077,17,3,2,0.871795,14,6,5,0.717949,10,10,9,0.512821,6,14,13,0.307692,3,17,16,0.153846,1,19,18,0.051282
52,49,45,4,0.29429,0.454751,0.125532,24,21,25,0.510638,18,27,31,0.382979,9,36,40,0.191489,4,41,45,0.085106,2,43,47,0.042553,1,44,48,0.021277,1,44,48,0.021277,0,45,49,0.0,0,45,49,0.0,0,45,49,0.0
53,11,11,0,0.449712,0.620416,0.781818,11,0,0,1.0,11,0,0,1.0,11,0,0,1.0,11,0,0,1.0,11,0,0,1.0,10,1,1,0.909091,9,2,2,0.818182,8,3,3,0.727273,4,7,7,0.363636,0,11,11,0.0
54,13,15,2,0.650759,0.788436,0.728571,13,2,0,0.928571,13,2,0,0.928571,13,2,0,0.928571,13,2,0,0.928571,13,2,0,0.928571,13,2,0,0.928571,11,4,2,0.785714,8,7,5,0.571429,5,10,8,0.357143,0,15,13,0.0
55,13,16,3,0.67187,0.803735,0.531034,11,5,2,0.758621,11,5,2,0.758621,11,5,2,0.758621,10,6,3,0.689655,9,7,4,0.62069,9,7,4,0.62069,7,9,6,0.482759,6,10,7,0.413793,3,13,10,0.206897,0,16,13,0.0
56,16,14,2,0.311002,0.47445,0.386667,12,2,4,0.8,12,2,4,0.8,12,2,4,0.8,9,5,7,0.6,8,6,8,0.533333,4,10,12,0.266667,1,13,15,0.066667,0,14,16,0.0,0,14,16,0.0,0,14,16,0.0
57,19,23,4,0.641643,0.781709,0.495238,13,10,6,0.619048,13,10,6,0.619048,13,10,6,0.619048,13,10,6,0.619048,12,11,7,0.571429,12,11,7,0.571429,12,11,7,0.571429,11,12,8,0.52381,5,18,14,0.238095,0,23,19,0.0
58,15,15,0,0.464584,0.634424,0.666667,15,0,0,1.0,15,0,0,1.0,15,0,0,1.0,15,0,0,1.0,13,2,2,0.866667,12,3,3,0.8,10,5,5,0.666667,5,10,10,0.333333,0,15,15,0.0,0,15,15,0.0
59,8,7,1,0.402023,0.57349,0.666667,7,0,1,0.933333,7,0,1,0.933333,7,0,1,0.933333,7,0,1,0.933333,7,0,1,0.933333,6,1,2,0.8,5,2,3,0.666667,3,4,5,0.4,1,6,7,0.133333,0,7,8,0.0
60,35,33,2,0.369199,0.539292,0.591176,33,0,2,0.970588,33,0,2,0.970588,33,0,2,0.970588,33,0,2,0.970588,31,2,4,0.911765,27,6,8,0.794118,9,24,26,0.264706,2,31,33,0.058824,0,33,35,0.0,0,33,35,0.0
61,64,56,8,0.366608,0.536523,0.413333,44,12,20,0.733333,42,14,22,0.7,39,17,25,0.65,35,21,29,0.583333,31,25,33,0.516667,23,33,41,0.383333,20,36,44,0.333333,12,44,52,0.2,2,54,62,0.033333,0,56,64,0.0
62,21,15,6,0.272494,0.428283,0.25,11,4,10,0.611111,11,4,10,0.611111,8,7,13,0.444444,7,8,14,0.388889,4,11,17,0.222222,3,12,18,0.166667,1,14,20,0.055556,0,15,21,0.0,0,15,21,0.0,0,15,21,0.0
63,14,19,5,0.690956,0.817237,0.551515,12,7,2,0.727273,12,7,2,0.727273,12,7,2,0.727273,12,7,2,0.727273,12,7,2,0.727273,9,10,5,0.545455,9,10,5,0.545455,8,11,6,0.484848,5,14,9,0.30303,0,19,14,0.0
64,9,9,0,0.421728,0.593262,0.766667,9,0,0,1.0,9,0,0,1.0,9,0,0,1.0,9,0,0,1.0,9,0,0,1.0,9,0,0,1.0,9,0,0,1.0,4,5,5,0.444444,2,7,7,0.222222,0,9,9,0.0
65,15,18,3,0.645847,0.78482,0.527273,11,7,4,0.666667,11,7,4,0.666667,11,7,4,0.666667,11,7,4,0.666667,11,7,4,0.666667,11,7,4,0.666667,11,7,4,0.666667,7,11,8,0.424242,2,16,13,0.121212,1,17,14,0.060606
66,10,10,0,0.47422,0.643351,0.76,10,0,0,1.0,10,0,0,1.0,10,0,0,1.0,10,0,0,1.0,10,0,0,1.0,10,0,0,1.0,9,1,1,0.9,4,6,6,0.4,2,8,8,0.2,1,9,9,0.1
67,8,11,3,0.584463,0.737743,0.463158,6,5,2,0.631579,6,5,2,0.631579,6,5,2,0.631579,6,5,2,0.631579,6,5,2,0.631579,6,5,2,0.631579,5,6,3,0.526316,3,8,5,0.315789,0,11,8,0.0,0,11,8,0.0
68,8,8,0,0.344764,0.51275,0.5875,8,0,0,1.0,8,0,0,1.0,8,0,0,1.0,7,1,1,0.875,6,2,2,0.75,4,4,4,0.5,4,4,4,0.5,2,6,6,0.25,0,8,8,0.0,0,8,8,0.0
69,13,11,2,0.34423,0.51216,0.441667,10,1,3,0.833333,10,1,3,0.833333,9,2,4,0.75,9,2,4,0.75,7,4,6,0.583333,5,6,8,0.416667,2,9,11,0.166667,1,10,12,0.083333,0,11,13,0.0,0,11,13,0.0
70,8,7,1,0.452336,0.622909,0.773333,7,0,1,0.933333,7,0,1,0.933333,7,0,1,0.933333,7,0,1,0.933333,7,0,1,0.933333,7,0,1,0.933333,7,0,1,0.933333,6,1,2,0.8,3,4,5,0.4,0,7,8,0.0
71,5,5,0,0.445813,0.616695,0.82,5,0,0,1.0,5,0,0,1.0,5,0,0,1.0,5,0,0,1.0,5,0,0,1.0,5,0,0,1.0,5,0,0,1.0,4,1,1,0.8,2,3,3,0.4,0,5,5,0.0
72,15,14,1,0.665524,0.799176,0.510345,10,4,5,0.689655,10,4,5,0.689655,9,5,6,0.62069,9,5,6,0.62069,9,5,6,0.62069,9,5,6,0.62069,8,6,7,0.551724,6,8,9,0.413793,4,10,11,0.275862,0,14,15,0.0
73,10,9,1,0.640413,0.780795,0.505263,6,3,4,0.631579,6,3,4,0.631579,6,3,4,0.631579,6,3,4,0.631579,6,3,4,0.631579,5,4,5,0.526316,5,4,5,0.526316,4,5,6,0.421053,3,6,7,0.315789,1,8,9,0.105263
74,10,8,2,0.380111,0.550841,0.688889,8,0,2,0.888889,8,0,2,0.888889,8,0,2,0.888889,8,0,2,0.888889,8,0,2,0.888889,8,0,2,0.888889,7,1,3,0.777778,4,4,6,0.444444,3,5,7,0.333333,0,8,10,0.0
75,38,38,0,0.320609,0.485547,0.160526,25,13,13,0.657895,18,20,20,0.473684,13,25,25,0.342105,5,33,33,0.131579,0,38,38,0.0,0,38,38,0.0,0,38,38,0.0,0,38,38,0.0,0,38,38,0.0,0,38,38,0.0
76,1,1,0,0.335294,0.502203,0.6,1,0,0,1.0,1,0,0,1.0,1,0,0,1.0,1,0,0,1.0,1,0,0,1.0,1,0,0,1.0,0,1,1,0.0,0,1,1,0.0,0,1,1,0.0,0,1,1,0.0
77,41,40,1,0.388081,0.559162,0.614815,39,1,2,0.962963,37,3,4,0.91358,36,4,5,0.888889,35,5,6,0.864198,34,6,7,0.839506,31,9,10,0.765432,23,17,18,0.567901,10,30,31,0.246914,4,36,37,0.098765,0,40,41,0.0
78,14,10,4,0.700123,0.823615,0.725,10,0,4,0.833333,10,0,4,0.833333,10,0,4,0.833333,10,0,4,0.833333,10,0,4,0.833333,10,0,4,0.833333,8,2,6,0.666667,8,2,6,0.666667,8,2,6,0.666667,3,7,11,0.25
79,12,17,5,0.607425,0.755774,0.386207,8,9,4,0.551724,6,11,6,0.413793,6,11,6,0.413793,6,11,6,0.413793,6,11,6,0.413793,6,11,6,0.413793,6,11,6,0.413793,5,12,7,0.344828,4,13,8,0.275862,3,14,9,0.206897
80,1,1,0,0.381132,0.551913,0.7,1,0,0,1.0,1,0,0,1.0,1,0,0,1.0,1,0,0,1.0,1,0,0,1.0,1,0,0,1.0,1,0,0,1.0,0,1,1,0.0,0,1,1,0.0,0,1,1,0.0
81,9,9,0,0.412017,0.583587,0.677778,9,0,0,1.0,9,0,0,1.0,9,0,0,1.0,9,0,0,1.0,8,1,1,0.888889,7,2,2,0.777778,5,4,4,0.555556,4,5,5,0.444444,1,8,8,0.111111,0,9,9,0.0
82,2,0,2,0.031807,0.061652,0.0,0,0,2,0.0,0,0,2,0.0,0,0,2,0.0,0,0,2,0.0,0,0,2,0.0,0,0,2,0.0,0,0,2,0.0,0,0,2,0.0,0,0,2,0.0,0,0,2,0.0
83,10,1,9,0.038256,0.073692,0.0,0,1,10,0.0,0,1,10,0.0,0,1,10,0.0,0,1,10,0.0,0,1,10,0.0,0,1,10,0.0,0,1,10,0.0,0,1,10,0.0,0,1,10,0.0,0,1,10,0.0
84,2,0,2,0.0,0.0,0.0,0,0,2,0.0,0,0,2,0.0,0,0,2,0.0,0,0,2,0.0,0,0,2,0.0,0,0,2,0.0,0,0,2,0.0,0,0,2,0.0,0,0,2,0.0,0,0,2,0.0
85,27,22,5,0.470581,0.639993,0.338776,17,5,10,0.693878,14,8,13,0.571429,12,10,15,0.489796,11,11,16,0.44898,10,12,17,0.408163,8,14,19,0.326531,5,17,22,0.204082,5,17,22,0.204082,1,21,26,0.040816,0,22,27,0.0
86,17,39,22,0.644097,0.783526,0.1,4,35,13,0.142857,4,35,13,0.142857,4,35,13,0.142857,4,35,13,0.142857,4,35,13,0.142857,3,36,14,0.107143,2,37,15,0.071429,2,37,15,0.071429,1,38,16,0.035714,0,39,17,0.0
87,20,27,7,0.662688,0.797128,0.412766,15,12,5,0.638298,15,12,5,0.638298,14,13,6,0.595745,13,14,7,0.553191,13,14,7,0.553191,12,15,8,0.510638,10,17,10,0.425532,5,22,15,0.212766,0,27,20,0.0,0,27,20,0.0
88,13,17,4,0.666698,0.800023,0.126667,5,12,8,0.333333,3,14,10,0.2,3,14,10,0.2,2,15,11,0.133333,2,15,11,0.133333,1,16,12,0.066667,1,16,12,0.066667,1,16,12,0.066667,1,16,12,0.066667,0,17,13,0.0
89,60,62,2,0.522549,0.686414,0.234426,31,31,29,0.508197,29,33,31,0.47541,23,39,37,0.377049,22,40,38,0.360656,17,45,43,0.278689,14,48,46,0.229508,7,55,53,0.114754,0,62,60,0.0,0,62,60,0.0,0,62,60,0.0
90,43,36,7,0.528691,0.691691,0.465823,30,6,13,0.759494,30,6,13,0.759494,28,8,15,0.708861,26,10,17,0.658228,22,14,21,0.556962,20,16,23,0.506329,15,21,28,0.379747,9,27,34,0.227848,4,32,39,0.101266,0,36,43,0.0
91,30,14,16,0.747155,0.855282,0.081818,3,11,27,0.136364,3,11,27,0.136364,3,11,27,0.136364,3,11,27,0.136364,2,12,28,0.090909,2,12,28,0.090909,1,13,29,0.045455,1,13,29,0.045455,0,14,30,0.0,0,14,30,0.0
92,48,42,6,0.59692,0.747589,0.382222,26,16,22,0.577778,26,16,22,0.577778,23,19,25,0.511111,22,20,26,0.488889,21,21,27,0.466667,21,21,27,0.466667,17,25,31,0.377778,13,29,35,0.288889,3,39,45,0.066667,0,42,48,0.0
93,44,50,6,0.532636,0.695059,0.355319,29,21,15,0.617021,25,25,19,0.531915,24,26,20,0.510638,20,30,24,0.425532,19,31,25,0.404255,18,32,26,0.382979,14,36,30,0.297872,12,38,32,0.255319,6,44,38,0.12766,0,50,44,0.0
94,12,57,45,0.544515,0.705095,0.055072,6,51,6,0.173913,5,52,7,0.144928,3,54,9,0.086957,2,55,10,0.057971,1,56,11,0.028986,1,56,11,0.028986,1,56,11,0.028986,0,57,12,0.0,0,57,12,0.0,0,57,12,0.0
95,61,59,2,0.524844,0.688391,0.353333,38,21,23,0.633333,34,25,27,0.566667,30,29,31,0.5,28,31,33,0.466667,25,34,36,0.416667,22,37,39,0.366667,20,39,41,0.333333,12,47,49,0.2,3,56,58,0.05,0,59,61,0.0
96,11,13,2,0.536645,0.698464,0.158333,5,8,6,0.416667,5,8,6,0.416667,4,9,7,0.333333,2,11,9,0.166667,2,11,9,0.166667,1,12,10,0.083333,0,13,11,0.0,0,13,11,0.0,0,13,11,0.0,0,13,11,0.0
97,24,27,3,0.311028,0.47448,0.376471,17,10,7,0.666667,15,12,9,0.588235,14,13,10,0.54902,14,13,10,0.54902,14,13,10,0.54902,11,16,13,0.431373,7,20,17,0.27451,4,23,20,0.156863,0,27,24,0.0,0,27,24,0.0
98,30,33,3,0.359225,0.528573,0.260317,15,18,15,0.47619,15,18,15,0.47619,13,20,17,0.412698,11,22,19,0.349206,10,23,20,0.31746,8,25,22,0.253968,6,27,24,0.190476,4,29,26,0.126984,0,33,30,0.0,0,33,30,0.0
99,95,67,28,0.722437,0.838855,0.104938,23,44,72,0.283951,21,46,74,0.259259,17,50,78,0.209877,12,55,83,0.148148,7,60,88,0.08642,4,63,91,0.049383,1,66,94,0.012346,0,67,95,0.0,0,67,95,0.0,0,67,95,0.0
100,90,82,8,0.544595,0.705162,0.274419,52,30,38,0.604651,47,35,43,0.546512,40,42,50,0.465116,34,48,56,0.395349,26,56,64,0.302326,17,65,73,0.197674,13,69,77,0.151163,6,76,84,0.069767,1,81,89,0.011628,0,82,90,0.0
0,4,4,0,0.629878,0.772914,0.675,4,0,0,1.0,4,0,0,1.0,4,0,0,1.0,4,0,0,1.0,4,0,0,1.0,3,1,1,0.75,3,1,1,0.75,1,3,3,0.25,0,4,4,0.0,0,4,4,0.0
1,28,22,6,0.442697,0.613707,0.452,18,4,10,0.72,16,6,12,0.64,15,7,13,0.6,14,8,14,0.56,14,8,14,0.56,14,8,14,0.56,12,10,16,0.48,6,16,22,0.24,3,19,25,0.12,1,21,27,0.04
2,15,14,1,0.490211,0.657909,0.689655,13,1,2,0.896552,13,1,2,0.896552,13,1,2,0.896552,13,1,2,0.896552,13,1,2,0.896552,13,1,2,0.896552,11,3,4,0.758621,10,4,5,0.689655,1,13,14,0.068966,0,14,15,0.0
3,21,47,26,0.630278,0.773215,0.279412,14,33,7,0.411765,13,34,8,0.382353,13,34,8,0.382353,13,34,8,0.382353,13,34,8,0.382353,11,36,10,0.323529,7,40,14,0.205882,7,40,14,0.205882,4,43,17,0.117647,0,47,21,0.0
4,11,10,1,0.35866,0.527962,0.504762,10,0,1,0.952381,10,0,1,0.952381,10,0,1,0.952381,7,3,4,0.666667,6,4,5,0.571429,4,6,7,0.380952,4,6,7,0.380952,1,9,10,0.095238,1,9,10,0.095238,0,10,11,0.0
5,47,48,1,0.309326,0.472497,0.52,41,7,6,0.863158,39,9,8,0.821053,39,9,8,0.821053,39,9,8,0.821053,37,11,10,0.778947,27,21,20,0.568421,19,29,28,0.4,3,45,44,0.063158,2,46,45,0.042105,1,47,46,0.021053
6,68,68,0,0.317683,0.482184,0.460294,53,15,15,0.779412,47,21,21,0.691176,45,23,23,0.661765,41,27,27,0.602941,38,30,30,0.558824,32,36,36,0.470588,26,42,42,0.382353,21,47,47,0.308824,10,58,58,0.147059,0,68,68,0.0
7,28,26,2,0.612018,0.759319,0.77037,25,1,3,0.925926,25,1,3,0.925926,25,1,3,0.925926,25,1,3,0.925926,25,1,3,0.925926,24,2,4,0.888889,23,3,5,0.851852,19,7,9,0.703704,13,13,15,0.481481,4,22,24,0.148148
8,23,23,0,0.639515,0.780127,0.873913,23,0,0,1.0,23,0,0,1.0,23,0,0,1.0,23,0,0,1.0,23,0,0,1.0,22,1,1,0.956522,22,1,1,0.956522,20,3,3,0.869565,17,6,6,0.73913,5,18,18,0.217391
9,12,12,0,0.632423,0.774827,0.575,9,3,3,0.75,9,3,3,0.75,9,3,3,0.75,9,3,3,0.75,9,3,3,0.75,9,3,3,0.75,7,5,5,0.583333,5,7,7,0.416667,2,10,10,0.166667,1,11,11,0.083333
10,19,17,2,0.559218,0.717306,0.761111,17,0,2,0.944444,17,0,2,0.944444,17,0,2,0.944444,16,1,3,0.888889,16,1,3,0.888889,16,1,3,0.888889,15,2,4,0.833333,15,2,4,0.833333,8,9,11,0.444444,0,17,19,0.0
11,4,3,1,0.398879,0.570284,0.657143,3,0,1,0.857143,3,0,1,0.857143,3,0,1,0.857143,3,0,1,0.857143,3,0,1,0.857143,3,0,1,0.857143,3,0,1,0.857143,1,2,3,0.285714,1,2,3,0.285714,0,3,4,0.0
12,28,26,2,0.311782,0.475356,0.222222,22,4,6,0.814815,15,11,13,0.555556,9,17,19,0.333333,7,19,21,0.259259,4,22,24,0.148148,2,24,26,0.074074,1,25,27,0.037037,0,26,28,0.0,0,26,28,0.0,0,26,28,0.0
13,7,8,1,0.64755,0.786077,0.626667,6,2,1,0.8,6,2,1,0.8,6,2,1,0.8,6,2,1,0.8,6,2,1,0.8,6,2,1,0.8,5,3,2,0.666667,5,3,2,0.666667,1,7,6,0.133333,0,8,7,0.0
14,10,9,1,0.406429,0.577958,0.610526,9,0,1,0.947368,9,0,1,0.947368,9,0,1,0.947368,8,1,2,0.842105,7,2,3,0.736842,6,3,4,0.631579,4,5,6,0.421053,4,5,6,0.421053,2,7,8,0.210526,0,9,10,0.0
15,39,40,1,0.342191,0.509899,0.56962,37,3,2,0.936709,35,5,4,0.886076,34,6,5,0.860759,33,7,6,0.835443,30,10,9,0.759494,28,12,11,0.708861,20,20,19,0.506329,7,33,32,0.177215,1,39,38,0.025316,0,40,39,0.0
16,11,9,2,0.385894,0.556888,0.71,9,0,2,0.9,9,0,2,0.9,9,0,2,0.9,9,0,2,0.9,9,0,2,0.9,9,0,2,0.9,8,1,3,0.8,5,4,6,0.5,4,5,7,0.4,0,9,11,0.0
17,5,5,0,0.339901,0.507353,0.42,3,2,2,0.6,3,2,2,0.6,3,2,2,0.6,3,2,2,0.6,3,2,2,0.6,2,3,3,0.4,2,3,3,0.4,2,3,3,0.4,0,5,5,0.0,0,5,5,0.0
18,38,30,8,0.392975,0.564224,0.385294,26,4,12,0.764706,24,6,14,0.705882,23,7,15,0.676471,17,13,21,0.5,14,16,24,0.411765,11,19,27,0.323529,9,21,29,0.264706,5,25,33,0.147059,2,28,36,0.058824,0,30,38,0.0
19,20,16,4,0.279294,0.436638,0.311111,14,2,6,0.777778,13,3,7,0.722222,12,4,8,0.666667,8,8,12,0.444444,6,10,14,0.333333,2,14,18,0.111111,1,15,19,0.055556,0,16,20,0.0,0,16,20,0.0,0,16,20,0.0
20,11,10,1,0.339832,0.507275,0.447619,10,0,1,0.952381,10,0,1,0.952381,9,1,2,0.857143,8,2,3,0.761905,6,4,5,0.571429,3,7,8,0.285714,1,9,10,0.095238,0,10,11,0.0,0,10,11,0.0,0,10,11,0.0
21,6,6,0,0.465877,0.635629,0.733333,6,0,0,1.0,6,0,0,1.0,6,0,0,1.0,6,0,0,1.0,6,0,0,1.0,6,0,0,1.0,5,1,1,0.833333,2,4,4,0.333333,1,5,5,0.166667,0,6,6,0.0
22,15,12,3,0.454899,0.625335,0.385185,9,3,6,0.666667,8,4,7,0.592593,8,4,7,0.592593,7,5,8,0.518519,5,7,10,0.37037,5,7,10,0.37037,5,7,10,0.37037,5,7,10,0.37037,0,12,15,0.0,0,12,15,0.0
23,20,16,4,0.662926,0.7973,0.616667,15,1,5,0.833333,15,1,5,0.833333,15,1,5,0.833333,14,2,6,0.777778,14,2,6,0.777778,12,4,8,0.666667,11,5,9,0.611111,10,6,10,0.555556,3,13,17,0.166667,2,14,18,0.111111
24,57,43,14,0.292266,0.452331,0.144,26,17,31,0.52,18,25,39,0.36,13,30,44,0.26,7,36,50,0.14,3,40,54,0.06,2,41,55,0.04,2,41,55,0.04,1,42,56,0.02,0,43,57,0.0,0,43,57,0.0
25,27,28,1,0.38279,0.553649,0.381818,22,6,5,0.8,19,9,8,0.690909,19,9,8,0.690909,16,12,11,0.581818,10,18,17,0.363636,10,18,17,0.363636,8,20,19,0.290909,1,27,26,0.036364,0,28,27,0.0,0,28,27,0.0
26,19,17,2,0.592609,0.744199,0.555556,16,1,3,0.888889,16,1,3,0.888889,15,2,4,0.833333,15,2,4,0.833333,15,2,4,0.833333,13,4,6,0.722222,7,10,12,0.388889,2,15,17,0.111111,1,16,18,0.055556,0,17,19,0.0
27,8,7,1,0.36821,0.538237,0.493333,6,1,2,0.8,6,1,2,0.8,6,1,2,0.8,5,2,3,0.666667,4,3,4,0.533333,4,3,4,0.533333,3,4,5,0.4,3,4,5,0.4,0,7,8,0.0,0,7,8,0.0
28,24,22,2,0.374906,0.545355,0.521739,21,1,3,0.913043,20,2,4,0.869565,18,4,6,0.782609,17,5,7,0.73913,15,7,9,0.652174,14,8,10,0.608696,10,12,14,0.434783,4,18,20,0.173913,1,21,23,0.043478,0,22,24,0.0
29,24,23,1,0.478238,0.647038,0.710638,23,0,1,0.978723,23,0,1,0.978723,23,0,1,0.978723,23,0,1,0.978723,23,0,1,0.978723,23,0,1,0.978723,16,7,8,0.680851,11,12,13,0.468085,2,21,22,0.085106,0,23,24,0.0
30,13,13,0,0.419583,0.591135,0.730769,13,0,0,1.0,13,0,0,1.0,13,0,0,1.0,13,0,0,1.0,13,0,0,1.0,11,2,2,0.846154,9,4,4,0.692308,7,6,6,0.538462,2,11,11,0.153846,1,12,12,0.076923
31,12,11,1,0.344941,0.512946,0.634783,11,0,1,0.956522,11,0,1,0.956522,11,0,1,0.956522,11,0,1,0.956522,9,2,3,0.782609,8,3,4,0.695652,6,5,6,0.521739,4,7,8,0.347826,2,9,10,0.173913,0,11,12,0.0
32,16,14,2,0.381069,0.551846,0.533333,13,1,3,0.866667,12,2,4,0.8,11,3,5,0.733333,10,4,6,0.666667,10,4,6,0.666667,9,5,7,0.6,7,7,9,0.466667,6,8,10,0.4,2,12,14,0.133333,0,14,16,0.0
33,6,6,0,0.406208,0.577735,0.683333,6,0,0,1.0,6,0,0,1.0,6,0,0,1.0,6,0,0,1.0,6,0,0,1.0,5,1,1,0.833333,3,3,3,0.5,2,4,4,0.333333,1,5,5,0.166667,0,6,6,0.0
34,32,30,2,0.186716,0.314677,0.216129,16,14,16,0.516129,15,15,17,0.483871,12,18,20,0.387097,11,19,21,0.354839,8,22,24,0.258065,3,27,29,0.096774,2,28,30,0.064516,0,30,32,0.0,0,30,32,0.0,0,30,32,0.0
35,14,21,7,0.411475,0.583042,0.531429,14,7,0,0.8,14,7,0,0.8,13,8,1,0.742857,13,8,1,0.742857,13,8,1,0.742857,12,9,2,0.685714,9,12,5,0.514286,5,16,9,0.285714,0,21,14,0.0,0,21,14,0.0
36,76,77,1,0.345276,0.513316,0.585621,74,3,2,0.96732,74,3,2,0.96732,71,6,5,0.928105,68,9,8,0.888889,61,16,15,0.797386,51,26,25,0.666667,29,48,47,0.379085,14,63,62,0.183007,5,72,71,0.065359,1,76,75,0.013072
37,36,36,0,0.368081,0.538098,0.602778,36,0,0,1.0,36,0,0,1.0,36,0,0,1.0,34,2,2,0.944444,28,8,8,0.777778,21,15,15,0.583333,16,20,20,0.444444,7,29,29,0.194444,3,33,33,0.083333,0,36,36,0.0
38,13,21,8,0.614774,0.761437,0.476471,12,9,1,0.705882,12,9,1,0.705882,12,9,1,0.705882,10,11,3,0.588235,9,12,4,0.529412,9,12,4,0.529412,9,12,4,0.529412,7,14,6,0.411765,1,20,12,0.058824,0,21,13,0.0
39,14,11,3,0.367382,0.537351,0.576,10,1,4,0.8,10,1,4,0.8,10,1,4,0.8,10,1,4,0.8,10,1,4,0.8,9,2,5,0.72,8,3,6,0.64,5,6,9,0.4,0,11,14,0.0,0,11,14,0.0
40,6,6,0,0.402195,0.573665,0.733333,6,0,0,1.0,6,0,0,1.0,6,0,0,1.0,6,0,0,1.0,6,0,0,1.0,6,0,0,1.0,5,1,1,0.833333,3,3,3,0.5,0,6,6,0.0,0,6,6,0.0
41,13,12,1,0.724445,0.840207,0.632,9,3,4,0.72,9,3,4,0.72,9,3,4,0.72,9,3,4,0.72,9,3,4,0.72,9,3,4,0.72,9,3,4,0.72,7,5,6,0.56,5,7,8,0.4,4,8,9,0.32
42,36,37,1,0.467499,0.637137,0.69589,36,1,0,0.986301,36,1,0,0.986301,35,2,1,0.958904,35,2,1,0.958904,35,2,1,0.958904,31,6,5,0.849315,25,12,11,0.684932,14,23,22,0.383562,7,30,29,0.191781,0,37,36,0.0
43,12,19,7,0.586299,0.739204,0.36129,9,10,3,0.580645,9,10,3,0.580645,9,10,3,0.580645,9,10,3,0.580645,8,11,4,0.516129,5,14,7,0.322581,4,15,8,0.258065,2,17,10,0.129032,1,18,11,0.064516,0,19,12,0.0
44,60,53,7,0.263507,0.417104,0.371681,37,16,23,0.654867,35,18,25,0.619469,33,20,27,0.584071,33,20,27,0.584071,27,26,33,0.477876,21,32,39,0.371681,15,38,45,0.265487,8,45,52,0.141593,1,52,59,0.017699,0,53,60,0.0
45,28,29,1,0.310924,0.474359,0.185965,21,8,7,0.736842,15,14,13,0.526316,11,18,17,0.385965,6,23,22,0.210526,0,29,28,0.0,0,29,28,0.0,0,29,28,0.0,0,29,28,0.0,0,29,28,0.0,0,29,28,0.0
46,74,68,6,0.367222,0.53718,0.542254,60,8,14,0.84507,60,8,14,0.84507,60,8,14,0.84507,57,11,17,0.802817,55,13,19,0.774648,43,25,31,0.605634,29,39,45,0.408451,18,50,56,0.253521,3,65,71,0.042254,0,68,74,0.0
47,49,48,1,0.300724,0.462394,0.148454,26,22,23,0.536082,20,28,29,0.412371,14,34,35,0.28866,8,40,41,0.164948,2,46,47,0.041237,2,46,47,0.041237,0,48,49,0.0,0,48,49,0.0,0,48,49,0.0,0,48,49,0.0
48,29,29,0,0.624246,0.768659,0.806897,27,2,2,0.931034,27,2,2,0.931034,27,2,2,0.931034,27,2,2,0.931034,27,2,2,0.931034,26,3,3,0.896552,25,4,4,0.862069,25,4,4,0.862069,20,9,9,0.689655,3,26,26,0.103448
49,18,19,1,0.395304,0.566621,0.637838,18,1,0,0.972973,18,1,0,0.972973,18,1,0,0.972973,18,1,0,0.972973,17,2,1,0.918919,14,5,4,0.756757,9,10,9,0.486486,4,15,14,0.216216,2,17,16,0.108108,0,19,18,0.0
50,33,32,1,0.381964,0.552785,0.646154,32,0,1,0.984615,32,0,1,0.984615,31,1,2,0.953846,30,2,3,0.923077,30,2,3,0.923077,24,8,9,0.738462,17,15,16,0.523077,9,23,24,0.276923,4,28,29,0.123077,1,31,32,0.030769
51,42,32,10,0.43804,0.609218,0.559459,28,4,14,0.756757,28,4,14,0.756757,28,4,14,0.756757,27,5,15,0.72973,27,5,15,0.72973,26,6,16,0.702703,25,7,17,0.675676,16,16,26,0.432432,2,30,40,0.054054,0,32,42,0.0
52,32,31,1,0.369285,0.539383,0.663492,31,0,1,0.984127,31,0,1,0.984127,31,0,1,0.984127,31,0,1,0.984127,27,4,5,0.857143,24,7,8,0.761905,18,13,14,0.571429,12,19,20,0.380952,3,28,29,0.095238,1,30,31,0.031746
53,59,56,3,0.314433,0.478431,0.466087,46,10,13,0.8,45,11,14,0.782609,43,13,16,0.747826,41,15,18,0.713043,38,18,21,0.66087,32,24,27,0.556522,20,36,39,0.347826,3,53,56,0.052174,0,56,59,0.0,0,56,59,0.0
54,12,12,0,0.437215,0.608419,0.55,10,2,2,0.833333,10,2,2,0.833333,10,2,2,0.833333,9,3,3,0.75,9,3,3,0.75,8,4,4,0.666667,7,5,5,0.583333,3,9,9,0.25,0,12,12,0.0,0,12,12,0.0
55,11,15,4,0.700311,0.823745,0.684615,11,4,0,0.846154,11,4,0,0.846154,11,4,0,0.846154,11,4,0,0.846154,11,4,0,0.846154,10,5,1,0.769231,10,5,1,0.769231,9,6,2,0.692308,5,10,6,0.384615,0,15,11,0.0
56,7,6,1,0.404113,0.575614,0.676923,6,0,1,0.923077,6,0,1,0.923077,6,0,1,0.923077,6,0,1,0.923077,6,0,1,0.923077,6,0,1,0.923077,4,2,3,0.615385,3,3,4,0.461538,1,5,6,0.153846,0,6,7,0.0
57,40,37,3,0.387451,0.558507,0.683117,36,1,4,0.935065,35,2,5,0.909091,35,2,5,0.909091,34,3,6,0.883117,33,4,7,0.857143,33,4,7,0.857143,27,10,13,0.701299,21,16,19,0.545455,8,29,32,0.207792,1,36,39,0.025974
58,65,52,13,0.264755,0.418667,0.389744,45,7,20,0.769231,43,9,22,0.735043,40,12,25,0.683761,34,18,31,0.581197,29,23,36,0.495726,20,32,45,0.34188,14,38,51,0.239316,2,50,63,0.034188,1,51,64,0.017094,0,52,65,0.0
59,33,32,1,0.621108,0.766276,0.766154,31,1,2,0.953846,30,2,3,0.923077,30,2,3,0.923077,28,4,5,0.861538,28,4,5,0.861538,27,5,6,0.830769,27,5,6,0.830769,26,6,7,0.8,19,13,14,0.584615,3,29,30,0.092308
60,9,7,2,0.715633,0.834249,0.825,7,0,2,0.875,7,0,2,0.875,7,0,2,0.875,7,0,2,0.875,7,0,2,0.875,7,0,2,0.875,7,0,2,0.875,7,0,2,0.875,5,2,4,0.625,5,2,4,0.625
61,7,7,0,0.289855,0.449438,0.442857,7,0,0,1.0,7,0,0,1.0,7,0,0,1.0,5,2,2,0.714286,4,3,3,0.571429,1,6,6,0.142857,0,7,7,0.0,0,7,7,0.0,0,7,7,0.0,0,7,7,0.0
62,41,43,2,0.304025,0.466288,0.545238,39,4,2,0.928571,39,4,2,0.928571,37,6,4,0.880952,35,8,6,0.833333,33,10,8,0.785714,28,15,13,0.666667,14,29,27,0.333333,3,40,38,0.071429,1,42,40,0.02381,0,43,41,0.0
63,15,12,3,0.40936,0.580916,0.607407,12,0,3,0.888889,11,1,4,0.814815,11,1,4,0.814815,11,1,4,0.814815,11,1,4,0.814815,11,1,4,0.814815,10,2,5,0.740741,5,7,10,0.37037,0,12,15,0.0,0,12,15,0.0
64,23,21,2,0.443304,0.614291,0.654545,20,1,3,0.909091,20,1,3,0.909091,20,1,3,0.909091,20,1,3,0.909091,19,2,4,0.863636,18,3,5,0.818182,16,5,7,0.727273,9,12,14,0.409091,2,19,21,0.090909,0,21,23,0.0
65,20,17,3,0.382026,0.552849,0.686486,17,0,3,0.918919,17,0,3,0.918919,17,0,3,0.918919,17,0,3,0.918919,17,0,3,0.918919,16,1,4,0.864865,15,2,5,0.810811,8,9,12,0.432432,3,14,17,0.162162,0,17,20,0.0
66,10,10,0,0.419273,0.590828,0.65,10,0,0,1.0,10,0,0,1.0,10,0,0,1.0,9,1,1,0.9,9,1,1,0.9,9,1,1,0.9,5,5,5,0.5,2,8,8,0.2,1,9,9,0.1,0,10,10,0.0
67,7,7,0,0.436702,0.607923,0.814286,7,0,0,1.0,7,0,0,1.0,7,0,0,1.0,7,0,0,1.0,7,0,0,1.0,7,0,0,1.0,7,0,0,1.0,5,2,2,0.714286,3,4,4,0.428571,0,7,7,0.0
68,14,16,2,0.734904,0.847198,0.566667,9,7,5,0.6,9,7,5,0.6,9,7,5,0.6,9,7,5,0.6,9,7,5,0.6,9,7,5,0.6,9,7,5,0.6,9,7,5,0.6,9,7,5,0.6,4,12,10,0.266667
69,32,30,2,0.565505,0.722457,0.641935,27,3,5,0.870968,26,4,6,0.83871,24,6,8,0.774194,24,6,8,0.774194,24,6,8,0.774194,23,7,9,0.741935,22,8,10,0.709677,18,12,14,0.580645,10,20,22,0.322581,1,29,31,0.032258
70,18,15,3,0.494344,0.66162,0.666667,15,0,3,0.909091,15,0,3,0.909091,14,1,4,0.848485,13,2,5,0.787879,13,2,5,0.787879,13,2,5,0.787879,13,2,5,0.787879,12,3,6,0.727273,2,13,16,0.121212,0,15,18,0.0
71,5,7,2,0.732078,0.845318,0.5,3,4,2,0.5,3,4,2,0.5,3,4,2,0.5,3,4,2,0.5,3,4,2,0.5,3,4,2,0.5,3,4,2,0.5,3,4,2,0.5,3,4,2,0.5,3,4,2,0.5
72,7,12,5,0.567387,0.723991,0.4,6,6,1,0.631579,6,6,1,0.631579,6,6,1,0.631579,6,6,1,0.631579,6,6,1,0.631579,4,8,3,0.421053,2,10,5,0.210526,1,11,6,0.105263,1,11,6,0.105263,0,12,7,0.0
73,18,20,2,0.611614,0.759008,0.384211,13,7,5,0.684211,12,8,6,0.631579,10,10,8,0.526316,9,11,9,0.473684,8,12,10,0.421053,7,13,11,0.368421,6,14,12,0.315789,5,15,13,0.263158,3,17,15,0.157895,0,20,18,0.0
74,22,19,3,0.576512,0.731376,0.678049,19,0,3,0.926829,18,1,4,0.878049,17,2,5,0.829268,17,2,5,0.829268,17,2,5,0.829268,16,3,6,0.780488,14,5,8,0.682927,13,6,9,0.634146,8,11,14,0.390244,0,19,22,0.0
75,0,0,0,1.0,1.0,0.0,0,0,0,0.0,0,0,0,0.0,0,0,0,0.0,0,0,0,0.0,0,0,0,0.0,0,0,0,0.0,0,0,0,0.0,0,0,0,0.0,0,0,0,0.0,0,0,0,0.0
76,51,53,2,0.496483,0.663533,0.655769,50,3,1,0.961538,50,3,1,0.961538,50,3,1,0.961538,47,6,4,0.903846,44,9,7,0.846154,44,9,7,0.846154,33,20,18,0.634615,20,33,31,0.384615,3,50,48,0.057692,0,53,51,0.0
77,14,13,1,0.473424,0.642618,0.585185,11,2,3,0.814815,11,2,3,0.814815,11,2,3,0.814815,10,3,4,0.740741,10,3,4,0.740741,10,3,4,0.740741,9,4,5,0.666667,7,6,7,0.518519,0,13,14,0.0,0,13,14,0.0
78,17,12,5,0.440998,0.612073,0.351724,9,3,8,0.62069,9,3,8,0.62069,7,5,10,0.482759,7,5,10,0.482759,6,6,11,0.413793,4,8,13,0.275862,4,8,13,0.275862,4,8,13,0.275862,1,11,16,0.068966,0,12,17,0.0
79,47,54,7,0.326141,0.491865,0.174257,27,27,20,0.534653,25,29,22,0.49505,16,38,31,0.316832,12,42,35,0.237624,5,49,42,0.09901,3,51,44,0.059406,0,54,47,0.0,0,54,47,0.0,0,54,47,0.0,0,54,47,0.0
80,20,18,2,0.43263,0.603966,0.663158,17,1,3,0.894737,17,1,3,0.894737,17,1,3,0.894737,17,1,3,0.894737,17,1,3,0.894737,17,1,3,0.894737,13,5,7,0.684211,9,9,11,0.473684,2,16,18,0.105263,0,18,20,0.0
81,48,44,4,0.400803,0.572247,0.615217,43,1,5,0.934783,42,2,6,0.913043,41,3,7,0.891304,41,3,7,0.891304,40,4,8,0.869565,33,11,15,0.717391,27,17,21,0.586957,14,30,34,0.304348,2,42,46,0.043478,0,44,48,0.0
82,3,0,3,0.004352,0.008666,0.0,0,0,3,0.0,0,0,3,0.0,0,0,3,0.0,0,0,3,0.0,0,0,3,0.0,0,0,3,0.0,0,0,3,0.0,0,0,3,0.0,0,0,3,0.0,0,0,3,0.0
83,13,11,2,0.405076,0.57659,0.283333,8,3,5,0.666667,5,6,8,0.416667,5,6,8,0.416667,4,7,9,0.333333,4,7,9,0.333333,4,7,9,0.333333,3,8,10,0.25,1,10,12,0.083333,0,11,13,0.0,0,11,13,0.0
84,3,0,3,0.049065,0.093541,0.0,0,0,3,0.0,0,0,3,0.0,0,0,3,0.0,0,0,3,0.0,0,0,3,0.0,0,0,3,0.0,0,0,3,0.0,0,0,3,0.0,0,0,3,0.0,0,0,3,0.0
85,14,29,15,0.619217,0.764835,0.274419,12,17,2,0.55814,10,19,4,0.465116,9,20,5,0.418605,8,21,6,0.372093,7,22,7,0.325581,6,23,8,0.27907,4,25,10,0.186047,2,27,12,0.093023,1,28,13,0.046512,0,29,14,0.0
86,55,41,14,0.513707,0.67874,0.370833,28,13,27,0.583333,26,15,29,0.541667,24,17,31,0.5,23,18,32,0.479167,23,18,32,0.479167,19,22,36,0.395833,18,23,37,0.375,9,32,46,0.1875,7,34,48,0.145833,1,40,54,0.020833
87,9,20,11,0.502081,0.668514,0.186207,5,15,4,0.344828,5,15,4,0.344828,4,16,5,0.275862,3,17,6,0.206897,3,17,6,0.206897,3,17,6,0.206897,2,18,7,0.137931,1,19,8,0.068966,1,19,8,0.068966,0,20,9,0.0
88,12,5,7,0.750164,0.85725,0.117647,2,3,10,0.235294,2,3,10,0.235294,2,3,10,0.235294,2,3,10,0.235294,1,4,11,0.117647,1,4,11,0.117647,0,5,12,0.0,0,5,12,0.0,0,5,12,0.0,0,5,12,0.0
89,24,25,1,0.312055,0.475673,0.089796,7,18,17,0.285714,6,19,18,0.244898,3,22,21,0.122449,2,23,22,0.081633,2,23,22,0.081633,1,24,23,0.040816,1,24,23,0.040816,0,25,24,0.0,0,25,24,0.0,0,25,24,0.0
90,14,16,2,0.832328,0.908493,0.133333,4,12,10,0.266667,4,12,10,0.266667,3,13,11,0.2,2,14,12,0.133333,2,14,12,0.133333,2,14,12,0.133333,2,14,12,0.133333,1,15,13,0.066667,0,16,14,0.0,0,16,14,0.0
91,31,28,3,0.506514,0.672432,0.4,18,10,13,0.610169,16,12,15,0.542373,16,12,15,0.542373,15,13,16,0.508475,13,15,18,0.440678,13,15,18,0.440678,13,15,18,0.440678,9,19,22,0.305085,5,23,26,0.169492,0,28,31,0.0
92,5,5,0,0.26,0.412698,0.34,3,2,2,0.6,3,2,2,0.6,2,3,3,0.4,2,3,3,0.4,2,3,3,0.4,2,3,3,0.4,2,3,3,0.4,1,4,4,0.2,0,5,5,0.0,0,5,5,0.0
93,125,82,43,0.60412,0.753211,0.115942,41,41,84,0.396135,32,50,93,0.309179,20,62,105,0.193237,13,69,112,0.125604,9,73,116,0.086957,3,79,122,0.028986,2,80,123,0.019324,0,82,125,0.0,0,82,125,0.0,0,82,125,0.0
94,28,21,7,0.264744,0.418653,0.616327,21,0,7,0.857143,21,0,7,0.857143,21,0,7,0.857143,21,0,7,0.857143,20,1,8,0.816327,19,2,9,0.77551,15,6,13,0.612245,9,12,19,0.367347,4,17,24,0.163265,0,21,28,0.0
95,54,41,13,0.600837,0.750654,0.429474,31,10,23,0.652632,28,13,26,0.589474,26,15,28,0.547368,25,16,29,0.526316,25,16,29,0.526316,24,17,30,0.505263,21,20,33,0.442105,17,24,37,0.357895,7,34,47,0.147368,0,41,54,0.0
96,39,36,3,0.487198,0.655189,0.432,22,14,17,0.586667,21,15,18,0.56,21,15,18,0.56,18,18,21,0.48,18,18,21,0.48,17,19,22,0.453333,16,20,23,0.426667,14,22,25,0.373333,12,24,27,0.32,3,33,36,0.08
97,20,17,3,0.731557,0.84497,0.362162,10,7,10,0.540541,10,7,10,0.540541,9,8,11,0.486486,8,9,12,0.432432,8,9,12,0.432432,8,9,12,0.432432,8,9,12,0.432432,5,12,15,0.27027,1,16,19,0.054054,0,17,20,0.0
98,52,47,5,0.482471,0.650901,0.426263,32,15,20,0.646465,30,17,22,0.606061,29,18,23,0.585859,29,18,23,0.585859,28,19,24,0.565657,25,22,27,0.505051,22,25,30,0.444444,12,35,40,0.242424,4,43,48,0.080808,0,47,52,0.0
99,5,7,2,0.822152,0.902396,0.316667,2,5,3,0.333333,2,5,3,0.333333,2,5,3,0.333333,2,5,3,0.333333,2,5,3,0.333333,2,5,3,0.333333,2,5,3,0.333333,2,5,3,0.333333,2,5,3,0.333333,1,6,4,0.166667
100,39,55,16,0.426107,0.597581,0.26383,21,34,18,0.446809,21,34,18,0.446809,18,37,21,0.382979,15,40,24,0.319149,14,41,25,0.297872,12,43,27,0.255319,11,44,28,0.234043,7,48,32,0.148936,5,50,34,0.106383,0,55,39,0.0
